"feature","endpoint","n","events","HR","log2HR","lower95","upper95","p","c_index","cancer","p_adj_endpoint","class","feature_label","direction"
"MDR_injury","OS",77,27,1.56884476690674,0.649702608460698,1.07598723262102,2.2874564195852,0.0192518501972681,0.572153734590283,"ACC",0.117021050218689,"MDRi","MDR injury","Adverse"
"MDR_resolution","OS",77,27,1.05246668853545,0.0737745714909627,0.721430878476612,1.53540160744961,0.790709011328002,0.534445250181291,"ACC",0.932743195280587,"MDRi","MDR resolution","Adverse"
"MDR_apc_ifn","OS",77,27,0.930237319903975,-0.104329274826647,0.634253580565913,1.36434621397018,0.711325627122249,0.543872371283539,"ACC",0.896385952877631,"MDRi","MDR APC/IFN","Protective"
"MDR_axis","OS",77,27,1.54873011760813,0.631085761357145,1.01981100961899,2.35197007539919,0.0401708374601257,0.626540971718637,"ACC",0.175057518356209,"MDRi","MDR axis","Adverse"
"Macrophage_TIMER","OS",77,27,1.01270210148505,0.0182098504312414,0.675513366506232,1.51820170732738,0.951281117490284,0.478607686729514,"ACC",0.984631540641029,"Benchmark infiltration","Macrophage
TIMER","Adverse"
"Macrophage/Monocyte_MCPCOUNTER","OS",77,27,0.980075484687763,-0.0290352260770277,0.638133003665362,1.50524726063168,0.926753599556328,0.586656997824511,"ACC",0.980326773639811,"Benchmark infiltration","Mac/Mono
MCPcounter","Protective"
"Monocyte_MCPCOUNTER","OS",77,27,0.980075484687763,-0.0290352260770277,0.638133003665362,1.50524726063168,0.926753599556328,0.586656997824511,"ACC",0.980326773639811,"Benchmark infiltration","Monocyte
MCPcounter","Protective"
"Myeloid dendritic cell_MCPCOUNTER","OS",77,27,0.577121356138387,-0.793053376553894,0.289501635178633,1.15049111727986,0.118360806472442,0.630166787527194,"ACC",0.347790047454569,"Benchmark infiltration","myDC
MCPcounter","Protective"
"Macrophage_XCELL","OS",77,27,0.86327443778034,-0.212108825072552,0.553830600827099,1.34561498373691,0.51621463000869,0.582306018854242,"ACC",0.760960376248845,"Benchmark infiltration","Macrophage
xCell","Protective"
"Macrophage M1_XCELL","OS",77,27,0.856864746756783,-0.222860597180495,0.567925768421235,1.29280486123319,0.461646588327566,0.563451776649746,"ACC",0.712312808492496,"Benchmark infiltration","M1 macrophage
xCell","Protective"
"Macrophage M2_XCELL","OS",77,27,0.535436172004077,-0.901213489699955,0.309106897984697,0.927484621532363,0.0258457315952992,0.605511240029007,"ACC",0.136960287086201,"Benchmark infiltration","M2 macrophage
xCell","Protective"
"Monocyte_XCELL","OS",77,27,0.92079148667367,-0.119053600025446,0.588171793859099,1.44151244718447,0.718209449845002,0.60188542422045,"ACC",0.898575343485928,"Benchmark infiltration","Monocyte
xCell","Protective"
"Myeloid dendritic cell_XCELL","OS",77,27,0.7686019107229,-0.379691531982579,0.475340356773677,1.24279137832213,0.28307899012532,0.61276287164612,"ACC",0.549801070305693,"Benchmark infiltration","myDC
xCell","Protective"
"immune score_XCELL","OS",77,27,0.756082262958826,-0.403384884374605,0.471819802615459,1.21160745096333,0.245174070862428,0.594633792603336,"ACC",0.510670977336574,"Benchmark infiltration","Immune score
xCell","Protective"
"stroma score_XCELL","OS",77,27,0.671817100080716,-0.573859577243391,0.393764120836842,1.14621468050889,0.144479768056396,0.650108774474257,"ACC",0.394614344471215,"Benchmark infiltration","Stroma score
xCell","Protective"
"microenvironment score_XCELL","OS",77,27,0.648945354603949,-0.623831095801738,0.37212720204239,1.1316831205854,0.127515083460956,0.658448150833938,"ACC",0.364328809888445,"Benchmark infiltration","Microenv score
xCell","Protective"
"Macrophage_EPIC","OS",77,27,0.761254386026823,-0.393549459643869,0.411363707538725,1.40874906955792,0.385030749563003,0.477157360406091,"ACC",0.644368011857477,"Benchmark infiltration","Macrophage
EPIC","Protective"
"Macrophage M1_QUANTISEQ","OS",77,27,1.35317151501674,0.436344713062879,1.038081038969,1.76390193088517,0.0253318756621947,0.531907179115301,"ACC",0.135394507849661,"Benchmark infiltration","M1 macrophage
quanTIseq","Adverse"
"Macrophage M2_QUANTISEQ","OS",77,27,0.599176007334126,-0.738948239436972,0.344460741899665,1.04224326344114,0.0697590268287853,0.632342277012328,"ACC",0.246440484547489,"Benchmark infiltration","M2 macrophage
quanTIseq","Protective"
"Monocyte_QUANTISEQ","OS",77,27,0.667273124283999,-0.583650697200111,0.421242084227953,1.05700128041049,0.0847513818702865,0.596446700507614,"ACC",0.283797484408185,"Benchmark infiltration","Monocyte
quanTIseq","Protective"
"Macrophage M0_CIBERSORT","OS",77,27,1.76613954965787,0.820599340520528,1.37394273767921,2.27029032820871,9.01515138786789e-06,0.649383611312545,"ACC",0.000607034011991047,"Benchmark infiltration","M0 macrophage
CIBERSORT","Adverse"
"Macrophage M1_CIBERSORT","OS",77,27,1.40265458392346,0.488159776302989,1.02978388201229,1.91053668266486,0.0318640743964482,0.539158810732415,"ACC",0.154267343874124,"Benchmark infiltration","M1 macrophage
CIBERSORT","Adverse"
"Macrophage M2_CIBERSORT","OS",77,27,0.630913687310762,-0.664485445315151,0.431606833457451,0.922256206296379,0.017417375544685,0.640319071791153,"ACC",0.108240794935764,"Benchmark infiltration","M2 macrophage
CIBERSORT","Protective"
"MDR_injury","DSS",75,25,1.4697956764872,0.555615612880099,0.981774445324649,2.20040289387051,0.0613974742733231,0.561111111111111,"ACC",0.243472742808005,"MDRi","MDR injury","Adverse"
"MDR_resolution","DSS",75,25,1.00850214398223,0.0122141509902844,0.678525182941021,1.49895184436384,0.966601569161847,0.51984126984127,"ACC",0.991383407402811,"MDRi","MDR resolution","Adverse"
"MDR_apc_ifn","DSS",75,25,0.84326918980605,-0.245934850664992,0.574164537943229,1.23850025468912,0.384711289381834,0.565079365079365,"ACC",0.628319559736457,"MDRi","MDR APC/IFN","Protective"
"MDR_axis","DSS",75,25,1.48426995365699,0.569753507985133,0.969867342165735,2.27150374030478,0.0689057503720764,0.617460317460317,"ACC",0.267496023402686,"MDRi","MDR axis","Adverse"
"Macrophage_TIMER","DSS",75,25,0.988805941114858,-0.0162406833691919,0.640990711471665,1.5253531317782,0.959406338384345,0.538095238095238,"ACC",0.986871162123105,"Benchmark infiltration","Macrophage
TIMER","Protective"
"Macrophage/Monocyte_MCPCOUNTER","DSS",75,25,0.89874804562865,-0.154011366542571,0.542073798066507,1.49010716327266,0.679000852622002,0.607142857142857,"ACC",0.839624710231508,"Benchmark infiltration","Mac/Mono
MCPcounter","Protective"
"Monocyte_MCPCOUNTER","DSS",75,25,0.89874804562865,-0.154011366542571,0.542073798066507,1.49010716327266,0.679000852622002,0.607142857142857,"ACC",0.839624710231508,"Benchmark infiltration","Monocyte
MCPcounter","Protective"
"Myeloid dendritic cell_MCPCOUNTER","DSS",75,25,0.590447172881851,-0.76012010695108,0.293822673539166,1.18652471494069,0.13896553725677,0.629365079365079,"ACC",0.396454921998475,"Benchmark infiltration","myDC
MCPcounter","Protective"
"Macrophage_XCELL","DSS",75,25,0.801575030572466,-0.319090526262353,0.488895615612807,1.31423254600449,0.380614497656173,0.601587301587302,"ACC",0.628319559736457,"Benchmark infiltration","Macrophage
xCell","Protective"
"Macrophage M1_XCELL","DSS",75,25,0.830043079506221,-0.268741880142086,0.535750979764686,1.2859920744126,0.404325327922914,0.575396825396825,"ACC",0.640460230180925,"Benchmark infiltration","M1 macrophage
xCell","Protective"
"Macrophage M2_XCELL","DSS",75,25,0.560226746321429,-0.835917232745617,0.322425261953504,0.973416305510064,0.0398259595944669,0.6,"ACC",0.186178266396898,"Benchmark infiltration","M2 macrophage
xCell","Protective"
"Monocyte_XCELL","DSS",75,25,0.834127016606216,-0.261661008249451,0.49683863581497,1.40039004553482,0.492655571678589,0.630952380952381,"ACC",0.702073131240254,"Benchmark infiltration","Monocyte
xCell","Protective"
"Myeloid dendritic cell_XCELL","DSS",75,25,0.690801905968756,-0.533656031522727,0.391823769443754,1.21791302750092,0.201052614354141,0.63968253968254,"ACC",0.466150214732383,"Benchmark infiltration","myDC
xCell","Protective"
"immune score_XCELL","DSS",75,25,0.675320713732547,-0.566355285721661,0.396385938052663,1.15054047738607,0.148709417319581,0.619047619047619,"ACC",0.406676964610111,"Benchmark infiltration","Immune score
xCell","Protective"
"stroma score_XCELL","DSS",75,25,0.676617813838897,-0.563586934310705,0.388274147638426,1.1790938665081,0.168023713433617,0.643253968253968,"ACC",0.433245001005964,"Benchmark infiltration","Stroma score
xCell","Protective"
"microenvironment score_XCELL","DSS",75,25,0.592726639426,-0.754561195633709,0.32047515057684,1.09626243548953,0.095508493040062,0.68015873015873,"ACC",0.318014900801065,"Benchmark infiltration","Microenv score
xCell","Protective"
"Macrophage_EPIC","DSS",75,25,0.742540258625682,-0.429458847633761,0.379875075354987,1.45144041146857,0.384027809184944,0.488095238095238,"ACC",0.628319559736457,"Benchmark infiltration","Macrophage
EPIC","Protective"
"Macrophage M1_QUANTISEQ","DSS",75,25,1.25163721790488,0.323816463410625,0.948807143272955,1.65112134362799,0.112254280455328,0.513888888888889,"ACC",0.348898439253047,"Benchmark infiltration","M1 macrophage
quanTIseq","Adverse"
"Macrophage M2_QUANTISEQ","DSS",75,25,0.594679872584256,-0.749814847514051,0.333959978446887,1.05894171062498,0.0774917204245381,0.641269841269841,"ACC",0.285626533616086,"Benchmark infiltration","M2 macrophage
quanTIseq","Protective"
"Monocyte_QUANTISEQ","DSS",75,25,0.711530647499436,-0.491002196121254,0.447693227935263,1.13085441266531,0.149940028691032,0.580952380952381,"ACC",0.406676964610111,"Benchmark infiltration","Monocyte
quanTIseq","Protective"
"Macrophage M0_CIBERSORT","DSS",75,25,1.81085863290248,0.856673924768957,1.39957233531006,2.34300786434947,6.26137186661319e-06,0.661904761904762,"ACC",0.000450036102912823,"Benchmark infiltration","M0 macrophage
CIBERSORT","Adverse"
"Macrophage M1_CIBERSORT","DSS",75,25,1.27394400232066,0.349301863661861,0.900028495245697,1.80320215373374,0.172002280212174,0.519444444444444,"ACC",0.43377768035965,"Benchmark infiltration","M1 macrophage
CIBERSORT","Adverse"
"Macrophage M2_CIBERSORT","DSS",75,25,0.608069178569551,-0.717692629932637,0.409392967151476,0.903161889904772,0.0137177441203069,0.644444444444444,"ACC",0.0998443401161579,"Benchmark infiltration","M2 macrophage
CIBERSORT","Protective"
"MDR_injury","PFI",77,40,1.28351725715007,0.360102693371413,0.944624396872126,1.74399110890743,0.110542572566462,0.528551203397829,"ACC",0.435092375413065,"MDRi","MDR injury","Adverse"
"MDR_resolution","PFI",77,40,0.97301932051095,-0.0394596430889911,0.711471781685923,1.33071559892946,0.864040465043322,0.51864086833412,"ACC",0.95965440339501,"MDRi","MDR resolution","Protective"
"MDR_apc_ifn","PFI",77,40,0.749053413502181,-0.416859496834614,0.541760225637445,1.03566299209044,0.0804678355925421,0.605474280320906,"ACC",0.358734194794193,"MDRi","MDR APC/IFN","Protective"
"MDR_axis","PFI",77,40,1.4260387258766,0.512013160513578,1.01939944852197,1.9948867449833,0.0382518011988263,0.617272298253893,"ACC",0.244032324314734,"MDRi","MDR axis","Adverse"
"Macrophage_TIMER","PFI",77,40,0.931257166561438,-0.102748472011387,0.658223120240064,1.31754701955128,0.687476852198976,0.562057574327513,"ACC",0.899732978945623,"Benchmark infiltration","Macrophage
TIMER","Protective"
"Macrophage/Monocyte_MCPCOUNTER","PFI",77,40,0.829949345284041,-0.268904808473113,0.54811957108909,1.2566891460722,0.378556161352081,0.637092968381312,"ACC",0.74098066810109,"Benchmark infiltration","Mac/Mono
MCPcounter","Protective"
"Monocyte_MCPCOUNTER","PFI",77,40,0.829949345284041,-0.268904808473113,0.54811957108909,1.2566891460722,0.378556161352081,0.637092968381312,"ACC",0.74098066810109,"Benchmark infiltration","Monocyte
MCPcounter","Protective"
"Myeloid dendritic cell_MCPCOUNTER","PFI",77,40,0.500106157144754,-0.999693727739256,0.266443848221566,0.938682465680772,0.0310109168056018,0.669183577159037,"ACC",0.220273419371749,"Benchmark infiltration","myDC
MCPcounter","Protective"
"Macrophage_XCELL","PFI",77,40,0.765415445458533,-0.38568508117962,0.51060026296631,1.14739620528778,0.195565012793856,0.640160453043889,"ACC",0.563710328935819,"Benchmark infiltration","Macrophage
xCell","Protective"
"Macrophage M1_XCELL","PFI",77,40,0.838584075102333,-0.253972661541883,0.588724785472516,1.19448555312789,0.329390924278737,0.607597923548844,"ACC",0.713119269770033,"Benchmark infiltration","M1 macrophage
xCell","Protective"
"Macrophage M2_XCELL","PFI",77,40,0.602536911172547,-0.730878471910789,0.396868364684683,0.91478878548005,0.017405704926342,0.660924964605946,"ACC",0.164053712039025,"Benchmark infiltration","M2 macrophage
xCell","Protective"
"Monocyte_XCELL","PFI",77,40,0.875437794760188,-0.191923424942775,0.593925045708939,1.29038392644273,0.501551158084085,0.622699386503067,"ACC",0.824816496430961,"Benchmark infiltration","Monocyte
xCell","Protective"
"Myeloid dendritic cell_XCELL","PFI",77,40,0.605601472782332,-0.723559381021474,0.368437968310001,0.995427114958863,0.0479241095607811,0.675318546484191,"ACC",0.282135495128764,"Benchmark infiltration","myDC
xCell","Protective"
"immune score_XCELL","PFI",77,40,0.680700134879679,-0.554908699288136,0.45295353536795,1.02295850996905,0.0642064800474235,0.631901840490798,"ACC",0.323352869739297,"Benchmark infiltration","Immune score
xCell","Protective"
"stroma score_XCELL","PFI",77,40,0.62755953181257,-0.672175771796937,0.407004211644896,0.967633637934986,0.0349542730889979,0.634497404436055,"ACC",0.23382033163417,"Benchmark infiltration","Stroma score
xCell","Protective"
"microenvironment score_XCELL","PFI",77,40,0.574157796026009,-0.800480807013326,0.358062953266281,0.920668200187377,0.0212762347045577,0.668239735724398,"ACC",0.180979329770867,"Benchmark infiltration","Microenv score
xCell","Protective"
"Macrophage_EPIC","PFI",77,40,0.794551428556606,-0.331787491647983,0.501322920887784,1.25929205770876,0.327696352213512,0.531854648419066,"ACC",0.713119269770033,"Benchmark infiltration","Macrophage
EPIC","Protective"
"Macrophage M1_QUANTISEQ","PFI",77,40,1.09925180166931,0.136521897123904,0.832179294942429,1.45203627489533,0.505185140049151,0.495988673902784,"ACC",0.824816496430961,"Benchmark infiltration","M1 macrophage
quanTIseq","Adverse"
"Macrophage M2_QUANTISEQ","PFI",77,40,0.641581998677719,-0.64029443124714,0.419146355311242,0.982061410796805,0.041022606125899,0.650070788107598,"ACC",0.256950687461313,"Benchmark infiltration","M2 macrophage
quanTIseq","Protective"
"Monocyte_QUANTISEQ","PFI",77,40,0.849453392914953,-0.235393301868757,0.603678385673073,1.19529054519686,0.349122697712185,0.560405851816895,"ACC",0.737869750686182,"Benchmark infiltration","Monocyte
quanTIseq","Protective"
"Macrophage M0_CIBERSORT","PFI",77,40,2.08674728207507,1.06125589183772,1.61132569025825,2.70244199889211,2.45611876963666e-08,0.667295894289759,"ACC",1.30432244579795e-05,"Benchmark infiltration","M0 macrophage
CIBERSORT","Adverse"
"Macrophage M1_CIBERSORT","PFI",77,40,0.879529474281554,-0.185196169620676,0.600210073598678,1.28883557633727,0.510251598972867,0.59249646059462,"ACC",0.825932648892143,"Benchmark infiltration","M1 macrophage
CIBERSORT","Protective"
"Macrophage M2_CIBERSORT","PFI",77,40,0.523066154073643,-0.934934674001392,0.378269710109111,0.723288685891536,8.89175356685099e-05,0.674374705049552,"ACC",0.00611770353558368,"Benchmark infiltration","M2 macrophage
CIBERSORT","Protective"
"MDR_injury","OS",424,188,1.21914536571695,0.285870157045491,1.04430887461904,1.42325269742758,0.012110245734436,0.556153927700625,"BLCA",0.089385147087504,"MDRi","MDR injury","Adverse"
"MDR_resolution","OS",424,188,1.16235891219781,0.217055611682727,1.00067267456787,1.35017001573378,0.0489802618677344,0.533531220184459,"BLCA",0.198482106915002,"MDRi","MDR resolution","Adverse"
"MDR_apc_ifn","OS",424,188,0.935145500731972,-0.0967372412739802,0.813392145232164,1.07512361984962,0.346107107286503,0.534633732640729,"BLCA",0.603279588858592,"MDRi","MDR APC/IFN","Protective"
"MDR_axis","OS",424,188,0.989248942886378,-0.0155944763556933,0.850767417303896,1.15027145033724,0.888278785834091,0.487077281882752,"BLCA",0.970535358578482,"MDRi","MDR axis","Protective"
"Macrophage_TIMER","OS",424,188,1.24333729197092,0.31421772313554,1.10094765599767,1.40414270668,0.00044859439441142,0.568758613378565,"BLCA",0.0106972509436569,"Benchmark infiltration","Macrophage
TIMER","Adverse"
"Macrophage/Monocyte_MCPCOUNTER","OS",424,188,1.14760903386531,0.198631230017214,0.997892737727733,1.31978763329632,0.0535588552934902,0.530605321742818,"BLCA",0.208458317049711,"Benchmark infiltration","Mac/Mono
MCPcounter","Adverse"
"Monocyte_MCPCOUNTER","OS",424,188,1.14760903386531,0.198631230017214,0.997892737727733,1.31978763329632,0.0535588552934902,0.530605321742818,"BLCA",0.208458317049711,"Benchmark infiltration","Monocyte
MCPcounter","Adverse"
"Myeloid dendritic cell_MCPCOUNTER","OS",424,188,1.01387911456145,0.0198856491664417,0.885817123215053,1.16045494267822,0.841423635084967,0.492823067952931,"BLCA",0.950241627964808,"Benchmark infiltration","myDC
MCPcounter","Adverse"
"Macrophage_XCELL","OS",424,188,0.932947068378737,-0.100132864135899,0.80548645768423,1.08057711472748,0.354433492559771,0.496819675606912,"BLCA",0.610413237186272,"Benchmark infiltration","Macrophage
xCell","Protective"
"Macrophage M1_XCELL","OS",424,188,0.92001269772555,-0.120274321957642,0.793547694285405,1.06663199965372,0.26916744179516,0.5007208735291,"BLCA",0.536603903257233,"Benchmark infiltration","M1 macrophage
xCell","Protective"
"Macrophage M2_XCELL","OS",424,188,1.15901201351909,0.212895520403564,1.00763468452111,1.3331308142891,0.0387840862143585,0.532630128273084,"BLCA",0.172993765848218,"Benchmark infiltration","M2 macrophage
xCell","Adverse"
"Monocyte_XCELL","OS",424,188,1.07695059402526,0.106952066604792,0.932963866360595,1.2431591659554,0.311356734462229,0.512138238100286,"BLCA",0.56280226054397,"Benchmark infiltration","Monocyte
xCell","Adverse"
"Myeloid dendritic cell_XCELL","OS",424,188,0.898704724829128,-0.154080907955482,0.767832013326759,1.05188396473707,0.183506781055651,0.536764549984098,"BLCA",0.449369016471853,"Benchmark infiltration","myDC
xCell","Protective"
"immune score_XCELL","OS",424,188,0.887715821787074,-0.171830184206036,0.758726514968111,1.03863429668623,0.137074549215202,0.527403795187109,"BLCA",0.382820813123538,"Benchmark infiltration","Immune score
xCell","Protective"
"stroma score_XCELL","OS",424,188,1.25560200551186,0.328379238380948,1.11289152346244,1.41661281715981,0.000217725949168225,0.55883600127213,"BLCA",0.00745877678968832,"Benchmark infiltration","Stroma score
xCell","Adverse"
"microenvironment score_XCELL","OS",424,188,0.999175915330951,-0.00118939301292193,0.874876460433246,1.14113541160206,0.990295509835734,0.495621753418849,"BLCA",0.997350514794122,"Benchmark infiltration","Microenv score
xCell","Protective"
"Macrophage_EPIC","OS",424,188,1.0171396832483,0.024517817338619,0.86757148352216,1.19249324682537,0.834120928463872,0.506286441217004,"BLCA",0.94371345921095,"Benchmark infiltration","Macrophage
EPIC","Adverse"
"Macrophage M1_QUANTISEQ","OS",424,188,0.935996877577143,-0.0954243778046274,0.805830398843346,1.08718925978924,0.386620807114486,0.469627902046009,"BLCA",0.644368011857477,"Benchmark infiltration","M1 macrophage
quanTIseq","Protective"
"Macrophage M2_QUANTISEQ","OS",424,188,1.17404988308989,0.231493707048937,1.01112800049378,1.36322317976582,0.0352780824015648,0.510261846708364,"BLCA",0.162017859918298,"Benchmark infiltration","M2 macrophage
quanTIseq","Adverse"
"Monocyte_QUANTISEQ","OS",424,188,0.965996231954588,-0.0499105333118549,0.83781947614878,1.11378255903036,0.633856365414538,0.481087670942436,"BLCA",0.862095496188368,"Benchmark infiltration","Monocyte
quanTIseq","Protective"
"Macrophage M0_CIBERSORT","OS",424,188,1.23279741548063,0.301935742405646,1.07928290267552,1.40814745035635,0.00203956126758194,0.543167603095516,"BLCA",0.0268204766282485,"Benchmark infiltration","M0 macrophage
CIBERSORT","Adverse"
"Macrophage M1_CIBERSORT","OS",424,188,0.974402388656566,-0.0374104250064596,0.84495358787899,1.12368303850033,0.721428142353961,0.507738789356514,"BLCA",0.899959051053648,"Benchmark infiltration","M1 macrophage
CIBERSORT","Protective"
"Macrophage M2_CIBERSORT","OS",424,188,1.20386551676821,0.267674238336797,1.04348000915862,1.38890268116606,0.0109777187314588,0.55524223470794,"BLCA",0.0850773201688055,"Benchmark infiltration","M2 macrophage
CIBERSORT","Adverse"
"MDR_injury","DSS",409,127,1.21129383985422,0.276548881446931,1.00542629456175,1.45931409831321,0.0437055608050464,0.564780402675888,"BLCA",0.199449979864299,"MDRi","MDR injury","Adverse"
"MDR_resolution","DSS",409,127,1.13720357175116,0.185490535379919,0.948652752856726,1.36323007518739,0.164510061348643,0.539960572665869,"BLCA",0.428351472847752,"MDRi","MDR resolution","Adverse"
"MDR_apc_ifn","DSS",409,127,0.912010745036647,-0.132877272997603,0.770514834555085,1.07949070123041,0.284285195352652,0.536470284070711,"BLCA",0.554115211280593,"MDRi","MDR APC/IFN","Protective"
"MDR_axis","DSS",409,127,1.01845223974793,0.026378326799241,0.846841909433205,1.22483896119621,0.846013813229387,0.514914520246906,"BLCA",0.941529568215797,"MDRi","MDR axis","Adverse"
"Macrophage_TIMER","DSS",409,127,1.29390942690155,0.371736632837943,1.12573751904642,1.48720423428977,0.000286463257007418,0.584348641049672,"BLCA",0.0102947732987041,"Benchmark infiltration","Macrophage
TIMER","Adverse"
"Macrophage/Monocyte_MCPCOUNTER","DSS",409,127,1.21163201655013,0.276951605982649,1.03423096369976,1.41946257176216,0.017469730061852,0.545551497915522,"BLCA",0.120874148200042,"Benchmark infiltration","Mac/Mono
MCPcounter","Adverse"
"Monocyte_MCPCOUNTER","DSS",409,127,1.21163201655013,0.276951605982649,1.03423096369976,1.41946257176216,0.017469730061852,0.545551497915522,"BLCA",0.120874148200042,"Benchmark infiltration","Monocyte
MCPcounter","Adverse"
"Myeloid dendritic cell_MCPCOUNTER","DSS",409,127,1.02786742627865,0.0396541985937159,0.873783020195107,1.20912334250759,0.740112270396634,0.499240539055683,"BLCA",0.885816296643038,"Benchmark infiltration","myDC
MCPcounter","Adverse"
"Macrophage_XCELL","DSS",409,127,0.932140958186205,-0.101379959429021,0.779450258228474,1.11474305993957,0.441366863944384,0.470235594480173,"BLCA",0.669619912316677,"Benchmark infiltration","Macrophage
xCell","Protective"
"Macrophage M1_XCELL","DSS",409,127,0.905351484507808,-0.143450096602177,0.754238555540787,1.0867401361003,0.28588905814544,0.480334809165239,"BLCA",0.554827246274338,"Benchmark infiltration","M1 macrophage
xCell","Protective"
"Macrophage M2_XCELL","DSS",409,127,1.15175606049854,0.203835189370979,0.978244078370021,1.35604401010578,0.089898000363731,0.550625343373299,"BLCA",0.305865977568907,"Benchmark infiltration","M2 macrophage
xCell","Adverse"
"Monocyte_XCELL","DSS",409,127,1.0386180094061,0.0546651467675133,0.872191679933713,1.23680080225563,0.670652048318886,0.518259380150599,"BLCA",0.834685990873072,"Benchmark infiltration","Monocyte
xCell","Adverse"
"Myeloid dendritic cell_XCELL","DSS",409,127,0.835959162154128,-0.258495628653905,0.681209386406938,1.0258633171152,0.0862558380778483,0.55070613709078,"BLCA",0.302421383504651,"Benchmark infiltration","myDC
xCell","Protective"
"immune score_XCELL","DSS",409,127,0.827177755141016,-0.273730706356446,0.667939039972231,1.02437946826491,0.0820040013845705,0.528681769705588,"BLCA",0.292871433516323,"Benchmark infiltration","Immune score
xCell","Protective"
"stroma score_XCELL","DSS",409,127,1.18099668511048,0.240004915301212,1.02346769712622,1.36277204855438,0.02275418185868,0.564651132727919,"BLCA",0.136281663647304,"Benchmark infiltration","Stroma score
xCell","Adverse"
"microenvironment score_XCELL","DSS",409,127,0.936626326268572,-0.0944545056616856,0.78616592860405,1.11588259315317,0.463697271248541,0.493908153701968,"BLCA",0.692534885630938,"Benchmark infiltration","Microenv score
xCell","Protective"
"Macrophage_EPIC","DSS",409,127,1.04652032820322,0.0656003355908829,0.870826412302205,1.25766143730893,0.627730357734505,0.514849885272921,"BLCA",0.812939089408424,"Benchmark infiltration","Macrophage
EPIC","Adverse"
"Macrophage M1_QUANTISEQ","DSS",409,127,0.873629766791223,-0.19490608149766,0.714805173193375,1.06774404837332,0.186943526721334,0.478654299841644,"BLCA",0.4554768129863,"Benchmark infiltration","M1 macrophage
quanTIseq","Protective"
"Macrophage M2_QUANTISEQ","DSS",409,127,1.15691007943168,0.210276735664591,0.961969494640105,1.39135486036525,0.121589702491589,0.499838412565039,"BLCA",0.360381850168368,"Benchmark infiltration","M2 macrophage
quanTIseq","Adverse"
"Monocyte_QUANTISEQ","DSS",409,127,1.0023404096823,0.00337255240279561,0.868288745454134,1.15708778000643,0.974541135859152,0.530717771386097,"BLCA",0.992161402126961,"Benchmark infiltration","Monocyte
quanTIseq","Adverse"
"Macrophage M0_CIBERSORT","DSS",409,127,1.2891215768459,0.366388330450161,1.10834546423582,1.49938308362679,0.000986444075275845,0.554018679507482,"BLCA",0.0245273211030542,"Benchmark infiltration","M0 macrophage
CIBERSORT","Adverse"
"Macrophage M1_CIBERSORT","DSS",409,127,0.98355879228806,-0.0239168026201251,0.828285137814745,1.16794066888535,0.850010498638723,0.494829202081246,"BLCA",0.941529568215797,"Benchmark infiltration","M1 macrophage
CIBERSORT","Protective"
"Macrophage M2_CIBERSORT","DSS",409,127,1.31612573130595,0.396297318303394,1.10569896822627,1.56659903860122,0.00199909927173014,0.584881879585043,"BLCA",0.0338082965072009,"Benchmark infiltration","M2 macrophage
CIBERSORT","Adverse"
"MDR_injury","PFI",425,181,1.08582526103818,0.118791952758227,0.931579666261933,1.26560995286593,0.292191970474489,0.541139240506329,"BLCA",0.687288591681382,"MDRi","MDR injury","Adverse"
"MDR_resolution","PFI",425,181,1.04085658343261,0.0577712976244482,0.896611569327877,1.20830743695081,0.598804591831574,0.525749956649905,"BLCA",0.862335026625775,"MDRi","MDR resolution","Adverse"
"MDR_apc_ifn","PFI",425,181,0.909867131396409,-0.136272212071684,0.790879247982737,1.04675675699813,0.186526951188175,0.530648517426738,"BLCA",0.563710328935819,"MDRi","MDR APC/IFN","Protective"
"MDR_axis","PFI",425,181,1.02994989031415,0.042574148327065,0.885017145362525,1.19861720432952,0.702924489776042,0.501257152765736,"BLCA",0.907171577579366,"MDRi","MDR axis","Adverse"
"Macrophage_TIMER","PFI",425,181,1.21920921063279,0.285945706962945,1.07912497642973,1.37747817144387,0.00145847091096198,0.584131697589735,"BLCA",0.0386494791404925,"Benchmark infiltration","Macrophage
TIMER","Adverse"
"Macrophage/Monocyte_MCPCOUNTER","PFI",425,181,1.11756363135339,0.160356977291792,0.971248081204658,1.28592117121578,0.120545369850346,0.528827813421189,"BLCA",0.454737416668129,"Benchmark infiltration","Mac/Mono
MCPcounter","Adverse"
"Monocyte_MCPCOUNTER","PFI",425,181,1.11756363135339,0.160356977291792,0.971248081204658,1.28592117121578,0.120545369850346,0.528827813421189,"BLCA",0.454737416668129,"Benchmark infiltration","Monocyte
MCPcounter","Adverse"
"Myeloid dendritic cell_MCPCOUNTER","PFI",425,181,0.968305723225155,-0.04646547327108,0.836480193427931,1.12090636574215,0.666216678545485,0.50314288191434,"BLCA",0.891751084562991,"Benchmark infiltration","myDC
MCPcounter","Protective"
"Macrophage_XCELL","PFI",425,181,0.955231206833042,-0.066078125529364,0.825198060862232,1.10575472942131,0.539561299413449,0.471822438009364,"BLCA",0.830224444645301,"Benchmark infiltration","Macrophage
xCell","Protective"
"Macrophage M1_XCELL","PFI",425,181,0.932781247451721,-0.100389309865626,0.803688957632823,1.08260894632709,0.359887485281132,0.482313161088954,"BLCA",0.740154708224617,"Benchmark infiltration","M1 macrophage
xCell","Protective"
"Macrophage M2_XCELL","PFI",425,181,1.14296450438926,0.19278060028314,0.988088839376351,1.32211579185361,0.0720707901988831,0.542580631177389,"BLCA",0.333473415753998,"Benchmark infiltration","M2 macrophage
xCell","Adverse"
"Monocyte_XCELL","PFI",425,181,0.978095914620328,-0.0319521483579698,0.83619688801842,1.14407459762742,0.781827157089832,0.497778307612277,"BLCA",0.929702056042286,"Benchmark infiltration","Monocyte
xCell","Protective"
"Myeloid dendritic cell_XCELL","PFI",425,181,0.846810174659912,-0.239889491055309,0.715324371336017,1.00246475674838,0.0534372604067923,0.541843679556095,"BLCA",0.294546179362239,"Benchmark infiltration","myDC
xCell","Protective"
"immune score_XCELL","PFI",425,181,0.850341227919845,-0.23388620770636,0.719369337459435,1.00515849960175,0.0574760819052672,0.52382087740593,"BLCA",0.30241304927741,"Benchmark infiltration","Immune score
xCell","Protective"
"stroma score_XCELL","PFI",425,181,1.07756126711119,0.107769899239793,0.932459890198628,1.24524207055269,0.311389312651479,0.530301716663777,"BLCA",0.696113241259891,"Benchmark infiltration","Stroma score
xCell","Adverse"
"microenvironment score_XCELL","PFI",425,181,0.90529714152636,-0.143536695789604,0.777101447551366,1.05464082847642,0.201572754243773,0.502774406103693,"BLCA",0.566871949689632,"Benchmark infiltration","Microenv score
xCell","Protective"
"Macrophage_EPIC","PFI",425,181,1.01293364920937,0.0185396755293111,0.867912056196976,1.18218726237828,0.870513791178347,0.515996185191607,"BLCA",0.95965440339501,"Benchmark infiltration","Macrophage
EPIC","Adverse"
"Macrophage M1_QUANTISEQ","PFI",425,181,0.90387177148427,-0.145809976854568,0.767237758341247,1.0648383377956,0.226791187677789,0.498081758279868,"BLCA",0.6002068666097,"Benchmark infiltration","M1 macrophage
quanTIseq","Protective"
"Macrophage M2_QUANTISEQ","PFI",425,181,1.03415572099823,0.0484534400017796,0.877599583492718,1.218640112632,0.688411726490877,0.491286630830588,"BLCA",0.899732978945623,"Benchmark infiltration","M2 macrophage
quanTIseq","Adverse"
"Monocyte_QUANTISEQ","PFI",425,181,1.08842517027343,0.122242224993846,0.994518312569776,1.19119913259679,0.0656857528492301,0.515627709380961,"BLCA",0.323352869739297,"Benchmark infiltration","Monocyte
quanTIseq","Adverse"
"Macrophage M0_CIBERSORT","PFI",425,181,1.29592182948305,0.373978696912022,1.13151587949552,1.48421548346229,0.000180370317895264,0.564017253337957,"BLCA",0.0103562624191531,"Benchmark infiltration","M0 macrophage
CIBERSORT","Adverse"
"Macrophage M1_CIBERSORT","PFI",425,181,1.00036488425124,0.00052632068253433,0.866734539251697,1.15459792626585,0.996021206387153,0.519117392058263,"BLCA",0.998145288522339,"Benchmark infiltration","M1 macrophage
CIBERSORT","Adverse"
"Macrophage M2_CIBERSORT","PFI",425,181,1.19601479940478,0.258235241455566,1.03410468612304,1.38327523276018,0.0158722627759695,0.560018207040055,"BLCA",0.15849259496584,"Benchmark infiltration","M2 macrophage
CIBERSORT","Adverse"
"MDR_injury","DFI",192,31,0.790719797445042,-0.338761548676358,0.545037469794275,1.14714644904602,0.216138911240034,0.511701820283155,"BLCA",0.641150404646577,"MDRi","MDR injury","Protective"
"MDR_resolution","DFI",192,31,0.719194176478658,-0.475546755902878,0.495580444840039,1.04370595907546,0.0827721923850598,0.547529615718001,"BLCA",0.59120752292481,"MDRi","MDR resolution","Protective"
"MDR_apc_ifn","DFI",192,31,0.667771114442859,-0.582574406325127,0.465180805043075,0.958591275585773,0.0285793733442136,0.603004911875181,"BLCA",0.399887303769851,"MDRi","MDR APC/IFN","Protective"
"MDR_axis","DFI",192,31,1.26288342620773,0.336721473492895,0.888085538978573,1.79585690588376,0.193853609452374,0.520080901473563,"BLCA",0.641150404646577,"MDRi","MDR axis","Adverse"
"Macrophage_TIMER","DFI",192,31,1.26873906195515,0.343395384598441,0.940136093158011,1.71219764781469,0.11962872703825,0.595203698353077,"BLCA",0.623972564892688,"Benchmark infiltration","Macrophage
TIMER","Adverse"
"Macrophage/Monocyte_MCPCOUNTER","DFI",192,31,0.875171638128077,-0.192362109721904,0.590445134840796,1.29719994456437,0.50665853307585,0.511412886449003,"BLCA",0.801918160971776,"Benchmark infiltration","Mac/Mono
MCPcounter","Protective"
"Monocyte_MCPCOUNTER","DFI",192,31,0.875171638128077,-0.192362109721904,0.590445134840796,1.29719994456437,0.50665853307585,0.511412886449003,"BLCA",0.801918160971776,"Benchmark infiltration","Monocyte
MCPcounter","Protective"
"Myeloid dendritic cell_MCPCOUNTER","DFI",192,31,0.628003223315452,-0.671156130914913,0.357209488499154,1.10408054990827,0.106090243543566,0.561398439757296,"BLCA",0.616397744132872,"Benchmark infiltration","myDC
MCPcounter","Protective"
"Macrophage_XCELL","DFI",192,31,0.676444570432979,-0.563956373897313,0.425338343757305,1.07579592478347,0.098671634401018,0.564143311181739,"BLCA",0.616397744132872,"Benchmark infiltration","Macrophage
xCell","Protective"
"Macrophage M1_XCELL","DFI",192,31,0.655407431893071,-0.609536062692549,0.413359271278782,1.03919019513406,0.0724141248742118,0.568332851776943,"BLCA",0.570932348270158,"Benchmark infiltration","M1 macrophage
xCell","Protective"
"Macrophage M2_XCELL","DFI",192,31,0.965926827642969,-0.0500141909142989,0.684880838229118,1.36230214700251,0.843351129762375,0.502022536839064,"BLCA",0.935019730823503,"Benchmark infiltration","M2 macrophage
xCell","Protective"
"Monocyte_XCELL","DFI",192,31,0.664330579492383,-0.590026770916866,0.417883824396486,1.05611917256206,0.0837884798741081,0.561542906674372,"BLCA",0.59120752292481,"Benchmark infiltration","Monocyte
xCell","Protective"
"Myeloid dendritic cell_XCELL","DFI",192,31,0.527934087902918,-0.921570273241824,0.297815374017186,0.935863039608566,0.0287500675912964,0.620629875758451,"BLCA",0.399887303769851,"Benchmark infiltration","myDC
xCell","Protective"
"immune score_XCELL","DFI",192,31,0.60427371372404,-0.726725909601057,0.328302105349083,1.11222777785596,0.105606708799283,0.619474140421843,"BLCA",0.616397744132872,"Benchmark infiltration","Immune score
xCell","Protective"
"stroma score_XCELL","DFI",192,31,0.916838976256026,-0.125259718270694,0.615603961319764,1.36547806901711,0.669224434395428,0.511701820283155,"BLCA",0.865592407643933,"Benchmark infiltration","Stroma score
xCell","Protective"
"microenvironment score_XCELL","DFI",192,31,0.658355750941088,-0.603060721526256,0.384346260191808,1.1277130537992,0.127943248237214,0.574978329962439,"BLCA",0.641150404646577,"Benchmark infiltration","Microenv score
xCell","Protective"
"Macrophage_EPIC","DFI",192,31,0.549140568906374,-0.864752597558878,0.262697409887988,1.14791906226787,0.111098472528698,0.561687373591448,"BLCA",0.623333303253342,"Benchmark infiltration","Macrophage
EPIC","Protective"
"Macrophage M1_QUANTISEQ","DFI",192,31,0.743227148982352,-0.42812489270013,0.487607760606926,1.13285029404963,0.167608898358717,0.573533660791679,"BLCA",0.641150404646577,"Benchmark infiltration","M1 macrophage
quanTIseq","Protective"
"Macrophage M2_QUANTISEQ","DFI",192,31,0.847354596307242,-0.23896226785807,0.577875407418969,1.24249933924328,0.39635164287348,0.516758162380815,"BLCA",0.733570177737611,"Benchmark infiltration","M2 macrophage
quanTIseq","Protective"
"Monocyte_QUANTISEQ","DFI",192,31,0.930444842254893,-0.10400746654163,0.568842818241124,1.52191005444278,0.773991199215263,0.514157757873447,"BLCA",0.911628350791213,"Benchmark infiltration","Monocyte
quanTIseq","Protective"
"Macrophage M0_CIBERSORT","DFI",192,31,1.09402325464301,0.129643404493883,0.752079726849227,1.59143617221797,0.638389327975401,0.526437445824906,"BLCA",0.852581874881247,"Benchmark infiltration","M0 macrophage
CIBERSORT","Adverse"
"Macrophage M1_CIBERSORT","DFI",192,31,0.679370869680469,-0.557728735764332,0.444141635160179,1.03918376939361,0.074631679512439,0.571655590869691,"BLCA",0.570932348270158,"Benchmark infiltration","M1 macrophage
CIBERSORT","Protective"
"Macrophage M2_CIBERSORT","DFI",192,31,0.91493630004959,-0.128256791711028,0.642500380356312,1.30289173165034,0.622065912941001,0.489164981219301,"BLCA",0.852581874881247,"Benchmark infiltration","M2 macrophage
CIBERSORT","Protective"
"MDR_injury","OS",1194,198,1.07521495753868,0.104625112999381,0.926788780737741,1.24741173926883,0.33865141537005,0.554680947157881,"BRCA",0.596488288435883,"MDRi","MDR injury","Adverse"
"MDR_resolution","OS",1194,198,1.06215594518986,0.0869955974371964,0.926109181758648,1.21818817275928,0.388534070902283,0.519872249822569,"BRCA",0.645820707665993,"MDRi","MDR resolution","Adverse"
"MDR_apc_ifn","OS",1194,198,0.905434443460152,-0.143317905968951,0.791319097778174,1.03600625045676,0.148369314304901,0.547261113620234,"BRCA",0.400832803147635,"MDRi","MDR APC/IFN","Protective"
"MDR_axis","OS",1194,198,0.988638327931182,-0.0164852563397078,0.856306295360585,1.14142071446875,0.876150023457612,0.480106243413554,"BRCA",0.968840345787428,"MDRi","MDR axis","Protective"
"Macrophage_TIMER","OS",1194,198,1.19115274501294,0.252358426084553,1.05251822732953,1.34804778208143,0.00559293165351797,0.532114975159688,"BRCA",0.0509943768408991,"Benchmark infiltration","Macrophage
TIMER","Adverse"
"Macrophage/Monocyte_MCPCOUNTER","OS",1194,198,1.07979624281301,0.110759102003102,0.95282127455152,1.22369216256417,0.229052400690362,0.549379529862142,"BRCA",0.495977826364025,"Benchmark infiltration","Mac/Mono
MCPcounter","Adverse"
"Monocyte_MCPCOUNTER","OS",1194,198,1.07979624281301,0.110759102003102,0.95282127455152,1.22369216256417,0.229052400690362,0.549379529862142,"BRCA",0.495977826364025,"Benchmark infiltration","Monocyte
MCPcounter","Adverse"
"Myeloid dendritic cell_MCPCOUNTER","OS",1194,198,1.01054681613051,0.0151361597530668,0.897832228078106,1.13741168522933,0.861963430183423,0.48722498225692,"BRCA",0.959456600922302,"Benchmark infiltration","myDC
MCPcounter","Adverse"
"Macrophage_XCELL","OS",1194,198,0.876728952715169,-0.189797203202174,0.748247688038304,1.02727167596633,0.103700762661311,0.5141030604125,"BRCA",0.323087803266396,"Benchmark infiltration","Macrophage
xCell","Protective"
"Macrophage M1_XCELL","OS",1194,198,0.902711651051267,-0.147662866906267,0.774603018766302,1.05200768032323,0.189958038350288,0.486606662795449,"BRCA",0.454725806089493,"Benchmark infiltration","M1 macrophage
xCell","Protective"
"Macrophage M2_XCELL","OS",1194,198,1.03238690708002,0.045983750137599,0.904434503984161,1.17844102720003,0.636838285893988,0.512559950104308,"BRCA",0.862095496188368,"Benchmark infiltration","M2 macrophage
xCell","Adverse"
"Monocyte_XCELL","OS",1194,198,1.02918148217116,0.0414974043334235,0.910432042286816,1.16341964479139,0.645632686386563,0.523517646299761,"BRCA",0.865383373182854,"Benchmark infiltration","Monocyte
xCell","Adverse"
"Myeloid dendritic cell_XCELL","OS",1194,198,0.893640382478362,-0.162233714029302,0.763978829128781,1.04530793622484,0.159738756039695,0.506521926145773,"BRCA",0.409248052663681,"Benchmark infiltration","myDC
xCell","Protective"
"immune score_XCELL","OS",1194,198,0.795239114076508,-0.330539376849803,0.661331045654597,0.956261244217294,0.0148769289415191,0.536335677570596,"BRCA",0.10248551048602,"Benchmark infiltration","Immune score
xCell","Protective"
"stroma score_XCELL","OS",1194,198,1.27057165556247,0.345477740373186,1.14261755854452,1.41285447597632,9.79087116114592e-06,0.539766006409016,"BRCA",0.000607034011991047,"Benchmark infiltration","Stroma score
xCell","Adverse"
"microenvironment score_XCELL","OS",1194,198,1.07777086567756,0.108050493407743,0.953413053142427,1.21834920874513,0.231189664224521,0.513871862700819,"BRCA",0.495977826364025,"Benchmark infiltration","Microenv score
xCell","Adverse"
"Macrophage_EPIC","OS",1194,198,1.0536014947349,0.0753292974469128,0.963503708344097,1.15212437699428,0.252288512959817,0.540110114631051,"BRCA",0.519664046628194,"Benchmark infiltration","Macrophage
EPIC","Adverse"
"Macrophage M1_QUANTISEQ","OS",1194,198,0.916691773268936,-0.125491368620696,0.786054525667937,1.06904009803251,0.267480310711014,0.498257952125944,"BRCA",0.534960621422028,"Benchmark infiltration","M1 macrophage
quanTIseq","Protective"
"Macrophage M2_QUANTISEQ","OS",1194,198,0.952266383843586,-0.07056289016485,0.827641284300277,1.09565736146813,0.49432859292055,0.543400649504269,"BRCA",0.739119175349357,"Benchmark infiltration","M2 macrophage
quanTIseq","Protective"
"Monocyte_QUANTISEQ","OS",1194,198,0.817482002850244,-0.29074112535861,0.681445071548215,0.980675997062754,0.0300002954096987,0.510479170699185,"BRCA",0.148801465232105,"Benchmark infiltration","Monocyte
quanTIseq","Protective"
"Macrophage M0_CIBERSORT","OS",1194,198,0.891268007758934,-0.166068773886737,0.764003020765078,1.03973235715626,0.143108582796413,0.51309224251027,"BRCA",0.394343650372338,"Benchmark infiltration","M0 macrophage
CIBERSORT","Protective"
"Macrophage M1_CIBERSORT","OS",1194,198,0.737867859722635,-0.438565618970185,0.636218897157571,0.855757320073472,5.82686218913264e-05,0.578806159537175,"BRCA",0.0025804675409016,"Benchmark infiltration","M1 macrophage
CIBERSORT","Protective"
"Macrophage M2_CIBERSORT","OS",1194,198,1.45424254308996,0.540267906486835,1.2690901450996,1.6664075300709,7.06290128582399e-08,0.604996021248683,"BRCA",7.29833132868479e-06,"Benchmark infiltration","M2 macrophage
CIBERSORT","Adverse"
"MDR_injury","DSS",1164,105,1.18459595275058,0.24439506219216,0.965549954932689,1.45333502850288,0.1043970981261,0.582429165985134,"BRCA",0.334806058256761,"MDRi","MDR injury","Adverse"
"MDR_resolution","DSS",1164,105,1.06124275930495,0.0857547105269768,0.879231172135051,1.28093296719942,0.535783812277217,0.503516711193501,"BRCA",0.730693381779572,"MDRi","MDR resolution","Adverse"
"MDR_apc_ifn","DSS",1164,105,0.864888695853109,-0.20941361332048,0.719933633671561,1.03902974000483,0.120928745065017,0.564218599494757,"BRCA",0.360279939960543,"MDRi","MDR APC/IFN","Protective"
"MDR_axis","DSS",1164,105,1.08327302448747,0.115396900778611,0.895622072900849,1.31024064847065,0.409857982206315,0.564055031532268,"BRCA",0.640815799996991,"MDRi","MDR axis","Adverse"
"Macrophage_TIMER","DSS",1164,105,1.23736459319445,0.307270657381942,1.05499256376406,1.45126249139485,0.00884463659080458,0.552632535485161,"BRCA",0.0736083801797143,"Benchmark infiltration","Macrophage
TIMER","Adverse"
"Macrophage/Monocyte_MCPCOUNTER","DSS",1164,105,1.10063684821914,0.138338534573222,0.929783333989748,1.30288576636405,0.265240289835671,0.559257037965942,"BRCA",0.544274934253137,"Benchmark infiltration","Mac/Mono
MCPcounter","Adverse"
"Monocyte_MCPCOUNTER","DSS",1164,105,1.10063684821914,0.138338534573222,0.929783333989748,1.30288576636405,0.265240289835671,0.559257037965942,"BRCA",0.544274934253137,"Benchmark infiltration","Monocyte
MCPcounter","Adverse"
"Myeloid dendritic cell_MCPCOUNTER","DSS",1164,105,0.948920585427335,-0.0756407408382506,0.790350165331689,1.13930548375335,0.574115686336403,0.53966523090344,"BRCA",0.767712836380074,"Benchmark infiltration","myDC
MCPcounter","Protective"
"Macrophage_XCELL","DSS",1164,105,0.888220897127189,-0.17100958097131,0.716392745092548,1.10126235573688,0.279867464833399,0.49695581847591,"BRCA",0.552843826760336,"Benchmark infiltration","Macrophage
xCell","Protective"
"Macrophage M1_XCELL","DSS",1164,105,0.922434489341491,-0.116481639278732,0.750193435843315,1.13422131742621,0.443893808614865,0.449875506606328,"BRCA",0.671681420930388,"Benchmark infiltration","M1 macrophage
xCell","Protective"
"Macrophage M2_XCELL","DSS",1164,105,1.01740994987961,0.0249011083870729,0.847484110063088,1.22140697839984,0.853135793170878,0.516384057575923,"BRCA",0.941529568215797,"Benchmark infiltration","M2 macrophage
xCell","Adverse"
"Monocyte_XCELL","DSS",1164,105,1.05841503045438,0.0819054544541186,0.903744356403976,1.2395567051165,0.481222696027598,0.513903276811515,"BRCA",0.698745076302699,"Benchmark infiltration","Monocyte
xCell","Adverse"
"Myeloid dendritic cell_XCELL","DSS",1164,105,0.927914471471376,-0.107936260731286,0.758346222334699,1.13539863588321,0.467445000885988,0.503634843610854,"BRCA",0.694144487337214,"Benchmark infiltration","myDC
xCell","Protective"
"immune score_XCELL","DSS",1164,105,0.774999419164114,-0.367732865751282,0.596167567260823,1.00747530172493,0.0568681049378464,0.537211711466114,"BRCA",0.236813974109959,"Benchmark infiltration","Immune score
xCell","Protective"
"stroma score_XCELL","DSS",1164,105,1.17386840994515,0.231270692127791,1.00427354401023,1.37210330002792,0.0440591080276387,0.517928866110536,"BRCA",0.199480213510963,"Benchmark infiltration","Stroma score
xCell","Adverse"
"microenvironment score_XCELL","DSS",1164,105,0.990053550732692,-0.0144215340516036,0.823629858374624,1.19010502515387,0.915219042616309,0.510513785144394,"BRCA",0.972737429767796,"Benchmark infiltration","Microenv score
xCell","Protective"
"Macrophage_EPIC","DSS",1164,105,0.994501359857053,-0.0079547511207662,0.834427047966986,1.185283910879,0.950898108457492,0.472311578794322,"BRCA",0.986871162123105,"Benchmark infiltration","Macrophage
EPIC","Protective"
"Macrophage M1_QUANTISEQ","DSS",1164,105,0.887054225934331,-0.172905795214079,0.713932551480859,1.10215621646025,0.279295961391553,0.496437853261363,"BRCA",0.552843826760336,"Benchmark infiltration","M1 macrophage
quanTIseq","Protective"
"Macrophage M2_QUANTISEQ","DSS",1164,105,0.901264147117507,-0.149978094413423,0.740303683058434,1.09722142610944,0.300365078343476,0.571924467949766,"BRCA",0.571887152475161,"Benchmark infiltration","M2 macrophage
quanTIseq","Protective"
"Monocyte_QUANTISEQ","DSS",1164,105,0.858373335459454,-0.220322834028139,0.682075056630865,1.08024003497102,0.192932581163878,0.499563818766698,"BRCA",0.458342140253739,"Benchmark infiltration","Monocyte
quanTIseq","Protective"
"Macrophage M0_CIBERSORT","DSS",1164,105,1.04948502231199,0.0696815774062454,0.871111137130186,1.26438380260612,0.611330917554388,0.540219544554096,"BRCA",0.800723275696619,"Benchmark infiltration","M0 macrophage
CIBERSORT","Adverse"
"Macrophage M1_CIBERSORT","DSS",1164,105,0.746682534748123,-0.421433108760815,0.609400993395405,0.91488988981042,0.00483088785466846,0.571170237900514,"BRCA",0.0496028663648994,"Benchmark infiltration","M1 macrophage
CIBERSORT","Protective"
"Macrophage M2_CIBERSORT","DSS",1164,105,1.26793586765421,0.342481775637319,1.04872699905948,1.53296459986803,0.0142367890113044,0.587172636897297,"BRCA",0.10232692101875,"Benchmark infiltration","M2 macrophage
CIBERSORT","Adverse"
"MDR_injury","PFI",1194,171,1.1441222280124,0.194241185269986,0.976719180320339,1.34021702348747,0.0952933981973042,0.56743167704872,"BRCA",0.390816377130611,"MDRi","MDR injury","Adverse"
"MDR_resolution","PFI",1194,171,1.03986805867314,0.0564004868533216,0.897631704226389,1.2046428110297,0.602418822650346,0.518895982484524,"BRCA",0.862335026625775,"MDRi","MDR resolution","Adverse"
"MDR_apc_ifn","PFI",1194,171,0.845251010375236,-0.242548259234582,0.732311396837207,0.975608564370301,0.0215954382590633,0.557918293403602,"BRCA",0.181454353176764,"MDRi","MDR APC/IFN","Protective"
"MDR_axis","PFI",1194,171,1.08212376005117,0.113865506375104,0.931518243704434,1.25707879580599,0.301976774753186,0.527934665723724,"BRCA",0.688289338049112,"MDRi","MDR axis","Adverse"
"Macrophage_TIMER","PFI",1194,171,1.13541705849124,0.183222321919934,0.991553579901517,1.30015353970175,0.0661723579582596,0.551650310492817,"BRCA",0.323352869739297,"Benchmark infiltration","Macrophage
TIMER","Adverse"
"Macrophage/Monocyte_MCPCOUNTER","PFI",1194,171,1.02949092093854,0.0419311069252945,0.892920587517205,1.18694940077688,0.688968099489006,0.543803222150102,"BRCA",0.899732978945623,"Benchmark infiltration","Mac/Mono
MCPcounter","Adverse"
"Monocyte_MCPCOUNTER","PFI",1194,171,1.02949092093854,0.0419311069252945,0.892920587517205,1.18694940077688,0.688968099489006,0.543803222150102,"BRCA",0.899732978945623,"Benchmark infiltration","Monocyte
MCPcounter","Adverse"
"Myeloid dendritic cell_MCPCOUNTER","PFI",1194,171,0.886399209821142,-0.173971499587386,0.756605529778624,1.03845865282195,0.135490061489219,0.548201466727377,"BRCA",0.474208165573069,"Benchmark infiltration","myDC
MCPcounter","Protective"
"Macrophage_XCELL","PFI",1194,171,0.928054531630757,-0.1077185156101,0.790688638333851,1.08928492446192,0.360946272806199,0.461558954884086,"BRCA",0.740154708224617,"Benchmark infiltration","Macrophage
xCell","Protective"
"Macrophage M1_XCELL","PFI",1194,171,0.918304270288751,-0.122955840480568,0.781109427638107,1.07959615259087,0.30192943219682,0.444634432248627,"BRCA",0.688289338049112,"Benchmark infiltration","M1 macrophage
xCell","Protective"
"Macrophage M2_XCELL","PFI",1194,171,1.01049879636498,0.0150676032819163,0.874652059363822,1.16744459299367,0.887249599389622,0.536547087373938,"BRCA",0.965661108501431,"Benchmark infiltration","M2 macrophage
xCell","Adverse"
"Monocyte_XCELL","PFI",1194,171,1.01988305710817,0.0284037378807798,0.890014954984418,1.16870109243784,0.77694213989041,0.525832421068948,"BRCA",0.929518304523738,"Benchmark infiltration","Monocyte
xCell","Adverse"
"Myeloid dendritic cell_XCELL","PFI",1194,171,0.855929000651665,-0.224436964915069,0.713237306105428,1.02716788351543,0.0945466735675597,0.515049940420255,"BRCA",0.390075796934423,"Benchmark infiltration","myDC
xCell","Protective"
"immune score_XCELL","PFI",1194,171,0.802316974989456,-0.317755773543783,0.659092582974804,0.976664803980716,0.0281414250352772,0.513228640903675,"BRCA",0.210754802709848,"Benchmark infiltration","Immune score
xCell","Protective"
"stroma score_XCELL","PFI",1194,171,1.0600322971713,0.0841082216366231,0.926578027160464,1.21270787576282,0.395772548533162,0.496788506437519,"BRCA",0.761696329439522,"Benchmark infiltration","Stroma score
xCell","Adverse"
"microenvironment score_XCELL","PFI",1194,171,0.916393175308751,-0.125961380444779,0.78488502740075,1.06993562424485,0.269298380810336,0.513751780126522,"BRCA",0.661467732391181,"Benchmark infiltration","Microenv score
xCell","Protective"
"Macrophage_EPIC","PFI",1194,171,1.07047863546911,0.0982560028132508,0.98164246487772,1.16735425574581,0.123367176908201,0.547629888687599,"BRCA",0.459459377782436,"Benchmark infiltration","Macrophage
EPIC","Adverse"
"Macrophage M1_QUANTISEQ","PFI",1194,171,0.933412168273192,-0.0994138200076723,0.794510489910207,1.09659757416032,0.401895227564405,0.477543764471097,"BRCA",0.7670521102268,"Benchmark infiltration","M1 macrophage
quanTIseq","Protective"
"Macrophage M2_QUANTISEQ","PFI",1194,171,0.916342682913716,-0.126040873763591,0.786464897886864,1.06766864584247,0.262578224747948,0.534183273107738,"BRCA",0.655494191490348,"Benchmark infiltration","M2 macrophage
quanTIseq","Protective"
"Monocyte_QUANTISEQ","PFI",1194,171,1.01169460674611,0.0167738593750709,0.880562465679827,1.16235476438231,0.869610090981758,0.515064472065334,"BRCA",0.95965440339501,"Benchmark infiltration","Monocyte
quanTIseq","Adverse"
"Macrophage M0_CIBERSORT","PFI",1194,171,1.10163599797895,0.13964760806517,0.957073326694167,1.26803436914807,0.177448091641944,0.543740251688093,"BRCA",0.559094558472815,"Benchmark infiltration","M0 macrophage
CIBERSORT","Adverse"
"Macrophage M1_CIBERSORT","PFI",1194,171,0.801976279214983,-0.318368529485234,0.687466354454388,0.935559897958878,0.00499510190299507,0.547944740997646,"BRCA",0.0819434574086572,"Benchmark infiltration","M1 macrophage
CIBERSORT","Protective"
"Macrophage M2_CIBERSORT","PFI",1194,171,1.17534080822715,0.233079149170588,1.01222149673254,1.36474676732642,0.0340639975913581,0.572769634674443,"BRCA",0.232377171687582,"Benchmark infiltration","M2 macrophage
CIBERSORT","Adverse"
"MDR_injury","DFI",1019,91,1.07271154896316,0.10126218902443,0.864290093774918,1.33139333143694,0.524263860839078,0.566248790712673,"BRCA",0.809685239286275,"MDRi","MDR injury","Adverse"
"MDR_resolution","DFI",1019,91,1.01228135111789,0.0176103250611915,0.828768365596788,1.23642935270964,0.904792627898954,0.522875685262818,"BRCA",0.971808228218488,"MDRi","MDR resolution","Adverse"
"MDR_apc_ifn","DFI",1019,91,0.825713702455855,-0.276286448406114,0.680061829947359,1.00256048553134,0.053096252623024,0.557481457594324,"BRCA",0.554329554624311,"MDRi","MDR APC/IFN","Protective"
"MDR_axis","DFI",1019,91,1.05147353370624,0.0724125369253289,0.858755091501059,1.28744109121049,0.62704402521167,0.515478877781361,"BRCA",0.852581874881247,"MDRi","MDR axis","Adverse"
"Macrophage_TIMER","DFI",1019,91,1.11097188056828,0.151822301625209,0.914909583847802,1.34904972163756,0.288110093226471,0.550155191873589,"BRCA",0.686495457558148,"Benchmark infiltration","Macrophage
TIMER","Adverse"
"Macrophage/Monocyte_MCPCOUNTER","DFI",1019,91,1.03719954480862,0.0526934781545064,0.855843832026091,1.25698504270859,0.709540069137641,0.5497823282812,"BRCA",0.875480891758541,"Benchmark infiltration","Mac/Mono
MCPcounter","Adverse"
"Monocyte_MCPCOUNTER","DFI",1019,91,1.03719954480862,0.0526934781545064,0.855843832026091,1.25698504270859,0.709540069137641,0.5497823282812,"BRCA",0.875480891758541,"Benchmark infiltration","Monocyte
MCPcounter","Adverse"
"Myeloid dendritic cell_MCPCOUNTER","DFI",1019,91,0.866829788530927,-0.206179362513222,0.693700902880328,1.08316693716946,0.208685637657095,0.559214769429216,"BRCA",0.641150404646577,"Benchmark infiltration","myDC
MCPcounter","Protective"
"Macrophage_XCELL","DFI",1019,91,0.931697357896355,-0.102066692762986,0.751173873144519,1.1556045780416,0.519686274168924,0.434164382457272,"BRCA",0.805864864336271,"Benchmark infiltration","Macrophage
xCell","Protective"
"Macrophage M1_XCELL","DFI",1019,91,0.936031432667811,-0.0953711174370607,0.753982884932331,1.16203545259623,0.54912830576775,0.423059093840697,"BRCA",0.822923690278999,"Benchmark infiltration","M1 macrophage
xCell","Protective"
"Macrophage M2_XCELL","DFI",1019,91,1.07375645864905,0.102666809205819,0.894519118121727,1.28890809501252,0.445042429338828,0.571005320864237,"BRCA",0.765262500272266,"Benchmark infiltration","M2 macrophage
xCell","Adverse"
"Monocyte_XCELL","DFI",1019,91,1.05064056478758,0.0712691925255857,0.882339585478341,1.25104394560143,0.579163731299557,0.545680828764915,"BRCA",0.835962744234266,"Benchmark infiltration","Monocyte
xCell","Adverse"
"Myeloid dendritic cell_XCELL","DFI",1019,91,0.891305970364095,-0.166007325147009,0.70803953657402,1.12200843564564,0.327206014438574,0.506389068042567,"BRCA",0.686495457558148,"Benchmark infiltration","myDC
xCell","Protective"
"immune score_XCELL","DFI",1019,91,0.841409962832514,-0.249119194246828,0.651218022986978,1.08714854405676,0.186561930163197,0.492361335053209,"BRCA",0.641150404646577,"Benchmark infiltration","Immune score
xCell","Protective"
"stroma score_XCELL","DFI",1019,91,1.03991130784955,0.0564604887682657,0.858263488172229,1.26000411656373,0.689493371107062,0.48432965172525,"BRCA",0.869443564115773,"Benchmark infiltration","Stroma score
xCell","Adverse"
"microenvironment score_XCELL","DFI",1019,91,0.917421141423662,-0.124343941036666,0.73958169762572,1.13802376861553,0.433070432501845,0.512455659464689,"BRCA",0.759973182728537,"Benchmark infiltration","Microenv score
xCell","Protective"
"Macrophage_EPIC","DFI",1019,91,1.02221162993115,0.0316939104094219,0.878310201804607,1.18968971807406,0.776572298822144,0.564112383102225,"BRCA",0.911628350791213,"Benchmark infiltration","Macrophage
EPIC","Adverse"
"Macrophage M1_QUANTISEQ","DFI",1019,91,0.903712450680799,-0.14606429566401,0.722243606144309,1.13077663348994,0.376004896918086,0.473335214446953,"BRCA",0.724707085851231,"Benchmark infiltration","M1 macrophage
quanTIseq","Protective"
"Macrophage M2_QUANTISEQ","DFI",1019,91,0.898203005821246,-0.154886544807118,0.727265092405204,1.10931852510367,0.3188832414759,0.50995646565624,"BRCA",0.686495457558148,"Benchmark infiltration","M2 macrophage
quanTIseq","Protective"
"Monocyte_QUANTISEQ","DFI",1019,91,1.02259974909014,0.0322415771511252,0.845760225614395,1.23641454772783,0.817551375780369,0.520336181876814,"BRCA",0.924221573914374,"Benchmark infiltration","Monocyte
quanTIseq","Adverse"
"Macrophage M0_CIBERSORT","DFI",1019,91,1.11976398215273,0.16319468080085,0.925383429604188,1.35497496023118,0.244906902806854,0.548290873911641,"BRCA",0.671853405069745,"Benchmark infiltration","M0 macrophage
CIBERSORT","Adverse"
"Macrophage M1_CIBERSORT","DFI",1019,91,0.886591556460358,-0.173658471963223,0.722663704635486,1.08770453385823,0.248503495544886,0.531512012254112,"BRCA",0.672455200468509,"Benchmark infiltration","M1 macrophage
CIBERSORT","Protective"
"Macrophage M2_CIBERSORT","DFI",1019,91,1.08025979624388,0.111378313943974,0.87581104759146,1.33243492485063,0.470786894017196,0.54756530151564,"BRCA",0.784022771767278,"Benchmark infiltration","M2 macrophage
CIBERSORT","Adverse"
"MDR_injury","OS",296,73,1.58613575367686,0.6655162532455,1.24045511277687,2.02814805886861,0.000235077125652322,0.614588722193482,"CESC",0.00745877678968832,"MDRi","MDR injury","Adverse"
"MDR_resolution","OS",296,73,0.894059983382623,-0.161556468371801,0.708936861742181,1.12752389813923,0.344141026583512,0.561734781858941,"CESC",0.602732871417451,"MDRi","MDR resolution","Protective"
"MDR_apc_ifn","OS",296,73,0.807362232920772,-0.308711993395027,0.650878008354447,1.00146842692501,0.0515808596272927,0.616485600965684,"CESC",0.203695114451729,"MDRi","MDR APC/IFN","Protective"
"MDR_axis","OS",296,73,1.75709280466917,0.813190392427738,1.36619301928563,2.25983816388882,1.13169479083784e-05,0.6643386790826,"CESC",0.000637864336654053,"MDRi","MDR axis","Adverse"
"Macrophage_TIMER","OS",296,73,1.09955770426014,0.136923318122353,0.882055069138459,1.37069349443084,0.398691569961663,0.538670460424211,"CESC",0.65460959240578,"Benchmark infiltration","Macrophage
TIMER","Adverse"
"Macrophage/Monocyte_MCPCOUNTER","OS",296,73,0.98128160876534,-0.0272608735630825,0.761622134147335,1.26429308252591,0.883804947997084,0.515951026038972,"CESC",0.969839057979101,"Benchmark infiltration","Mac/Mono
MCPcounter","Protective"
"Monocyte_MCPCOUNTER","OS",296,73,0.98128160876534,-0.0272608735630825,0.761622134147335,1.26429308252591,0.883804947997084,0.515951026038972,"CESC",0.969839057979101,"Benchmark infiltration","Monocyte
MCPcounter","Protective"
"Myeloid dendritic cell_MCPCOUNTER","OS",296,73,0.756382968706206,-0.402811216051993,0.563236272230728,1.01576411810788,0.0634547490865765,0.618123814450767,"CESC",0.230069850489342,"Benchmark infiltration","myDC
MCPcounter","Protective"
"Macrophage_XCELL","OS",296,73,0.865940981720449,-0.207659393585142,0.661853096600833,1.13296105687818,0.293884873902102,0.567209863769615,"CESC",0.554080578407176,"Benchmark infiltration","Macrophage
xCell","Protective"
"Macrophage M1_XCELL","OS",296,73,0.802640366705385,-0.317174380357772,0.610507957443252,1.05523859338858,0.115297868342672,0.571391619244697,"CESC",0.344563030283337,"Benchmark infiltration","M1 macrophage
xCell","Protective"
"Macrophage M2_XCELL","OS",296,73,0.837318635185084,-0.256151361091579,0.642784150735676,1.09072772878079,0.188113094383647,0.565140541472668,"CESC",0.452479411787098,"Benchmark infiltration","M2 macrophage
xCell","Protective"
"Monocyte_XCELL","OS",296,73,0.923163998589727,-0.115341131810389,0.720879733979145,1.1822107462891,0.52638213364227,0.480643214347301,"CESC",0.769709723722188,"Benchmark infiltration","Monocyte
xCell","Protective"
"Myeloid dendritic cell_XCELL","OS",296,73,0.514656747873314,-0.958317552386938,0.350518789928406,0.755655832846042,0.000699822621078262,0.679686152784963,"CESC",0.0139964524215652,"Benchmark infiltration","myDC
xCell","Protective"
"immune score_XCELL","OS",296,73,0.597197761204417,-0.743719337829742,0.424899172681545,0.83936422783969,0.00299519476398002,0.627263321262287,"CESC",0.0342146042459903,"Benchmark infiltration","Immune score
xCell","Protective"
"stroma score_XCELL","OS",296,73,1.12508939840198,0.170039641004063,0.9327889732591,1.35703378865406,0.217786364462862,0.514097258147957,"CESC",0.480525074615567,"Benchmark infiltration","Stroma score
xCell","Adverse"
"microenvironment score_XCELL","OS",296,73,0.705627331988724,-0.503021651110836,0.521449292014567,0.954857815082842,0.0238658460790047,0.60812209001552,"CESC",0.131846101045446,"Benchmark infiltration","Microenv score
xCell","Protective"
"Macrophage_EPIC","OS",296,73,0.769718085540802,-0.377597949163591,0.561239764142799,1.05563783798087,0.104375526095182,0.562338334195551,"CESC",0.323564130895064,"Benchmark infiltration","Macrophage
EPIC","Protective"
"Macrophage M1_QUANTISEQ","OS",296,73,1.33260848547105,0.414252985202271,1.07290256608189,1.65517860772261,0.00942601883042968,0.531729608553199,"CESC",0.0758978139593039,"Benchmark infiltration","M1 macrophage
quanTIseq","Adverse"
"Macrophage M2_QUANTISEQ","OS",296,73,0.620190954527454,-0.689215610461417,0.46677820591433,0.824024804937591,0.000984479781567946,0.650112088291085,"CESC",0.0174393561306322,"Benchmark infiltration","M2 macrophage
quanTIseq","Protective"
"Monocyte_QUANTISEQ","OS",296,73,1.08383877402912,0.116150165171543,0.928973731485379,1.26452067294804,0.306109036935532,0.495775133643732,"CESC",0.560251572610317,"Benchmark infiltration","Monocyte
quanTIseq","Adverse"
"Macrophage M0_CIBERSORT","OS",296,73,1.22103410181906,0.288103493395105,1.00387413141871,1.48517053198497,0.0456448277367454,0.564709432660804,"CESC",0.189359698212118,"Benchmark infiltration","M0 macrophage
CIBERSORT","Adverse"
"Macrophage M1_CIBERSORT","OS",296,73,0.921795277444992,-0.117481718430139,0.727684174741733,1.16768587666685,0.499685957547712,0.566045869977582,"CESC",0.74472426365284,"Benchmark infiltration","M1 macrophage
CIBERSORT","Protective"
"Macrophage M2_CIBERSORT","OS",296,73,0.991942170692123,-0.0116720796054466,0.780516836749017,1.26063811012164,0.947257371416819,0.505906190722538,"CESC",0.983751374000717,"Benchmark infiltration","M2 macrophage
CIBERSORT","Protective"
"MDR_injury","DSS",292,56,1.48223746691404,0.567776598045032,1.1215384770738,1.95894118056118,0.00567196247757296,0.610841594600295,"CESC",0.0566242306056378,"MDRi","MDR injury","Adverse"
"MDR_resolution","DSS",292,56,0.835892200907256,-0.258611194739479,0.644732514073615,1.08372969609192,0.176044574871744,0.58785066441679,"CESC",0.438895392444748,"MDRi","MDR resolution","Protective"
"MDR_apc_ifn","DSS",292,56,0.762771155247955,-0.390677806778848,0.597435597202425,0.973862016262091,0.0298223128680101,0.628981227589116,"CESC",0.160260092515007,"MDRi","MDR APC/IFN","Protective"
"MDR_axis","DSS",292,56,1.78008221098702,0.831943871890784,1.34192744309936,2.36129955771224,6.33219926837014e-05,0.695106517612318,"CESC",0.00364101457931283,"MDRi","MDR axis","Adverse"
"Macrophage_TIMER","DSS",292,56,1.00082927378192,0.00119589337970904,0.765881477588727,1.30785149474098,0.995155070686597,0.526523940097026,"CESC",0.99941133857212,"Benchmark infiltration","Macrophage
TIMER","Adverse"
"Macrophage/Monocyte_MCPCOUNTER","DSS",292,56,0.907263541841096,-0.140406409315363,0.666482300416293,1.23503224892831,0.536265403671268,0.545981860367011,"CESC",0.730693381779572,"Benchmark infiltration","Mac/Mono
MCPcounter","Protective"
"Monocyte_MCPCOUNTER","DSS",292,56,0.907263541841096,-0.140406409315363,0.666482300416293,1.23503224892831,0.536265403671268,0.545981860367011,"CESC",0.730693381779572,"Benchmark infiltration","Monocyte
MCPcounter","Protective"
"Myeloid dendritic cell_MCPCOUNTER","DSS",292,56,0.569551395471319,-0.812102060423698,0.377480243137235,0.85935303365107,0.0073137312512317,0.637101877241088,"CESC",0.0678289591848101,"Benchmark infiltration","myDC
MCPcounter","Protective"
"Macrophage_XCELL","DSS",292,56,0.749910488068849,-0.415209694113606,0.524777433732426,1.07162713936819,0.114073096744146,0.596867749419954,"CESC",0.352645325956367,"Benchmark infiltration","Macrophage
xCell","Protective"
"Macrophage M1_XCELL","DSS",292,56,0.698569720086378,-0.517523985260764,0.492063125376563,0.991741971008511,0.0448196241560976,0.594969415735077,"CESC",0.20133815538872,"Benchmark infiltration","M1 macrophage
xCell","Protective"
"Macrophage M2_XCELL","DSS",292,56,0.712005922655753,-0.49003885292245,0.508601803084253,0.996757052025022,0.0478286321026343,0.590856359417844,"CESC",0.211013644561604,"Benchmark infiltration","M2 macrophage
xCell","Protective"
"Monocyte_XCELL","DSS",292,56,0.8440147098072,-0.244659951901623,0.62348138028097,1.1425534954226,0.272419716349674,0.492512128242987,"CESC",0.550330859839673,"Benchmark infiltration","Monocyte
xCell","Protective"
"Myeloid dendritic cell_XCELL","DSS",292,56,0.379156721303395,-1.39913379711825,0.227496788956199,0.631920212892407,0.000198363027665842,0.71799198481333,"CESC",0.00950489507565494,"Benchmark infiltration","myDC
xCell","Protective"
"immune score_XCELL","DSS",292,56,0.500954906225463,-0.997247350734077,0.321199720290629,0.781307710493307,0.00230178131493765,0.65123391689517,"CESC",0.0342159236868364,"Benchmark infiltration","Immune score
xCell","Protective"
"stroma score_XCELL","DSS",292,56,1.14723672157649,0.198163108709998,0.950365415441839,1.38489056309113,0.152725604043391,0.511811854039232,"CESC",0.40969211149574,"Benchmark infiltration","Stroma score
xCell","Adverse"
"microenvironment score_XCELL","DSS",292,56,0.665385841809458,-0.587736926244874,0.46235744781566,0.957567182213964,0.0282774999668721,0.629192153554103,"CESC",0.154852976009062,"Benchmark infiltration","Microenv score
xCell","Protective"
"Macrophage_EPIC","DSS",292,56,0.645119184907528,-0.632362373746,0.419338999559172,0.992463766006166,0.0461100859056776,0.595127610208817,"CESC",0.205529452680346,"Benchmark infiltration","Macrophage
EPIC","Protective"
"Macrophage M1_QUANTISEQ","DSS",292,56,1.24099122567692,0.311492915051554,0.960200408971015,1.60389352870354,0.0990126528342303,0.504429445264712,"CESC",0.325194762939624,"Benchmark infiltration","M1 macrophage
quanTIseq","Adverse"
"Macrophage M2_QUANTISEQ","DSS",292,56,0.567299096296058,-0.817818529080954,0.406013409714549,0.792654274361499,0.000895362300626597,0.671904661463826,"CESC",0.0234015146754679,"Benchmark infiltration","M2 macrophage
quanTIseq","Protective"
"Monocyte_QUANTISEQ","DSS",292,56,1.08994269247024,0.124252282284338,0.927157918664548,1.28130823126702,0.296690362874853,0.469363003585741,"CESC",0.566804957762274,"Benchmark infiltration","Monocyte
quanTIseq","Adverse"
"Macrophage M0_CIBERSORT","DSS",292,56,1.18265306762619,0.24202691981321,0.942260648864425,1.4843751355331,0.147900560311404,0.575511495465092,"CESC",0.406676964610111,"Benchmark infiltration","M0 macrophage
CIBERSORT","Adverse"
"Macrophage M1_CIBERSORT","DSS",292,56,0.877991697345187,-0.187720797786821,0.667606731769841,1.15467592509663,0.351871084197883,0.578886310904872,"CESC",0.602160337541021,"Benchmark infiltration","M1 macrophage
CIBERSORT","Protective"
"Macrophage M2_CIBERSORT","DSS",292,56,0.940709336121707,-0.088179072373107,0.712733182910861,1.24160636306058,0.665994381382741,0.52399282851719,"CESC",0.834685990873072,"Benchmark infiltration","M2 macrophage
CIBERSORT","Protective"
"MDR_injury","PFI",296,73,1.26291999666976,0.336763250318229,0.995683546963905,1.60188136366399,0.0543165742793989,0.571551786099332,"CESC",0.29527945911343,"MDRi","MDR injury","Adverse"
"MDR_resolution","PFI",296,73,0.885480061226813,-0.17546827339076,0.705349236946171,1.11161237265233,0.294583054094535,0.546323582261195,"CESC",0.687288591681382,"MDRi","MDR resolution","Protective"
"MDR_apc_ifn","PFI",296,73,0.837013656504028,-0.256676933270754,0.671990172901865,1.04256265854137,0.112299447723877,0.571264285200891,"CESC",0.435092375413065,"MDRi","MDR APC/IFN","Protective"
"MDR_axis","PFI",296,73,1.41044921522168,0.496154721033834,1.10826601722355,1.79502660715272,0.00518060047141373,0.609501904693452,"CESC",0.0830100866233502,"MDRi","MDR axis","Adverse"
"Macrophage_TIMER","PFI",296,73,1.10047136482479,0.138121605599533,0.891617165179965,1.35824799262911,0.372605521651689,0.534464170200532,"CESC",0.74098066810109,"Benchmark infiltration","Macrophage
TIMER","Adverse"
"Macrophage/Monocyte_MCPCOUNTER","PFI",296,73,0.824077612319367,-0.279147876853456,0.619542420656484,1.0961378728617,0.183740777278049,0.548695464673327,"CESC",0.563710328935819,"Benchmark infiltration","Mac/Mono
MCPcounter","Protective"
"Monocyte_MCPCOUNTER","PFI",296,73,0.824077612319367,-0.279147876853456,0.619542420656484,1.0961378728617,0.183740777278049,0.548695464673327,"CESC",0.563710328935819,"Benchmark infiltration","Monocyte
MCPcounter","Protective"
"Myeloid dendritic cell_MCPCOUNTER","PFI",296,73,0.667118658846368,-0.583984701837536,0.482198945495391,0.922953708502523,0.0145230732807548,0.605908143462948,"CESC",0.147152904271178,"Benchmark infiltration","myDC
MCPcounter","Protective"
"Macrophage_XCELL","PFI",296,73,0.734649407234554,-0.444872170264368,0.534438610105169,1.00986295029073,0.0574979817929474,0.574103356572989,"CESC",0.30241304927741,"Benchmark infiltration","Macrophage
xCell","Protective"
"Macrophage M1_XCELL","PFI",296,73,0.693937332337676,-0.527122712210478,0.510569902044698,0.943159828425946,0.0196090924255513,0.572701789693093,"CESC",0.175463177677985,"Benchmark infiltration","M1 macrophage
xCell","Protective"
"Macrophage M2_XCELL","PFI",296,73,0.741632381222309,-0.431223858463072,0.557087159639842,0.987311553246101,0.0406154730335189,0.567778336807302,"CESC",0.256734503854078,"Benchmark infiltration","M2 macrophage
xCell","Protective"
"Monocyte_XCELL","PFI",296,73,0.782908308588529,-0.353084740743407,0.591766617991724,1.03578911182436,0.0865767643878767,0.510781283691512,"CESC",0.370505532069858,"Benchmark infiltration","Monocyte
xCell","Protective"
"Myeloid dendritic cell_XCELL","PFI",296,73,0.498500930592557,-1.00433189706427,0.338232547271641,0.734711014082473,0.000435253466783178,0.646050456407676,"CESC",0.0176405669772711,"Benchmark infiltration","myDC
xCell","Protective"
"immune score_XCELL","PFI",296,73,0.505051550980668,-0.985497442570624,0.343125699491973,0.74339249297165,0.000533309717827336,0.621720692877165,"CESC",0.018836697562117,"Benchmark infiltration","Immune score
xCell","Protective"
"stroma score_XCELL","PFI",296,73,1.1321692396205,0.179089632119776,0.95724922600177,1.33905272767542,0.14713837595828,0.553367354272982,"CESC",0.501569200376314,"Benchmark infiltration","Stroma score
xCell","Adverse"
"microenvironment score_XCELL","PFI",296,73,0.661516932174377,-0.596150010716934,0.480470773450801,0.910783081373438,0.0113171291612147,0.592036225113203,"CESC",0.126269388537269,"Benchmark infiltration","Microenv score
xCell","Protective"
"Macrophage_EPIC","PFI",296,73,0.656742533603863,-0.606600201194097,0.454167873397758,0.949672534557903,0.025458580602904,0.567958024868828,"CESC",0.202423788477827,"Benchmark infiltration","Macrophage
EPIC","Protective"
"Macrophage M1_QUANTISEQ","PFI",296,73,1.06527802495713,0.0912300059257402,0.833325699604813,1.36179319921937,0.613762408480369,0.494357794868109,"CESC",0.862335026625775,"Benchmark infiltration","M1 macrophage
quanTIseq","Adverse"
"Macrophage M2_QUANTISEQ","PFI",296,73,0.652999834767339,-0.614845468169823,0.496464666555394,0.858890497011018,0.00230522307654219,0.627901962193632,"CESC",0.0512354419270183,"Benchmark infiltration","M2 macrophage
quanTIseq","Protective"
"Monocyte_QUANTISEQ","PFI",296,73,1.0859148431788,0.118910972257712,0.954596088847705,1.23529842664605,0.210073482624984,0.498885934018544,"CESC",0.583631570679896,"Benchmark infiltration","Monocyte
quanTIseq","Adverse"
"Macrophage M0_CIBERSORT","PFI",296,73,1.04789068628446,0.0674882258631252,0.836131186182764,1.31328062934097,0.684639801733861,0.538273557104866,"CESC",0.899732978945623,"Benchmark infiltration","M0 macrophage
CIBERSORT","Adverse"
"Macrophage M1_CIBERSORT","PFI",296,73,0.85944395984512,-0.218524523234473,0.674508956610898,1.09508393161391,0.220486979043122,0.552073600230001,"CESC",0.597459204514922,"Benchmark infiltration","M1 macrophage
CIBERSORT","Protective"
"Macrophage M2_CIBERSORT","PFI",296,73,0.927495062532266,-0.108588493239285,0.729136439474185,1.17981634773609,0.539826634544404,0.510098469057716,"CESC",0.830224444645301,"Benchmark infiltration","M2 macrophage
CIBERSORT","Protective"
"MDR_injury","DFI",176,27,1.21694862951412,0.283268269522933,0.818277061360961,1.80985638826676,0.332249480873568,0.559266922849542,"CESC",0.686495457558148,"MDRi","MDR injury","Adverse"
"MDR_resolution","DFI",176,27,1.015826029154,0.022653346630135,0.694328528972634,1.486187702864,0.935537940607784,0.504581732190364,"CESC",0.98453772858909,"MDRi","MDR resolution","Adverse"
"MDR_apc_ifn","DFI",176,27,1.11460404679538,0.156531296534248,0.761188908281954,1.63210757226702,0.577115721502079,0.505764114691102,"CESC",0.835962744234266,"MDRi","MDR APC/IFN","Adverse"
"MDR_axis","DFI",176,27,1.15175434073962,0.203833035191287,0.777950206746946,1.7051709092791,0.480352290288459,0.517292344073308,"CESC",0.793099644756845,"MDRi","MDR axis","Adverse"
"Macrophage_TIMER","DFI",176,27,1.190873944971,0.252020710775627,0.855128051602969,1.65844255740688,0.301236265122433,0.590452261306533,"CESC",0.686495457558148,"Benchmark infiltration","Macrophage
TIMER","Adverse"
"Macrophage/Monocyte_MCPCOUNTER","DFI",176,27,0.697013406229984,-0.520741689990922,0.403994313480025,1.20256071002431,0.194592417059286,0.56104049660065,"CESC",0.641150404646577,"Benchmark infiltration","Mac/Mono
MCPcounter","Protective"
"Monocyte_MCPCOUNTER","DFI",176,27,0.697013406229984,-0.520741689990922,0.403994313480025,1.20256071002431,0.194592417059286,0.56104049660065,"CESC",0.641150404646577,"Benchmark infiltration","Monocyte
MCPcounter","Protective"
"Myeloid dendritic cell_MCPCOUNTER","DFI",176,27,0.726966164457498,-0.460039877242288,0.438321468914585,1.2056899826849,0.216709948097595,0.587939698492462,"CESC",0.641150404646577,"Benchmark infiltration","myDC
MCPcounter","Protective"
"Macrophage_XCELL","DFI",176,27,0.642895161141456,-0.63734460279772,0.353231226571708,1.17009527224002,0.14821909429157,0.597250960685782,"CESC",0.641150404646577,"Benchmark infiltration","Macrophage
xCell","Protective"
"Macrophage M1_XCELL","DFI",176,27,0.653734141670887,-0.6132240501018,0.384524634133946,1.11141989367917,0.116457334991463,0.588530889742832,"CESC",0.623333303253342,"Benchmark infiltration","M1 macrophage
xCell","Protective"
"Macrophage M2_XCELL","DFI",176,27,0.689863130130675,-0.535617937444022,0.420574644077712,1.13157353876463,0.141452575039546,0.575820277859888,"CESC",0.641150404646577,"Benchmark infiltration","M2 macrophage
xCell","Protective"
"Monocyte_XCELL","DFI",176,27,0.644173647710931,-0.634478451699055,0.374782528062062,1.1072012629588,0.111507666854539,0.535323677209577,"CESC",0.623333303253342,"Benchmark infiltration","Monocyte
xCell","Protective"
"Myeloid dendritic cell_XCELL","DFI",176,27,0.556776339567678,-0.844830190298514,0.303047516948847,1.02294153545138,0.0591767934130528,0.600354714750222,"CESC",0.554329554624311,"Benchmark infiltration","myDC
xCell","Protective"
"immune score_XCELL","DFI",176,27,0.399945871851012,-1.32212333412788,0.193743795401631,0.825609408957208,0.0132056745968143,0.655335501034585,"CESC",0.340954607376935,"Benchmark infiltration","Immune score
xCell","Protective"
"stroma score_XCELL","DFI",176,27,1.2860764653321,0.362976422507126,1.03834970123642,1.59290523482755,0.0211839875040146,0.65193615134496,"CESC",0.373978856320872,"Benchmark infiltration","Stroma score
xCell","Adverse"
"microenvironment score_XCELL","DFI",176,27,0.693020887043296,-0.529029260303117,0.409678126020934,1.17232998144923,0.171569682203869,0.578185042861366,"CESC",0.641150404646577,"Benchmark infiltration","Microenv score
xCell","Protective"
"Macrophage_EPIC","DFI",176,27,0.63246830196538,-0.66093491823187,0.330839213568116,1.20909534476515,0.16584863530542,0.555719775347325,"CESC",0.641150404646577,"Benchmark infiltration","Macrophage
EPIC","Protective"
"Macrophage M1_QUANTISEQ","DFI",176,27,1.12521218691376,0.170197083347222,0.770773760602221,1.64263825560177,0.541095849003181,0.512562814070352,"CESC",0.822394022160464,"Benchmark infiltration","M1 macrophage
quanTIseq","Adverse"
"Macrophage M2_QUANTISEQ","DFI",176,27,0.743239351901818,-0.428101205531415,0.475929889556526,1.16068510580449,0.191974202880277,0.586313922553946,"CESC",0.641150404646577,"Benchmark infiltration","M2 macrophage
quanTIseq","Protective"
"Monocyte_QUANTISEQ","DFI",176,27,1.09378487691367,0.129329020097586,0.810445037766346,1.47618320948986,0.557859728882097,0.522169671888856,"CESC",0.825992308248008,"Benchmark infiltration","Monocyte
quanTIseq","Adverse"
"Macrophage M0_CIBERSORT","DFI",176,27,0.999949809800575,-7.24109689874979e-05,0.68265701151761,1.46471742800581,0.999794372333174,0.473396393733373,"CESC",0.999794372333174,"Benchmark infiltration","M0 macrophage
CIBERSORT","Protective"
"Macrophage M1_CIBERSORT","DFI",176,27,0.798292353330078,-0.325010903003882,0.534620996076581,1.1920045902836,0.270753339062387,0.591486845994679,"CESC",0.686495457558148,"Benchmark infiltration","M1 macrophage
CIBERSORT","Protective"
"Macrophage M2_CIBERSORT","DFI",176,27,1.04338575488834,0.0612726418209759,0.724439524479728,1.50275322744951,0.819516733296623,0.533550103458469,"CESC",0.924221573914374,"Benchmark infiltration","M2 macrophage
CIBERSORT","Adverse"
"MDR_injury","OS",309,78,1.09383476934554,0.129394826385413,0.881124764795076,1.35789453484204,0.416269115480319,0.511290792540793,"COAD",0.668618786522793,"MDRi","MDR injury","Adverse"
"MDR_resolution","OS",309,78,1.14174485691077,0.191240290985335,0.919066900050766,1.4183747866561,0.231101307134374,0.533143939393939,"COAD",0.495977826364025,"MDRi","MDR resolution","Adverse"
"MDR_apc_ifn","OS",309,78,1.03520134627374,0.049911398661359,0.833376492178341,1.28590359505561,0.754533477189871,0.492278554778555,"COAD",0.910137657310739,"MDRi","MDR APC/IFN","Adverse"
"MDR_axis","OS",309,78,0.88690763303387,-0.173144231965058,0.707620909707292,1.11161942608384,0.297603295477128,0.540938228438228,"COAD",0.554080578407176,"MDRi","MDR axis","Protective"
"Macrophage_TIMER","OS",304,77,1.18788395161045,0.248393901278515,1.0040141458859,1.40542669470915,0.044786458169642,0.520653398422831,"COAD",0.18889526574951,"Benchmark infiltration","Macrophage
TIMER","Adverse"
"Macrophage/Monocyte_MCPCOUNTER","OS",304,77,1.14041237965876,0.189555605538417,0.932087733646432,1.39529826295546,0.201733000031085,0.516485167104769,"COAD",0.461529372764845,"Benchmark infiltration","Mac/Mono
MCPcounter","Adverse"
"Monocyte_MCPCOUNTER","OS",304,77,1.14041237965876,0.189555605538417,0.932087733646432,1.39529826295546,0.201733000031085,0.516485167104769,"COAD",0.461529372764845,"Benchmark infiltration","Monocyte
MCPcounter","Adverse"
"Myeloid dendritic cell_MCPCOUNTER","OS",304,77,1.03774508464711,0.0534520985307457,0.836325777605032,1.28767388205249,0.736477780363097,0.4866691701089,"COAD",0.90240360439747,"Benchmark infiltration","myDC
MCPcounter","Adverse"
"Macrophage_XCELL","OS",304,77,1.08877813891784,0.122710005026322,0.879708130900923,1.34753538605056,0.434303025899052,0.50390536988359,"COAD",0.689299242521323,"Benchmark infiltration","Macrophage
xCell","Adverse"
"Macrophage M1_XCELL","OS",304,77,1.127674229191,0.173350351592337,0.907952340847894,1.40056819061008,0.277182442244329,0.514832895230943,"COAD",0.549051483039885,"Benchmark infiltration","M1 macrophage
xCell","Adverse"
"Macrophage M2_XCELL","OS",304,77,1.06089186794721,0.0852776161713087,0.838286367288606,1.34260987580755,0.622765357997548,0.515208411565903,"COAD",0.856129760440088,"Benchmark infiltration","M2 macrophage
xCell","Adverse"
"Monocyte_XCELL","OS",304,77,1.01971335157109,0.0281636576999408,0.852403794328207,1.21986237777349,0.830942061810624,0.492677431468269,"COAD",0.94371345921095,"Benchmark infiltration","Monocyte
xCell","Adverse"
"Myeloid dendritic cell_XCELL","OS",304,77,0.975053117789401,-0.0364472804518227,0.789255794382515,1.20458866349489,0.814811392331421,0.531843785204656,"COAD",0.939001976292716,"Benchmark infiltration","myDC
xCell","Protective"
"immune score_XCELL","OS",304,77,1.15443864234599,0.207191496857794,0.926843527554355,1.43792187065093,0.199888903324671,0.503079233946677,"COAD",0.460710483499242,"Benchmark infiltration","Immune score
xCell","Adverse"
"stroma score_XCELL","OS",304,77,1.2802857455249,0.356465839634819,1.07326995971073,1.52723140656619,0.00603754029316604,0.597859556890725,"COAD",0.0527221828417316,"Benchmark infiltration","Stroma score
xCell","Adverse"
"microenvironment score_XCELL","OS",304,77,1.2439681769933,0.314949579133154,1.02536639785951,1.50917450445266,0.0268277000618599,0.553360871197897,"COAD",0.140959102019942,"Benchmark infiltration","Microenv score
xCell","Adverse"
"Macrophage_EPIC","OS",304,77,1.25312046796437,0.325525113925937,1.03010919403462,1.52441208788828,0.024030015190541,0.536087119789711,"COAD",0.131846101045446,"Benchmark infiltration","Macrophage
EPIC","Adverse"
"Macrophage M1_QUANTISEQ","OS",304,77,0.990299522618364,-0.0140631510680259,0.770184980904667,1.27332156405625,0.93941665632479,0.519939917386406,"COAD",0.983535166665992,"Benchmark infiltration","M1 macrophage
quanTIseq","Protective"
"Macrophage M2_QUANTISEQ","OS",304,77,1.16474472632287,0.220013798293491,0.933729831911316,1.45291521287261,0.176358585280761,0.517348854675178,"COAD",0.439125794674988,"Benchmark infiltration","M2 macrophage
quanTIseq","Adverse"
"Monocyte_QUANTISEQ","OS",304,77,1.22413081810523,0.291757741483882,1.08719220614357,1.37831769890106,0.000834419176433151,0.510364250844912,"COAD",0.0161668715433923,"Benchmark infiltration","Monocyte
quanTIseq","Adverse"
"Macrophage M0_CIBERSORT","OS",304,77,0.995969138432702,-0.00582705592724438,0.792639645144645,1.2514571164673,0.972344633797251,0.52523469770935,"COAD",0.991535646306407,"Benchmark infiltration","M0 macrophage
CIBERSORT","Protective"
"Macrophage M1_CIBERSORT","OS",304,77,1.09124573291393,0.12597601251135,0.877634844926406,1.35684818861393,0.432087905180306,0.500337964701465,"COAD",0.688674810313084,"Benchmark infiltration","M1 macrophage
CIBERSORT","Adverse"
"Macrophage M2_CIBERSORT","OS",304,77,1.12000199280475,0.163501299253393,0.896843959449231,1.39868753161583,0.317485264813896,0.55133308298911,"COAD",0.570553229520624,"Benchmark infiltration","M2 macrophage
CIBERSORT","Adverse"
"MDR_injury","DSS",294,40,1.42534024550266,0.511306348685399,1.04657500843401,1.94118414741192,0.0245241011980633,0.558466366489289,"COAD",0.143219908980678,"MDRi","MDR injury","Adverse"
"MDR_resolution","DSS",294,40,1.40087324760257,0.486326425199244,1.0307586182189,1.9038849844783,0.031279347288387,0.566243689452859,"COAD",0.165005731108464,"MDRi","MDR resolution","Adverse"
"MDR_apc_ifn","DSS",294,40,1.2182455906232,0.28480500077972,0.900191578875683,1.64867385332186,0.200959399686576,0.531177513985537,"COAD",0.466150214732383,"MDRi","MDR APC/IFN","Adverse"
"MDR_axis","DSS",294,40,0.856528253268357,-0.223427259345309,0.622754731742899,1.1780571246624,0.340937318990714,0.530768181197981,"COAD",0.597554008331286,"MDRi","MDR axis","Protective"
"Macrophage_TIMER","DSS",289,40,1.20293818838768,0.266562513172671,0.953866972310444,1.51704622037221,0.118536243694184,0.48639977681685,"COAD",0.357527315478159,"Benchmark infiltration","Macrophage
TIMER","Adverse"
"Macrophage/Monocyte_MCPCOUNTER","DSS",289,40,1.25093701974139,0.323009156734741,0.973496785556728,1.60744591104587,0.0801161672200525,0.545124843074348,"COAD",0.288023203536584,"Benchmark infiltration","Mac/Mono
MCPcounter","Adverse"
"Monocyte_MCPCOUNTER","DSS",289,40,1.25093701974139,0.323009156734741,0.973496785556728,1.60744591104587,0.0801161672200525,0.545124843074348,"COAD",0.288023203536584,"Benchmark infiltration","Monocyte
MCPcounter","Adverse"
"Myeloid dendritic cell_MCPCOUNTER","DSS",289,40,1.02908322958531,0.0413596683875384,0.758877400501354,1.39549852547208,0.853638545418536,0.497140465894825,"COAD",0.941529568215797,"Benchmark infiltration","myDC
MCPcounter","Adverse"
"Macrophage_XCELL","DSS",289,40,1.14743041644622,0.198406667023127,0.870386939366649,1.51265661401582,0.329362451721834,0.507741665504254,"COAD",0.591823155437671,"Benchmark infiltration","Macrophage
xCell","Adverse"
"Macrophage M1_XCELL","DSS",289,40,1.19991406158239,0.262931083026582,0.898245567840242,1.60289547394597,0.217352030262932,0.533268238248012,"COAD",0.490107519220336,"Benchmark infiltration","M1 macrophage
xCell","Adverse"
"Macrophage M2_XCELL","DSS",289,40,1.1569709872228,0.210352687163994,0.861590644767002,1.55361699132341,0.332323362677004,0.5193192913935,"COAD",0.594334990862576,"Benchmark infiltration","M2 macrophage
xCell","Adverse"
"Monocyte_XCELL","DSS",289,40,1.07015641552712,0.0978216783209188,0.864495948446891,1.32474276571374,0.533474193975812,0.483470497977403,"COAD",0.730693381779572,"Benchmark infiltration","Monocyte
xCell","Adverse"
"Myeloid dendritic cell_XCELL","DSS",289,40,1.06206341487112,0.0868699107641755,0.812416494644996,1.38842416992111,0.659623567324397,0.508927325986888,"COAD",0.83234476233389,"Benchmark infiltration","myDC
xCell","Adverse"
"immune score_XCELL","DSS",289,40,1.43324462298993,0.519284866582095,1.12221703589965,1.83047492919474,0.00392939929297955,0.556702468963593,"COAD",0.0451880918692648,"Benchmark infiltration","Immune score
xCell","Adverse"
"stroma score_XCELL","DSS",289,40,1.3112233185785,0.390913416428001,1.03090407443295,1.6677658317819,0.0272457022542188,0.632445250383596,"COAD",0.150637296117075,"Benchmark infiltration","Stroma score
xCell","Adverse"
"microenvironment score_XCELL","DSS",289,40,1.44300538172703,0.529076680408746,1.13914934813922,1.82791179672315,0.00236653878060498,0.593806667596597,"COAD",0.0342159236868364,"Benchmark infiltration","Microenv score
xCell","Adverse"
"Macrophage_EPIC","DSS",289,40,1.31358832400168,0.393513208705415,1.01805079542451,1.69491963731931,0.0359461425119782,0.54791463244525,"COAD",0.179661814960732,"Benchmark infiltration","Macrophage
EPIC","Adverse"
"Macrophage M1_QUANTISEQ","DSS",289,40,1.04439229203991,0.0626637152367496,0.739733852767394,1.47452391909847,0.805040424257785,0.483749476914493,"COAD",0.914818663929301,"Benchmark infiltration","M1 macrophage
quanTIseq","Adverse"
"Macrophage M2_QUANTISEQ","DSS",289,40,1.06234742582975,0.0872556564929907,0.773871372629543,1.45835870544259,0.708296406135858,0.474333937787697,"COAD",0.866532837293869,"Benchmark infiltration","M2 macrophage
quanTIseq","Adverse"
"Monocyte_QUANTISEQ","DSS",289,40,0.465314188239906,-1.10372291683739,1.23129509253273e-227,1.75845169115395e+226,0.99770680583309,0.500418468405635,"COAD",0.999444971000046,"Benchmark infiltration","Monocyte
quanTIseq","Protective"
"Macrophage M0_CIBERSORT","DSS",289,40,0.851784799323089,-0.231439110639959,0.600589695204076,1.20804161335359,0.368211060562055,0.577207420839727,"COAD",0.619389118149555,"Benchmark infiltration","M0 macrophage
CIBERSORT","Protective"
"Macrophage M1_CIBERSORT","DSS",289,40,1.14714519919883,0.198048011149945,0.851255563346712,1.54588370955404,0.367105258638769,0.537452922304366,"COAD",0.619389118149555,"Benchmark infiltration","M1 macrophage
CIBERSORT","Adverse"
"Macrophage M2_CIBERSORT","DSS",289,40,1.14488172301098,0.195198562130566,0.839614061082082,1.56113888563908,0.392483256057857,0.538150369647092,"COAD",0.63571231615005,"Benchmark infiltration","M2 macrophage
CIBERSORT","Adverse"
"MDR_injury","PFI",308,92,1.18330998149895,0.242828053551302,0.961626841901391,1.45609757475823,0.111774068567958,0.534028667987414,"COAD",0.435092375413065,"MDRi","MDR injury","Adverse"
"MDR_resolution","PFI",308,92,1.06111734480247,0.0855842070571431,0.866743981668933,1.29908028582161,0.565532762180771,0.521908868430253,"COAD",0.844004476626952,"MDRi","MDR resolution","Adverse"
"MDR_apc_ifn","PFI",308,92,0.9376776508193,-0.0928360479373143,0.763816150035667,1.15111388624729,0.538560663212351,0.519228528143573,"COAD",0.830224444645301,"MDRi","MDR APC/IFN","Protective"
"MDR_axis","PFI",308,92,1.09227823835022,0.127340403837715,0.893681461818241,1.33500783102975,0.388636425250788,0.511770189954551,"COAD",0.754283090134629,"MDRi","MDR axis","Adverse"
"Macrophage_TIMER","PFI",303,91,1.05672746340489,0.0796033446557148,0.868785527480015,1.28532635108821,0.580797109757542,0.526056676272815,"COAD",0.860578943275153,"Benchmark infiltration","Macrophage
TIMER","Adverse"
"Macrophage/Monocyte_MCPCOUNTER","PFI",303,91,1.02097816592003,0.0299520138594787,0.830039936929219,1.2558388685993,0.844191465728021,0.513088376560999,"COAD",0.95965440339501,"Benchmark infiltration","Mac/Mono
MCPcounter","Adverse"
"Monocyte_MCPCOUNTER","PFI",303,91,1.02097816592003,0.0299520138594787,0.830039936929219,1.2558388685993,0.844191465728021,0.513088376560999,"COAD",0.95965440339501,"Benchmark infiltration","Monocyte
MCPcounter","Adverse"
"Myeloid dendritic cell_MCPCOUNTER","PFI",303,91,0.940631660658113,-0.0882982022983901,0.751985834915231,1.17660184534218,0.592014593552975,0.52623679154659,"COAD",0.862335026625775,"Benchmark infiltration","myDC
MCPcounter","Protective"
"Macrophage_XCELL","PFI",303,91,0.998911512423704,-0.00157121090538264,0.81363605977493,1.22637658159919,0.991698390146238,0.495377041306436,"COAD",0.998145288522339,"Benchmark infiltration","Macrophage
xCell","Protective"
"Macrophage M1_XCELL","PFI",303,91,1.08486272212341,0.117512496456097,0.889531647176056,1.32308628882327,0.421278097449533,0.521703890489914,"COAD",0.771216873967342,"Benchmark infiltration","M1 macrophage
xCell","Adverse"
"Macrophage M2_XCELL","PFI",303,91,0.873480260801111,-0.195152993881698,0.681585481363063,1.11940143514114,0.285172185288994,0.522214217098943,"COAD",0.678609251520881,"Benchmark infiltration","M2 macrophage
xCell","Protective"
"Monocyte_XCELL","PFI",303,91,0.965429394608451,-0.0507573414317157,0.788881395781317,1.18148801703065,0.732772872375394,0.51293828049952,"COAD",0.91470918852047,"Benchmark infiltration","Monocyte
xCell","Protective"
"Myeloid dendritic cell_XCELL","PFI",303,91,0.958932898507651,-0.0604982289424041,0.792408932130638,1.16045171445479,0.666548343323571,0.511137127761768,"COAD",0.891751084562991,"Benchmark infiltration","myDC
xCell","Protective"
"immune score_XCELL","PFI",303,91,1.15753909474752,0.211060919918261,0.947725337022655,1.41380282190017,0.151637442096878,0.504322766570605,"COAD",0.509649744413409,"Benchmark infiltration","Immune score
xCell","Adverse"
"stroma score_XCELL","PFI",303,91,1.10589025731394,0.145208227268489,0.912524831297031,1.3402301167888,0.304685410892568,0.576999279538905,"COAD",0.688289338049112,"Benchmark infiltration","Stroma score
xCell","Adverse"
"microenvironment score_XCELL","PFI",303,91,1.15674328242607,0.210068720741341,0.954326114709081,1.40209410684075,0.137908690933045,0.533081171950048,"COAD",0.477482854537026,"Benchmark infiltration","Microenv score
xCell","Adverse"
"Macrophage_EPIC","PFI",303,91,1.06237358565487,0.0872911817687952,0.86275222065812,1.30818282291554,0.568831382504394,0.512367915465898,"COAD",0.846489897506539,"Benchmark infiltration","Macrophage
EPIC","Adverse"
"Macrophage M1_QUANTISEQ","PFI",303,91,1.00896140984913,0.0128709961648227,0.802979282109294,1.26778255584704,0.938961400733958,0.489613352545629,"COAD",0.978735862489708,"Benchmark infiltration","M1 macrophage
quanTIseq","Adverse"
"Macrophage M2_QUANTISEQ","PFI",303,91,0.970956199050529,-0.0425218794054954,0.783866358990543,1.2026998348146,0.787245568806028,0.529959173871278,"COAD",0.933583815675306,"Benchmark infiltration","M2 macrophage
quanTIseq","Protective"
"Monocyte_QUANTISEQ","PFI",303,91,0.473716910255632,-1.07790292221548,1.16673563269221e-154,1.92338096801181e+153,0.996696601601407,0.500390249759846,"COAD",0.998145288522339,"Benchmark infiltration","Monocyte
quanTIseq","Protective"
"Macrophage M0_CIBERSORT","PFI",303,91,0.946200373392714,-0.0797823647165929,0.765687855597115,1.16926909583844,0.608625315649139,0.53365153698367,"COAD",0.862335026625775,"Benchmark infiltration","M0 macrophage
CIBERSORT","Protective"
"Macrophage M1_CIBERSORT","PFI",303,91,0.942926796102548,-0.0847823229257598,0.758036723355582,1.1729127566174,0.597687372616881,0.521283621517771,"COAD",0.862335026625775,"Benchmark infiltration","M1 macrophage
CIBERSORT","Protective"
"Macrophage M2_CIBERSORT","PFI",303,91,1.11826251083548,0.161258898936601,0.913181350345448,1.36940054970135,0.279543579232027,0.546409702209414,"COAD",0.67344589542261,"Benchmark infiltration","M2 macrophage
CIBERSORT","Adverse"
"MDR_injury","DFI",115,17,0.812827357534848,-0.298979134810199,0.4920240583306,1.3427967636354,0.418440272939686,0.606766917293233,"COAD",0.750250333122328,"MDRi","MDR injury","Protective"
"MDR_resolution","DFI",115,17,0.687074124011654,-0.541462344351453,0.413394367026544,1.14193827865117,0.147640171698429,0.590977443609022,"COAD",0.641150404646577,"MDRi","MDR resolution","Protective"
"MDR_apc_ifn","DFI",115,17,0.664452543230937,-0.589761932391653,0.389876827019032,1.13240170128015,0.132878250618864,0.601503759398496,"COAD",0.641150404646577,"MDRi","MDR APC/IFN","Protective"
"MDR_axis","DFI",115,17,1.37046397744545,0.454664407518806,0.881423386054896,2.13083921210893,0.161670635784718,0.52781954887218,"COAD",0.641150404646577,"MDRi","MDR axis","Adverse"
"Macrophage_TIMER","DFI",113,17,0.50442581491849,-0.987285984760725,0.181767350350646,1.39984107302733,0.188819799192823,0.567204301075269,"COAD",0.641150404646577,"Benchmark infiltration","Macrophage
TIMER","Protective"
"Macrophage/Monocyte_MCPCOUNTER","DFI",113,17,0.585472880606579,-0.772325748961097,0.255228901431204,1.34302381902529,0.206320535417622,0.585253456221198,"COAD",0.641150404646577,"Benchmark infiltration","Mac/Mono
MCPcounter","Protective"
"Monocyte_MCPCOUNTER","DFI",113,17,0.585472880606579,-0.772325748961097,0.255228901431204,1.34302381902529,0.206320535417622,0.585253456221198,"COAD",0.641150404646577,"Benchmark infiltration","Monocyte
MCPcounter","Protective"
"Myeloid dendritic cell_MCPCOUNTER","DFI",113,17,0.411494076852952,-1.2810564305986,0.134992673488763,1.25434492783165,0.118413563367817,0.6321044546851,"COAD",0.623972564892688,"Benchmark infiltration","myDC
MCPcounter","Protective"
"Macrophage_XCELL","DFI",113,17,0.38946068969203,-1.36045037802128,0.125571340530827,1.207915979667,0.102495667431111,0.622887864823349,"COAD",0.616397744132872,"Benchmark infiltration","Macrophage
xCell","Protective"
"Macrophage M1_XCELL","DFI",113,17,0.525193764021861,-0.929078308641612,0.235440888009221,1.17154030508349,0.115671558795126,0.604070660522273,"COAD",0.623333303253342,"Benchmark infiltration","M1 macrophage
xCell","Protective"
"Macrophage M2_XCELL","DFI",113,17,0.427380643413437,-1.22640652681436,0.16243952043719,1.12444443244407,0.0850102320545478,0.615591397849462,"COAD",0.59120752292481,"Benchmark infiltration","M2 macrophage
xCell","Protective"
"Monocyte_XCELL","DFI",113,17,0.0212941303231271,-5.5534003800148,0.000399345433307091,1.1354580480945,0.0577821086523531,0.668586789554531,"COAD",0.554329554624311,"Benchmark infiltration","Monocyte
xCell","Protective"
"Myeloid dendritic cell_XCELL","DFI",113,17,0.409423190620749,-1.28833527282405,0.141931266838373,1.18104595803377,0.0985114372140061,0.669354838709677,"COAD",0.616397744132872,"Benchmark infiltration","myDC
xCell","Protective"
"immune score_XCELL","DFI",113,17,0.78630369910906,-0.346841453429109,0.427853032992775,1.44506047534091,0.438764473688589,0.619047619047619,"COAD",0.759973182728537,"Benchmark infiltration","Immune score
xCell","Protective"
"stroma score_XCELL","DFI",113,17,0.757660941457712,-0.400375718142747,0.401052171838426,1.43136016339006,0.392529980251381,0.549155145929339,"COAD",0.733570177737611,"Benchmark infiltration","Stroma score
xCell","Protective"
"microenvironment score_XCELL","DFI",113,17,0.743290443630231,-0.428002035257851,0.394365380327463,1.40093606374188,0.358930610485997,0.604454685099846,"COAD",0.709139370123169,"Benchmark infiltration","Microenv score
xCell","Protective"
"Macrophage_EPIC","DFI",113,17,0.47581011412701,-1.07154215594106,0.181949942353435,1.24427225300126,0.129934114106298,0.630568356374808,"COAD",0.641150404646577,"Benchmark infiltration","Macrophage
EPIC","Protective"
"Macrophage M1_QUANTISEQ","DFI",113,17,0.62628504069234,-0.675108675431702,0.358571461915947,1.09387665738705,0.100049410139582,0.629032258064516,"COAD",0.616397744132872,"Benchmark infiltration","M1 macrophage
quanTIseq","Protective"
"Macrophage M2_QUANTISEQ","DFI",113,17,0.713557997143768,-0.486897399886786,0.412343398020362,1.23480821502733,0.227752681052855,0.60752688172043,"COAD",0.645299262983088,"Benchmark infiltration","M2 macrophage
quanTIseq","Protective"
"Macrophage M0_CIBERSORT","DFI",113,17,1.07174941958222,0.0999676358476088,0.689345560510967,1.6662859444883,0.758274628881115,0.536098310291859,"COAD",0.899348978440393,"Benchmark infiltration","M0 macrophage
CIBERSORT","Adverse"
"Macrophage M1_CIBERSORT","DFI",113,17,0.846082018152613,-0.241130571676173,0.498129494407437,1.43708571662227,0.536330208825547,0.551075268817204,"COAD",0.820585219503087,"Benchmark infiltration","M1 macrophage
CIBERSORT","Protective"
"Macrophage M2_CIBERSORT","DFI",113,17,0.798845432480392,-0.324011709839257,0.485187750386664,1.31527233423807,0.377352927055434,0.540706605222734,"COAD",0.724707085851231,"Benchmark infiltration","M2 macrophage
CIBERSORT","Protective"
"MDR_injury","OS",193,81,1.23832622413747,0.308391427595029,0.981415407012275,1.5624900795626,0.0715711600846421,0.555542197643664,"ESCA",0.249737212385486,"MDRi","MDR injury","Adverse"
"MDR_resolution","OS",193,81,1.15270950428087,0.205028983468873,0.937503752911246,1.41731614101094,0.177694351669227,0.528492426063958,"ESCA",0.440681992139683,"MDRi","MDR resolution","Adverse"
"MDR_apc_ifn","OS",193,81,1.02561923555218,0.0364952251577347,0.833405185563303,1.26216495236188,0.811179462665226,0.512022120702092,"ESCA",0.939001976292716,"MDRi","MDR APC/IFN","Adverse"
"MDR_axis","OS",193,81,0.984041369451403,-0.0232091266319862,0.789674910255664,1.22624817404707,0.886060674408307,0.489901418610243,"ESCA",0.970535358578482,"MDRi","MDR axis","Protective"
"Macrophage_TIMER","OS",193,81,1.04295061477013,0.0606708457646307,0.838047033450137,1.29795338618558,0.706306335931199,0.479382062995912,"ESCA",0.893693731178251,"Benchmark infiltration","Macrophage
TIMER","Adverse"
"Macrophage/Monocyte_MCPCOUNTER","OS",193,81,1.11818585256431,0.161159997026313,0.906451963886912,1.37937767326739,0.296967572497179,0.516590526568887,"ESCA",0.554080578407176,"Benchmark infiltration","Mac/Mono
MCPcounter","Adverse"
"Monocyte_MCPCOUNTER","OS",193,81,1.11818585256431,0.161159997026313,0.906451963886912,1.37937767326739,0.296967572497179,0.516590526568887,"ESCA",0.554080578407176,"Benchmark infiltration","Monocyte
MCPcounter","Adverse"
"Myeloid dendritic cell_MCPCOUNTER","OS",193,81,1.04943060286509,0.0696067667132884,0.862798949799903,1.27643246492732,0.629160549187203,0.517191632603991,"ESCA",0.861102738401912,"Benchmark infiltration","myDC
MCPcounter","Adverse"
"Macrophage_XCELL","OS",193,81,1.05769348646263,0.0809216032284371,0.848319733225203,1.3187427658346,0.618220236473802,0.556203414282279,"ESCA",0.853252405418389,"Benchmark infiltration","Macrophage
xCell","Adverse"
"Macrophage M1_XCELL","OS",193,81,1.05309718500519,0.074638581525338,0.849720755828551,1.30515074918285,0.636539082115532,0.550733349362828,"ESCA",0.862095496188368,"Benchmark infiltration","M1 macrophage
xCell","Adverse"
"Macrophage M2_XCELL","OS",193,81,1.15416533940596,0.206849911379116,0.946951931308885,1.40672148885618,0.155580043954489,0.57075018033181,"ESCA",0.403596766743864,"Benchmark infiltration","M2 macrophage
xCell","Adverse"
"Monocyte_XCELL","OS",193,81,1.04647454146405,0.0655372142688892,0.820354478023278,1.33492166529176,0.714567264258179,0.515147872084636,"ESCA",0.898558824498005,"Benchmark infiltration","Monocyte
xCell","Adverse"
"Myeloid dendritic cell_XCELL","OS",193,81,1.04894521957301,0.0689393361477815,0.84291626929487,1.30533258610075,0.668434230810124,0.521820149074297,"ESCA",0.876171719032298,"Benchmark infiltration","myDC
xCell","Adverse"
"immune score_XCELL","OS",193,81,1.06685391419852,0.0933626394328855,0.872363715695791,1.30470496853815,0.528559395566213,0.538110122625631,"ESCA",0.771074882943652,"Benchmark infiltration","Immune score
xCell","Adverse"
"stroma score_XCELL","OS",193,81,0.911142718196567,-0.134251044473698,0.710655007200488,1.16819137909545,0.463003325520122,0.513584996393364,"ESCA",0.712312808492496,"Benchmark infiltration","Stroma score
xCell","Protective"
"microenvironment score_XCELL","OS",193,81,1.01240441995282,0.0177857110895751,0.808337723780581,1.26798821753149,0.914519047221928,0.514186102428468,"ESCA",0.978954140887776,"Benchmark infiltration","Microenv score
xCell","Adverse"
"Macrophage_EPIC","OS",193,81,1.09905496016264,0.136263532576061,0.897244742743642,1.34625676575653,0.361520069968093,0.553498437124309,"ESCA",0.619178020387342,"Benchmark infiltration","Macrophage
EPIC","Adverse"
"Macrophage M1_QUANTISEQ","OS",193,81,1.14138463362022,0.190785045357475,0.932436452118304,1.39715567629811,0.199887743803958,0.530896850204376,"ESCA",0.460710483499242,"Benchmark infiltration","M1 macrophage
quanTIseq","Adverse"
"Macrophage M2_QUANTISEQ","OS",193,81,0.93377130517191,-0.0988588397001256,0.741336206960651,1.17615845843711,0.560591079789182,0.536186583313296,"ESCA",0.800966695469147,"Benchmark infiltration","M2 macrophage
quanTIseq","Protective"
"Monocyte_QUANTISEQ","OS",193,81,0.922330824110217,-0.116643781654391,0.616407252976045,1.38008458692956,0.694157868057459,0.476737196441452,"ESCA",0.890214162328138,"Benchmark infiltration","Monocyte
quanTIseq","Protective"
"Macrophage M0_CIBERSORT","OS",193,81,0.993006589038219,-0.0101248041818257,0.761842116287157,1.29431290918766,0.958603584974755,0.500180331810531,"ESCA",0.986098692741936,"Benchmark infiltration","M0 macrophage
CIBERSORT","Protective"
"Macrophage M1_CIBERSORT","OS",193,81,1.06911325611692,0.0964146925189995,0.871159744659551,1.31204771732376,0.522371114945875,0.504568405866795,"ESCA",0.76565033396322,"Benchmark infiltration","M1 macrophage
CIBERSORT","Adverse"
"Macrophage M2_CIBERSORT","OS",193,81,1.00197587958975,0.00284777917673738,0.78575134187772,1.27770149380908,0.98730196282628,0.497715797066603,"ESCA",0.997350514794122,"Benchmark infiltration","M2 macrophage
CIBERSORT","Adverse"
"MDR_injury","DSS",190,52,1.35285334623473,0.436005454889272,1.01099707127011,1.810304132849,0.041996240332469,0.594997022036927,"ESCA",0.194740630573949,"MDRi","MDR injury","Adverse"
"MDR_resolution","DSS",190,52,1.21016110273275,0.275199119105096,0.936705770852102,1.56344707178982,0.144390712111351,0.562040897359539,"ESCA",0.403032327495276,"MDRi","MDR resolution","Adverse"
"MDR_apc_ifn","DSS",190,52,1.04294157307021,0.0606583384876875,0.807051643489949,1.34777883622724,0.747919321265432,0.517768513003772,"ESCA",0.888182899637589,"MDRi","MDR APC/IFN","Adverse"
"MDR_axis","DSS",190,52,0.988861831589269,-0.0161591399356578,0.751651071799676,1.30093305080085,0.936207381530001,0.478856462179869,"ESCA",0.981618310549099,"MDRi","MDR axis","Protective"
"Macrophage_TIMER","DSS",190,52,1.15628236503767,0.20949374809455,0.914767942279802,1.46156073677552,0.224466848361315,0.52640460591622,"ESCA",0.496203850624855,"Benchmark infiltration","Macrophage
TIMER","Adverse"
"Macrophage/Monocyte_MCPCOUNTER","DSS",190,52,1.26600067605019,0.340278175172258,0.992764002831357,1.61443979353451,0.0572472041761466,0.557276156442327,"ESCA",0.236813974109959,"Benchmark infiltration","Mac/Mono
MCPcounter","Adverse"
"Monocyte_MCPCOUNTER","DSS",190,52,1.26600067605019,0.340278175172258,0.992764002831357,1.61443979353451,0.0572472041761466,0.557276156442327,"ESCA",0.236813974109959,"Benchmark infiltration","Monocyte
MCPcounter","Adverse"
"Myeloid dendritic cell_MCPCOUNTER","DSS",190,52,1.05621313961154,0.0789009941971407,0.83085185481708,1.34270169804661,0.655136171519909,0.533452451856264,"ESCA",0.829742948510898,"Benchmark infiltration","myDC
MCPcounter","Adverse"
"Macrophage_XCELL","DSS",190,52,1.01694344894835,0.0242394548196155,0.761429280892714,1.35820095747628,0.909392929981205,0.52451856263649,"ESCA",0.969712880863481,"Benchmark infiltration","Macrophage
xCell","Adverse"
"Macrophage M1_XCELL","DSS",190,52,1.08757025018023,0.121108592973591,0.838503668594478,1.41061881227036,0.526986937580429,0.551816557474687,"ESCA",0.729988638160958,"Benchmark infiltration","M1 macrophage
xCell","Adverse"
"Macrophage M2_XCELL","DSS",190,52,1.00859540610444,0.0123475593138532,0.743848736278313,1.36756929682324,0.956063885127556,0.521242803255906,"ESCA",0.986871162123105,"Benchmark infiltration","M2 macrophage
xCell","Adverse"
"Monocyte_XCELL","DSS",190,52,1.04120001048976,0.0582472313893526,0.765433171452959,1.4163188927206,0.797038855536103,0.497617629541394,"ESCA",0.9147651535594,"Benchmark infiltration","Monocyte
xCell","Adverse"
"Myeloid dendritic cell_XCELL","DSS",190,52,1.08886878453321,0.122830110795941,0.834948844852241,1.42000942601537,0.529705766511696,0.532956124677387,"ESCA",0.729988638160958,"Benchmark infiltration","myDC
xCell","Adverse"
"immune score_XCELL","DSS",190,52,0.941682941052499,-0.0866866999832266,0.653409337442738,1.35713818376065,0.74727034238271,0.483224141353981,"ESCA",0.888182899637589,"Benchmark infiltration","Immune score
xCell","Protective"
"stroma score_XCELL","DSS",190,52,0.988649617242436,-0.0164687822258582,0.750188363687847,1.30291019293965,0.935395021154993,0.464959301171332,"ESCA",0.981618310549099,"Benchmark infiltration","Stroma score
xCell","Protective"
"microenvironment score_XCELL","DSS",190,52,0.956851565672868,-0.0636329550002575,0.698977889140188,1.30986249058158,0.783095773288067,0.469724042088545,"ESCA",0.907822721049675,"Benchmark infiltration","Microenv score
xCell","Protective"
"Macrophage_EPIC","DSS",190,52,1.16652518991152,0.222217461173844,0.933011841053452,1.45848204580304,0.176518311627697,0.575540996624975,"ESCA",0.438895392444748,"Benchmark infiltration","Macrophage
EPIC","Adverse"
"Macrophage M1_QUANTISEQ","DSS",190,52,1.28588966809239,0.362766861853612,1.05873052261836,1.56178763451291,0.0112314271113483,0.588246972404209,"ESCA",0.0872712241760176,"Benchmark infiltration","M1 macrophage
quanTIseq","Adverse"
"Macrophage M2_QUANTISEQ","DSS",190,52,0.962331903597651,-0.0553935365564525,0.726502047873989,1.27471449721571,0.78893240413296,0.528687710939051,"ESCA",0.909250454773364,"Benchmark infiltration","M2 macrophage
quanTIseq","Protective"
"Monocyte_QUANTISEQ","DSS",190,52,0.97798315817275,-0.03211847411667,0.670292508913989,1.42691592841936,0.908046813745341,0.467837998808815,"ESCA",0.969712880863481,"Benchmark infiltration","Monocyte
quanTIseq","Protective"
"Macrophage M0_CIBERSORT","DSS",190,52,0.952314375141777,-0.0704901846021229,0.675915498663356,1.34173971583001,0.779986934768665,0.512507444907683,"ESCA",0.906045429276731,"Benchmark infiltration","M0 macrophage
CIBERSORT","Protective"
"Macrophage M1_CIBERSORT","DSS",190,52,1.10846832949944,0.148567550965867,0.869499129145207,1.41311474194482,0.405846960624917,0.516180266031368,"ESCA",0.640815799996991,"Benchmark infiltration","M1 macrophage
CIBERSORT","Adverse"
"Macrophage M2_CIBERSORT","DSS",190,52,1.15486989631108,0.20773033171127,0.867362860430653,1.53767764133152,0.324247742391976,0.530077427039905,"ESCA",0.588146535884499,"Benchmark infiltration","M2 macrophage
CIBERSORT","Adverse"
"MDR_injury","PFI",193,88,1.12458144088255,0.169388143199209,0.902618522911505,1.40112725927458,0.295264765076472,0.549432912475926,"ESCA",0.687288591681382,"MDRi","MDR injury","Adverse"
"MDR_resolution","PFI",193,88,1.0950407378228,0.130984542120229,0.89607106659449,1.33819097858915,0.374862420134584,0.532527284399743,"ESCA",0.74098066810109,"MDRi","MDR resolution","Adverse"
"MDR_apc_ifn","PFI",193,88,0.981240843308034,-0.0273208087990253,0.801227823328984,1.20169765020819,0.85469186349662,0.528889364433982,"ESCA",0.95965440339501,"MDRi","MDR APC/IFN","Protective"
"MDR_axis","PFI",193,88,0.980812227634785,-0.027951129889965,0.79825848863821,1.20511418239851,0.853715246492299,0.477209501390969,"ESCA",0.95965440339501,"MDRi","MDR axis","Protective"
"Macrophage_TIMER","PFI",193,88,1.07488813956204,0.10418653060913,0.88103873511611,1.31138900767952,0.476632030969415,0.521934517440616,"ESCA",0.812817390650972,"Benchmark infiltration","Macrophage
TIMER","Adverse"
"Macrophage/Monocyte_MCPCOUNTER","PFI",193,88,1.06728867381016,0.0939504404054117,0.870640946353669,1.30835233285792,0.530823315727572,0.514444682216991,"ESCA",0.830224444645301,"Benchmark infiltration","Mac/Mono
MCPcounter","Adverse"
"Monocyte_MCPCOUNTER","PFI",193,88,1.06728867381016,0.0939504404054117,0.870640946353669,1.30835233285792,0.530823315727572,0.514444682216991,"ESCA",0.830224444645301,"Benchmark infiltration","Monocyte
MCPcounter","Adverse"
"Myeloid dendritic cell_MCPCOUNTER","PFI",193,88,0.99406964588472,-0.00858116236276168,0.805282397821258,1.22711543620343,0.955858177550692,0.499679007061845,"ESCA",0.986434683286425,"Benchmark infiltration","myDC
MCPcounter","Protective"
"Macrophage_XCELL","PFI",193,88,0.997355224146414,-0.00382065963242643,0.807180417613964,1.23233594550341,0.980426194583569,0.489300235394821,"ESCA",0.998145288522339,"Benchmark infiltration","Macrophage
xCell","Protective"
"Macrophage M1_XCELL","PFI",193,88,1.03031059798743,0.0430793186001661,0.842695340716967,1.25969597437438,0.770932644177161,0.527498395035309,"ESCA",0.928170716191447,"Benchmark infiltration","M1 macrophage
xCell","Adverse"
"Macrophage M2_XCELL","PFI",193,88,1.00098950428859,0.00142684711077647,0.800027818369819,1.25243143386889,0.993098427467744,0.495773592980954,"ESCA",0.998145288522339,"Benchmark infiltration","M2 macrophage
xCell","Adverse"
"Monocyte_XCELL","PFI",193,88,0.904385108645494,-0.144990857618983,0.675569974821034,1.21069978717807,0.499501800988307,0.511876738711748,"ESCA",0.824816496430961,"Benchmark infiltration","Monocyte
xCell","Protective"
"Myeloid dendritic cell_XCELL","PFI",193,88,0.990270720467166,-0.0141051114285315,0.799473502291373,1.22660237894559,0.928657921058067,0.510699764605179,"ESCA",0.977016703060538,"Benchmark infiltration","myDC
xCell","Protective"
"immune score_XCELL","PFI",193,88,0.832534625416485,-0.264417819246602,0.594695526369198,1.16549372205479,0.28562653547323,0.520650545687995,"ESCA",0.678609251520881,"Benchmark infiltration","Immune score
xCell","Protective"
"stroma score_XCELL","PFI",193,88,0.945628013790131,-0.0806553195691993,0.753777792865818,1.1863076213282,0.62893068179845,0.503316927027605,"ESCA",0.862335026625775,"Benchmark infiltration","Stroma score
xCell","Protective"
"microenvironment score_XCELL","PFI",193,88,0.865286153571604,-0.208750778243766,0.65733640029423,1.13902124882725,0.302179499298326,0.514765675155147,"ESCA",0.688289338049112,"Benchmark infiltration","Microenv score
xCell","Protective"
"Macrophage_EPIC","PFI",193,88,1.06511409926513,0.0910079859692294,0.880210409569277,1.28886006359378,0.516713238223139,0.534025251444468,"ESCA",0.827942839850564,"Benchmark infiltration","Macrophage
EPIC","Adverse"
"Macrophage M1_QUANTISEQ","PFI",193,88,1.09172677742896,0.126611843282676,0.895192630683645,1.33140881158195,0.386140411057098,0.497860047078964,"ESCA",0.751555771803221,"Benchmark infiltration","M1 macrophage
quanTIseq","Adverse"
"Macrophage M2_QUANTISEQ","PFI",193,88,1.05220708286069,0.073418666621947,0.861436652847944,1.28522479460556,0.618058863268281,0.523592980954419,"ESCA",0.862335026625775,"Benchmark infiltration","M2 macrophage
quanTIseq","Adverse"
"Monocyte_QUANTISEQ","PFI",193,88,0.944052735022865,-0.0830606437419947,0.711887042401235,1.25193396342482,0.689322515558626,0.479402953135031,"ESCA",0.899732978945623,"Benchmark infiltration","Monocyte
quanTIseq","Protective"
"Macrophage M0_CIBERSORT","PFI",193,88,1.10639263504509,0.145863458004432,0.887078087690223,1.37992886970001,0.369742498150875,0.555959768885085,"ESCA",0.74098066810109,"Benchmark infiltration","M0 macrophage
CIBERSORT","Adverse"
"Macrophage M1_CIBERSORT","PFI",193,88,1.03221618494625,0.0457451570857218,0.848786455400107,1.25528658673369,0.750763124973391,0.503798416434838,"ESCA",0.9164827584264,"Benchmark infiltration","M1 macrophage
CIBERSORT","Adverse"
"Macrophage M2_CIBERSORT","PFI",193,88,1.16647214088304,0.222151851522854,0.943515315667907,1.44211464600664,0.154808886201663,0.561791140594907,"ESCA",0.510332715851442,"Benchmark infiltration","M2 macrophage
CIBERSORT","Adverse"
"MDR_injury","DFI",93,23,1.15296259379629,0.205345707595056,0.742854843646805,1.78947846145497,0.525677998490871,0.530753282653766,"ESCA",0.809685239286275,"MDRi","MDR injury","Adverse"
"MDR_resolution","DFI",93,23,1.42408808893187,0.510038388954984,0.970004679705064,2.0907392793757,0.0711503046217465,0.574982722874914,"ESCA",0.570932348270158,"MDRi","MDR resolution","Adverse"
"MDR_apc_ifn","DFI",93,23,1.15652935205115,0.209801881210828,0.763483860769098,1.75191672134164,0.492503300208092,0.501036627505183,"ESCA",0.793189525598296,"MDRi","MDR APC/IFN","Adverse"
"MDR_axis","DFI",93,23,0.765385015099501,-0.385742439051145,0.51811289360502,1.13066906569875,0.179248480874852,0.536973047684865,"ESCA",0.641150404646577,"MDRi","MDR axis","Protective"
"Macrophage_TIMER","DFI",93,23,1.1771752779181,0.235329149396151,0.883305670328108,1.56881324494025,0.265634572589991,0.527988942639945,"ESCA",0.686495457558148,"Benchmark infiltration","Macrophage
TIMER","Adverse"
"Macrophage/Monocyte_MCPCOUNTER","DFI",93,23,1.24582570733937,0.317102247538872,0.880433538568001,1.76286071018154,0.214608676002542,0.563234277816171,"ESCA",0.641150404646577,"Benchmark infiltration","Mac/Mono
MCPcounter","Adverse"
"Monocyte_MCPCOUNTER","DFI",93,23,1.24582570733937,0.317102247538872,0.880433538568001,1.76286071018154,0.214608676002542,0.563234277816171,"ESCA",0.641150404646577,"Benchmark infiltration","Monocyte
MCPcounter","Adverse"
"Myeloid dendritic cell_MCPCOUNTER","DFI",93,23,1.28093297419264,0.357194987522075,0.918237725244758,1.78688942880957,0.144911166778241,0.530062197650311,"ESCA",0.641150404646577,"Benchmark infiltration","myDC
MCPcounter","Adverse"
"Macrophage_XCELL","DFI",93,23,1.15981609540412,0.213896064592272,0.827367766633167,1.62584696843148,0.38961425576249,0.556668970283345,"ESCA",0.733570177737611,"Benchmark infiltration","Macrophage
xCell","Adverse"
"Macrophage M1_XCELL","DFI",93,23,1.19076990002424,0.251894659074718,0.863971598756057,1.64118005365602,0.286112947745275,0.59364201796821,"ESCA",0.686495457558148,"Benchmark infiltration","M1 macrophage
xCell","Adverse"
"Macrophage M2_XCELL","DFI",93,23,1.07497315635476,0.104300634068312,0.737317567037179,1.56725858509897,0.707049380026446,0.496199032480995,"ESCA",0.875480891758541,"Benchmark infiltration","M2 macrophage
xCell","Adverse"
"Monocyte_XCELL","DFI",93,23,1.04898864109639,0.0689990558726383,0.697132257437189,1.57843387307093,0.818550699235904,0.523496890117484,"ESCA",0.924221573914374,"Benchmark infiltration","Monocyte
xCell","Adverse"
"Myeloid dendritic cell_XCELL","DFI",93,23,1.23921631450253,0.309428042701189,0.876089814359301,1.75285347342188,0.225411655462433,0.542847270214236,"ESCA",0.642633228927061,"Benchmark infiltration","myDC
xCell","Adverse"
"immune score_XCELL","DFI",93,23,1.00582145901331,0.0083742384874145,0.641657256051022,1.57666230354485,0.979808085442653,0.530753282653766,"ESCA",0.998706066251557,"Benchmark infiltration","Immune score
xCell","Adverse"
"stroma score_XCELL","DFI",93,23,1.08701718038061,0.120374742438854,0.782157640490191,1.51070102658856,0.619288593829205,0.488597097442986,"ESCA",0.852581874881247,"Benchmark infiltration","Stroma score
xCell","Adverse"
"microenvironment score_XCELL","DFI",93,23,1.04917499980528,0.0692553359649963,0.709493088368466,1.55148541721203,0.809941269734976,0.521769177608846,"ESCA",0.924221573914374,"Benchmark infiltration","Microenv score
xCell","Adverse"
"Macrophage_EPIC","DFI",93,23,1.13199441962028,0.178866846150372,0.823427988908737,1.55619117070538,0.445152696236809,0.582584657912923,"ESCA",0.765262500272266,"Benchmark infiltration","Macrophage
EPIC","Adverse"
"Macrophage M1_QUANTISEQ","DFI",93,23,0.87617362977947,-0.190711300403272,0.522157349390324,1.47020860745766,0.616677969355323,0.564616447823082,"ESCA",0.852581874881247,"Benchmark infiltration","M1 macrophage
quanTIseq","Protective"
"Macrophage M2_QUANTISEQ","DFI",93,23,1.32569884881382,0.406753084148054,0.977757179614632,1.79745797258064,0.0695013779341781,0.604699378023497,"ESCA",0.570932348270158,"Benchmark infiltration","M2 macrophage
quanTIseq","Adverse"
"Monocyte_QUANTISEQ","DFI",93,23,0.890588899765647,-0.167168464639056,0.465079445706842,1.70540451896414,0.726662754561797,0.49550794747754,"ESCA",0.889435211583639,"Benchmark infiltration","Monocyte
quanTIseq","Protective"
"Macrophage M0_CIBERSORT","DFI",93,23,1.08506951219256,0.1177874681842,0.702964351793668,1.67487276315739,0.712404144193949,0.553904630269523,"ESCA",0.876658182801669,"Benchmark infiltration","M0 macrophage
CIBERSORT","Adverse"
"Macrophage M1_CIBERSORT","DFI",93,23,1.25381573041655,0.32632533510288,0.877351546137283,1.79181753626727,0.214355708540681,0.569108500345543,"ESCA",0.641150404646577,"Benchmark infiltration","M1 macrophage
CIBERSORT","Adverse"
"Macrophage M2_CIBERSORT","DFI",93,23,1.37071610144308,0.454929795440523,0.95860353467277,1.95999968996222,0.0839430657360297,0.637871458189357,"ESCA",0.59120752292481,"Benchmark infiltration","M2 macrophage
CIBERSORT","Adverse"
"MDR_injury","OS",156,123,1.38043760226065,0.465125677535814,1.12203726803263,1.69834641684978,0.00229698868412811,0.578890567666739,"GBM",0.0279241761599888,"MDRi","MDR injury","Adverse"
"MDR_resolution","OS",156,123,1.17419862692789,0.231676474755856,0.975571527974518,1.41326635304936,0.0894333075474066,0.570688538743795,"GBM",0.290307071619854,"MDRi","MDR resolution","Adverse"
"MDR_apc_ifn","OS",156,123,1.0463378180302,0.0653487117312654,0.858644722525047,1.27505917257677,0.653382674042704,0.491905892510253,"GBM",0.865383373182854,"MDRi","MDR APC/IFN","Adverse"
"MDR_axis","OS",156,123,1.12837874343419,0.17425139358936,0.955720510081178,1.33222900963586,0.154024897104111,0.520612993740557,"GBM",0.402302655911238,"MDRi","MDR axis","Adverse"
"Macrophage_TIMER","OS",156,123,1.12472027239408,0.169566235388685,0.947406416460443,1.33521967885788,0.179354940493944,0.575922728253831,"GBM",0.442642370062636,"Benchmark infiltration","Macrophage
TIMER","Adverse"
"Macrophage/Monocyte_MCPCOUNTER","OS",156,123,0.973042289414907,-0.0394255875137042,0.825631411264707,1.14677237817233,0.744394933865314,0.497194042736887,"GBM",0.903456805426228,"Benchmark infiltration","Mac/Mono
MCPcounter","Protective"
"Monocyte_MCPCOUNTER","OS",156,123,0.973042289414907,-0.0394255875137042,0.825631411264707,1.14677237817233,0.744394933865314,0.497194042736887,"GBM",0.903456805426228,"Benchmark infiltration","Monocyte
MCPcounter","Protective"
"Myeloid dendritic cell_MCPCOUNTER","OS",156,123,1.1230509121062,0.167423331993381,0.924120621770317,1.36480381615815,0.243352088147257,0.487589035182387,"GBM",0.509723968416553,"Benchmark infiltration","myDC
MCPcounter","Adverse"
"Macrophage_XCELL","OS",156,123,1.11955869806344,0.162930170160168,0.938892145331307,1.33499005678358,0.208487859135425,0.570472695877401,"GBM",0.468342292260736,"Benchmark infiltration","Macrophage
xCell","Adverse"
"Macrophage M1_XCELL","OS",156,123,1.13588853926966,0.183821275219173,0.953231305560717,1.35354637024349,0.154308404884016,0.555201813080078,"GBM",0.402302655911238,"Benchmark infiltration","M1 macrophage
xCell","Adverse"
"Macrophage M2_XCELL","OS",156,123,1.15152276049963,0.20354292709726,0.973021226649837,1.36277054562745,0.10064867050055,0.59167925750054,"GBM",0.318378447501741,"Benchmark infiltration","M2 macrophage
xCell","Adverse"
"Monocyte_XCELL","OS",156,123,1.12782971311118,0.173549256924953,0.939496712024214,1.35391624632281,0.196892408543707,0.558115691776387,"GBM",0.460710483499242,"Benchmark infiltration","Monocyte
xCell","Adverse"
"Myeloid dendritic cell_XCELL","OS",156,123,1.19826528949461,0.260947348416978,1.0167622764122,1.41216854452367,0.0309025545780658,0.507122814590978,"GBM",0.152060189193657,"Benchmark infiltration","myDC
xCell","Adverse"
"immune score_XCELL","OS",156,123,1.12525407588362,0.170250790447912,0.934419298301178,1.35506269786455,0.21328268014734,0.553906755881718,"GBM",0.477136315408942,"Benchmark infiltration","Immune score
xCell","Adverse"
"stroma score_XCELL","OS",156,123,0.989645587328649,-0.0150161363089791,0.79000815285307,1.23973200147622,0.927854283499464,0.53140513706022,"GBM",0.980326773639811,"Benchmark infiltration","Stroma score
xCell","Protective"
"microenvironment score_XCELL","OS",156,123,1.10661737783957,0.146156484528753,0.907523299651602,1.34938906957721,0.316783896945149,0.523850636736456,"GBM",0.570553229520624,"Benchmark infiltration","Microenv score
xCell","Adverse"
"Macrophage_EPIC","OS",156,123,1.08296759626436,0.114990076364433,0.899822336271805,1.30338931062536,0.399100686982879,0.548348802072091,"GBM",0.65460959240578,"Benchmark infiltration","Macrophage
EPIC","Adverse"
"Macrophage M1_QUANTISEQ","OS",156,123,1.06552746235355,0.0915677768753797,0.89690437660919,1.26585264007949,0.470238960445052,0.550561191452623,"GBM",0.721081170599473,"Benchmark infiltration","M1 macrophage
quanTIseq","Adverse"
"Macrophage M2_QUANTISEQ","OS",156,123,0.990180163246318,-0.0142370474988478,0.832657528199917,1.177503021928,0.911116169587845,0.484243470753292,"GBM",0.978954140887776,"Benchmark infiltration","M2 macrophage
quanTIseq","Protective"
"Monocyte_QUANTISEQ","OS",156,123,1.02530657649069,0.0360553538777982,0.856779170373252,1.22698311554083,0.785019970309267,0.519263975825599,"GBM",0.93239919845162,"Benchmark infiltration","Monocyte
quanTIseq","Adverse"
"Macrophage M0_CIBERSORT","OS",156,123,1.18468200234778,0.244499856420242,0.978403302319383,1.43445084798846,0.0825143838323794,0.512410964817613,"GBM",0.279556928831012,"Benchmark infiltration","M0 macrophage
CIBERSORT","Adverse"
"Macrophage M1_CIBERSORT","OS",156,123,1.03430123942939,0.0486564306594186,0.865750175688549,1.23566715194064,0.710191414276917,0.487427153032592,"GBM",0.896385952877631,"Benchmark infiltration","M1 macrophage
CIBERSORT","Adverse"
"Macrophage M2_CIBERSORT","OS",156,123,0.867357923475814,-0.205300636774146,0.721862590715495,1.04217863218345,0.128768323727556,0.537232894452838,"GBM",0.366221838124242,"Benchmark infiltration","M2 macrophage
CIBERSORT","Protective"
"MDR_injury","DSS",144,109,1.43629780121451,0.522354907790481,1.14662404328701,1.79915237767019,0.00162986897121067,0.596700027048959,"GBM",0.0297247695666186,"MDRi","MDR injury","Adverse"
"MDR_resolution","DSS",144,109,1.20203996768814,0.265484866287747,0.984940081766486,1.46699287669184,0.0701941781390703,0.586015688395997,"GBM",0.267496023402686,"MDRi","MDR resolution","Adverse"
"MDR_apc_ifn","DSS",144,109,1.10827961606208,0.148321915514686,0.895563189887621,1.37152098394402,0.344391856552842,0.508520421963754,"GBM",0.597554008331286,"MDRi","MDR APC/IFN","Adverse"
"MDR_axis","DSS",144,109,1.13543592371333,0.183246292439008,0.951834236261903,1.35445300005369,0.15812023228194,0.528130916959697,"GBM",0.418029851432129,"MDRi","MDR axis","Adverse"
"Macrophage_TIMER","DSS",144,109,1.14794044279239,0.19904779435075,0.956831647575502,1.37721955950918,0.137542817773637,0.57695428725994,"GBM",0.395435601099205,"Benchmark infiltration","Macrophage
TIMER","Adverse"
"Macrophage/Monocyte_MCPCOUNTER","DSS",144,109,0.997441691835115,-0.003695587746898,0.840328789252754,1.18392936352399,0.976631919311061,0.484852583175548,"GBM",0.992161402126961,"Benchmark infiltration","Mac/Mono
MCPcounter","Protective"
"Monocyte_MCPCOUNTER","DSS",144,109,0.997441691835115,-0.003695587746898,0.840328789252754,1.18392936352399,0.976631919311061,0.484852583175548,"GBM",0.992161402126961,"Benchmark infiltration","Monocyte
MCPcounter","Protective"
"Myeloid dendritic cell_MCPCOUNTER","DSS",144,109,1.13111897951045,0.177750690708462,0.927112432782359,1.38001616693788,0.224685851148259,0.504868812550717,"GBM",0.496203850624855,"Benchmark infiltration","myDC
MCPcounter","Adverse"
"Macrophage_XCELL","DSS",144,109,1.14498203632639,0.195324963993714,0.948516922711489,1.38214072107692,0.158645461234245,0.58175547741412,"GBM",0.418029851432129,"Benchmark infiltration","Macrophage
xCell","Adverse"
"Macrophage M1_XCELL","DSS",144,109,1.15856954122688,0.212344642193349,0.961203547697341,1.39646111905667,0.122420506323634,0.564173654314309,"GBM",0.360983544287639,"Benchmark infiltration","M1 macrophage
xCell","Adverse"
"Macrophage M2_XCELL","DSS",144,109,1.17354149387359,0.230868853320244,0.983046518601725,1.40095062825914,0.0766009598410073,0.607857722477685,"GBM",0.284164851023092,"Benchmark infiltration","M2 macrophage
xCell","Adverse"
"Monocyte_XCELL","DSS",144,109,1.16294713975529,0.217785522480899,0.958845593908785,1.41049409671027,0.125239199945767,0.573167433053827,"GBM",0.365545888166579,"Benchmark infiltration","Monocyte
xCell","Adverse"
"Myeloid dendritic cell_XCELL","DSS",144,109,1.22479533762153,0.29254069611241,1.03143554207885,1.45440365186171,0.020721191808289,0.511969164187179,"GBM",0.129144828726743,"Benchmark infiltration","myDC
xCell","Adverse"
"immune score_XCELL","DSS",144,109,1.14950380724432,0.201011244380062,0.943781701423291,1.40006847015203,0.166093856117834,0.564308899107384,"GBM",0.430198050755651,"Benchmark infiltration","Immune score
xCell","Adverse"
"stroma score_XCELL","DSS",144,109,0.957016081708035,-0.0633849269101316,0.75362237349949,1.21530333075816,0.718544123150363,0.528536651338923,"GBM",0.875345065278515,"Benchmark infiltration","Stroma score
xCell","Protective"
"microenvironment score_XCELL","DSS",144,109,1.11827487671863,0.161274852346004,0.906489996620425,1.37953943734881,0.296710073541643,0.535163646199621,"GBM",0.566804957762274,"Benchmark infiltration","Microenv score
xCell","Adverse"
"Macrophage_EPIC","DSS",144,109,1.10772160753939,0.147595348997577,0.911167426672372,1.34667584012622,0.304645256298736,0.560454422504734,"GBM",0.572962107147309,"Benchmark infiltration","Macrophage
EPIC","Adverse"
"Macrophage M1_QUANTISEQ","DSS",144,109,1.07009002527644,0.0977321737819762,0.892165844040279,1.28349753562683,0.465303413634164,0.553895050040573,"GBM",0.693133323418768,"Benchmark infiltration","M1 macrophage
quanTIseq","Adverse"
"Macrophage M2_QUANTISEQ","DSS",144,109,0.999524170511076,-0.000686640218769883,0.832286752216747,1.20036581715971,0.995935125220565,0.476940762780633,"GBM",0.99941133857212,"Benchmark infiltration","M2 macrophage
quanTIseq","Protective"
"Monocyte_QUANTISEQ","DSS",144,109,1.05144536738818,0.0723738902543992,0.869089018688101,1.27206458352321,0.60571606229118,0.528401406545848,"GBM",0.798822788572084,"Benchmark infiltration","Monocyte
quanTIseq","Adverse"
"Macrophage M0_CIBERSORT","DSS",144,109,1.18087694569634,0.239858635282778,0.962478123707772,1.44883330491208,0.111063847724613,0.515079794427915,"GBM",0.347074524139416,"Benchmark infiltration","M0 macrophage
CIBERSORT","Adverse"
"Macrophage M1_CIBERSORT","DSS",144,109,1.03482102188441,0.0493812670791745,0.855335310104172,1.25197046665064,0.724704211275779,0.477481741952935,"GBM",0.87585749469136,"Benchmark infiltration","M1 macrophage
CIBERSORT","Adverse"
"Macrophage M2_CIBERSORT","DSS",144,109,0.867258584164076,-0.205465879445291,0.71229526493652,1.05593493152493,0.156177997434355,0.540438193129565,"GBM",0.415751613540528,"Benchmark infiltration","M2 macrophage
CIBERSORT","Protective"
"MDR_injury","PFI",156,124,1.46743222078455,0.553293868244177,1.18601565234773,1.81562302178229,0.000414930826986535,0.631520194844733,"GBM",0.0176405669772711,"MDRi","MDR injury","Adverse"
"MDR_resolution","PFI",156,124,1.24829206414104,0.319955522494317,1.04647158372041,1.48903525106499,0.0137088238178987,0.597726811447128,"GBM",0.144920892025531,"MDRi","MDR resolution","Adverse"
"MDR_apc_ifn","PFI",156,124,1.19192693745072,0.253295804417465,0.981004462428711,1.44819914549969,0.0772360297660717,0.532575603815709,"GBM",0.347814539273356,"MDRi","MDR APC/IFN","Adverse"
"MDR_axis","PFI",156,124,1.08612646274444,0.119192092601077,0.917592884465954,1.28561447352583,0.336896215412607,0.567688248427035,"GBM",0.723119914078772,"MDRi","MDR axis","Adverse"
"Macrophage_TIMER","PFI",156,124,1.17104272579161,0.227793713894791,1.0009560283495,1.37003127688904,0.0486212708998272,0.592196062512685,"GBM",0.282135495128764,"Benchmark infiltration","Macrophage
TIMER","Adverse"
"Macrophage/Monocyte_MCPCOUNTER","PFI",156,124,1.03514140858942,0.0498278648602507,0.864423683622358,1.23957470865017,0.707219151480283,0.526892632433529,"GBM",0.909069836354262,"Benchmark infiltration","Mac/Mono
MCPcounter","Adverse"
"Monocyte_MCPCOUNTER","PFI",156,124,1.03514140858942,0.0498278648602507,0.864423683622358,1.23957470865017,0.707219151480283,0.526892632433529,"GBM",0.909069836354262,"Benchmark infiltration","Monocyte
MCPcounter","Adverse"
"Myeloid dendritic cell_MCPCOUNTER","PFI",156,124,1.05336276330974,0.0750023658026367,0.873055992126224,1.27090715960302,0.587315442149552,0.507814085650497,"GBM",0.862335026625775,"Benchmark infiltration","myDC
MCPcounter","Adverse"
"Macrophage_XCELL","PFI",156,124,1.23939563374051,0.309636790969355,1.05675243114392,1.45360586989352,0.00832484512827388,0.605134970570327,"GBM",0.109889176021605,"Benchmark infiltration","Macrophage
xCell","Adverse"
"Macrophage M1_XCELL","PFI",156,124,1.21253136142027,0.278022062252657,1.02921588954585,1.42849747789694,0.0212056669874953,0.577887152425411,"GBM",0.180979329770867,"Benchmark infiltration","M1 macrophage
xCell","Adverse"
"Macrophage M2_XCELL","PFI",156,124,1.16461113954942,0.219848323383779,0.995190607652526,1.36287370070936,0.0574516066622459,0.586360868682768,"GBM",0.30241304927741,"Benchmark infiltration","M2 macrophage
xCell","Adverse"
"Monocyte_XCELL","PFI",156,124,1.2291394846864,0.297648644308416,1.05323406686021,1.43442366739897,0.00884105431104374,0.607722752181855,"GBM",0.112805304079799,"Benchmark infiltration","Monocyte
xCell","Adverse"
"Myeloid dendritic cell_XCELL","PFI",156,124,1.18105578192255,0.240077105634765,1.00032915487294,1.39443377534055,0.0495477429761691,0.509488532575604,"GBM",0.282135495128764,"Benchmark infiltration","myDC
xCell","Adverse"
"immune score_XCELL","PFI",156,124,1.22955731178119,0.298138982998636,1.05227199406937,1.43671141251995,0.00928612923640557,0.606809417495433,"GBM",0.112838858499678,"Benchmark infiltration","Immune score
xCell","Adverse"
"stroma score_XCELL","PFI",156,124,0.924545545520906,-0.113183702593059,0.74136290202689,1.15299061148806,0.486202566005525,0.537040795615993,"GBM",0.818440972969624,"Benchmark infiltration","Stroma score
xCell","Protective"
"microenvironment score_XCELL","PFI",156,124,1.1739819037791,0.231410170347994,0.988436733145583,1.39435683052241,0.0676312633981742,0.573168256545565,"GBM",0.325859723645748,"Benchmark infiltration","Microenv score
xCell","Adverse"
"Macrophage_EPIC","PFI",156,124,1.12098683756222,0.164769338361715,0.956497399903042,1.31376362352383,0.158357047450097,0.575502334077532,"GBM",0.510332715851442,"Benchmark infiltration","Macrophage
EPIC","Adverse"
"Macrophage M1_QUANTISEQ","PFI",156,124,1.12908984966779,0.17516029613075,0.966923864536956,1.31845322613207,0.124839054860258,0.582301603409783,"GBM",0.462441445154396,"Benchmark infiltration","M1 macrophage
quanTIseq","Adverse"
"Macrophage M2_QUANTISEQ","PFI",156,124,1.09615060010692,0.132446023755888,0.933113646802469,1.28767395293396,0.26383511372846,0.555459711792166,"GBM",0.65625412764949,"Benchmark infiltration","M2 macrophage
quanTIseq","Adverse"
"Monocyte_QUANTISEQ","PFI",156,124,0.943833915676991,-0.0833950807554023,0.787875847607696,1.13066349614226,0.53046482771313,0.522275218185508,"GBM",0.830224444645301,"Benchmark infiltration","Monocyte
quanTIseq","Protective"
"Macrophage M0_CIBERSORT","PFI",156,124,1.17090206223327,0.227620409537373,0.980913501724281,1.39768862079288,0.080702177348476,0.536076720113659,"GBM",0.358734194794193,"Benchmark infiltration","M0 macrophage
CIBERSORT","Adverse"
"Macrophage M1_CIBERSORT","PFI",156,124,1.03403836635001,0.0482897155523021,0.872969425456448,1.22482564899078,0.69843149453283,0.483255530748934,"GBM",0.907171577579366,"Benchmark infiltration","M1 macrophage
CIBERSORT","Adverse"
"Macrophage M2_CIBERSORT","PFI",156,124,0.978468934129772,-0.0314020481113115,0.819659656952264,1.16804755112256,0.809642696255987,0.524152628374264,"GBM",0.939209909852376,"Benchmark infiltration","M2 macrophage
CIBERSORT","Protective"
"MDR_injury","OS",562,253,1.14172056760985,0.191209598990961,0.99910547331081,1.30469293715684,0.0515565030266956,0.547419584750021,"HNSC",0.203695114451729,"MDRi","MDR injury","Adverse"
"MDR_resolution","OS",562,253,1.0655222901455,0.09156077383015,0.942460250789915,1.20465319343212,0.310798606728244,0.523701029361936,"HNSC",0.56280226054397,"MDRi","MDR resolution","Adverse"
"MDR_apc_ifn","OS",562,253,0.93145013277041,-0.10244956150211,0.824401694787482,1.05239879457267,0.254267285532346,0.517987544837417,"HNSC",0.520282894488629,"MDRi","MDR APC/IFN","Protective"
"MDR_axis","OS",562,253,1.00722908610219,0.0103918499740745,0.890193927153065,1.13965103663958,0.909002833906772,0.506583943823244,"HNSC",0.978954140887776,"MDRi","MDR axis","Adverse"
"Macrophage_TIMER","OS",562,253,1.04358723507415,0.0615512026525871,0.924103172483097,1.17852026660977,0.491648482963692,0.520896865178123,"HNSC",0.739119175349357,"Benchmark infiltration","Macrophage
TIMER","Adverse"
"Macrophage/Monocyte_MCPCOUNTER","OS",562,253,0.995270225628204,-0.00683981019141776,0.87155546843519,1.13654593183896,0.944189188851146,0.517718812436468,"HNSC",0.983535166665992,"Benchmark infiltration","Mac/Mono
MCPcounter","Protective"
"Monocyte_MCPCOUNTER","OS",562,253,0.995270225628204,-0.00683981019141776,0.87155546843519,1.13654593183896,0.944189188851146,0.517718812436468,"HNSC",0.983535166665992,"Benchmark infiltration","Monocyte
MCPcounter","Protective"
"Myeloid dendritic cell_MCPCOUNTER","OS",562,253,0.892007259491161,-0.164872643498196,0.778068318120771,1.02263121689197,0.101211703567893,0.549102083260308,"HNSC",0.318534295492862,"Benchmark infiltration","myDC
MCPcounter","Protective"
"Macrophage_XCELL","OS",562,253,0.970207153158405,-0.0436352785909596,0.85622140054755,1.0993674293095,0.635273918587925,0.49110262072511,"HNSC",0.862095496188368,"Benchmark infiltration","Macrophage
xCell","Protective"
"Macrophage M1_XCELL","OS",562,253,0.947138960338168,-0.0783519873738218,0.833509280574858,1.07625941437841,0.404904903141105,0.509131059623541,"HNSC",0.658900367316234,"Benchmark infiltration","M1 macrophage
xCell","Protective"
"Macrophage M2_XCELL","OS",562,253,0.97372886218123,-0.0384079895639531,0.860704321791387,1.10159537141787,0.672363859321495,0.492066552163296,"HNSC",0.877106344607121,"Benchmark infiltration","M2 macrophage
xCell","Protective"
"Monocyte_XCELL","OS",562,253,1.00052896727707,0.00076293670092823,0.873278308907049,1.14632208787298,0.99392055629045,0.499532639302698,"HNSC",0.997350514794122,"Benchmark infiltration","Monocyte
xCell","Adverse"
"Myeloid dendritic cell_XCELL","OS",562,253,0.960776731693782,-0.0577268829325736,0.842877047965425,1.09516794933779,0.549158472627952,0.525418579924521,"HNSC",0.79365560146697,"Benchmark infiltration","myDC
xCell","Protective"
"immune score_XCELL","OS",562,253,0.752631000694705,-0.409985379986744,0.643216620517671,0.88065731689399,0.000391793897007408,0.565015715003447,"HNSC",0.010121342339358,"Benchmark infiltration","Immune score
xCell","Protective"
"stroma score_XCELL","OS",562,253,0.942248149182215,-0.0858210388191823,0.825540561057105,1.07545481896182,0.377921938666159,0.533159241473588,"HNSC",0.640487767728753,"Benchmark infiltration","Stroma score
xCell","Protective"
"microenvironment score_XCELL","OS",562,253,0.764111555694988,-0.388144816444176,0.657939314841423,0.887416903620265,0.00042382736467612,0.566055592554944,"HNSC",0.0105109186439678,"Benchmark infiltration","Microenv score
xCell","Protective"
"Macrophage_EPIC","OS",562,253,0.993010936382682,-0.0101184881325276,0.874472711478818,1.12761748517924,0.913887222296283,0.507331720938928,"HNSC",0.978954140887776,"Benchmark infiltration","Macrophage
EPIC","Protective"
"Macrophage M1_QUANTISEQ","OS",562,253,1.08215278427467,0.113904201155973,0.964216028779787,1.21451481157743,0.179912705251265,0.504878077278091,"HNSC",0.442642370062636,"Benchmark infiltration","M1 macrophage
quanTIseq","Adverse"
"Macrophage M2_QUANTISEQ","OS",562,253,0.823758957466881,-0.279705846969664,0.721465011611791,0.940556796359315,0.00415912770618726,0.557941042448035,"HNSC",0.042431985475025,"Benchmark infiltration","M2 macrophage
quanTIseq","Protective"
"Monocyte_QUANTISEQ","OS",562,253,0.997059829592781,-0.00424801727791691,0.865055731429299,1.14920723332475,0.96758541121329,0.515639057333473,"HNSC",0.989938869558151,"Benchmark infiltration","Monocyte
quanTIseq","Protective"
"Macrophage M0_CIBERSORT","OS",562,253,1.09327215185128,0.128652580563843,0.970429845002557,1.23166450843274,0.142544035097865,0.515796791568813,"HNSC",0.394343650372338,"Benchmark infiltration","M0 macrophage
CIBERSORT","Adverse"
"Macrophage M1_CIBERSORT","OS",562,253,0.970586946835107,-0.0430706370754745,0.852758316196032,1.10469637583709,0.651194852765945,0.507442719104537,"HNSC",0.865383373182854,"Benchmark infiltration","M1 macrophage
CIBERSORT","Protective"
"Macrophage M2_CIBERSORT","OS",562,253,1.08047026545396,0.111659369770409,0.954000145386282,1.2237063067296,0.223016671881633,0.528006589785832,"HNSC",0.490320342434797,"Benchmark infiltration","M2 macrophage
CIBERSORT","Adverse"
"MDR_injury","DSS",532,151,1.14020495306147,0.189293173678599,0.958171902906742,1.35682055698147,0.139276337815117,0.553492859899653,"HNSC",0.396454921998475,"MDRi","MDR injury","Adverse"
"MDR_resolution","DSS",532,151,1.05331980310774,0.0749435259267317,0.8954398757648,1.23903640841471,0.530670001306574,0.516827479737553,"HNSC",0.729988638160958,"MDRi","MDR resolution","Adverse"
"MDR_apc_ifn","DSS",532,151,0.905727406603401,-0.142851181829858,0.772768746147671,1.06156225800022,0.221549018452865,0.53554612118873,"HNSC",0.496203850624855,"MDRi","MDR APC/IFN","Protective"
"MDR_axis","DSS",532,151,1.02297826498692,0.0327754927580212,0.868187553434316,1.20536688932712,0.78608580340183,0.517406406792744,"HNSC",0.909250454773364,"MDRi","MDR axis","Adverse"
"Macrophage_TIMER","DSS",532,151,1.07061384524901,0.0984382149138141,0.920964912383357,1.24457945164556,0.374432070266548,0.517232728676187,"HNSC",0.624053450444247,"Benchmark infiltration","Macrophage
TIMER","Adverse"
"Macrophage/Monocyte_MCPCOUNTER","DSS",532,151,1.03923572807431,0.0555229354265176,0.879024465516052,1.22864714336716,0.652332912399839,0.465611732921652,"HNSC",0.828016389911495,"Benchmark infiltration","Mac/Mono
MCPcounter","Adverse"
"Monocyte_MCPCOUNTER","DSS",532,151,1.03923572807431,0.0555229354265176,0.879024465516052,1.22864714336716,0.652332912399839,0.465611732921652,"HNSC",0.828016389911495,"Benchmark infiltration","Monocyte
MCPcounter","Adverse"
"Myeloid dendritic cell_MCPCOUNTER","DSS",532,151,0.782765490548608,-0.353347941007254,0.645948643580618,0.94856118869972,0.0124639846566286,0.575742956387495,"HNSC",0.0930752100982007,"Benchmark infiltration","myDC
MCPcounter","Protective"
"Macrophage_XCELL","DSS",532,151,0.975759875997907,-0.0354019351415572,0.831630289504864,1.14486851624214,0.763478064566025,0.500781551524508,"HNSC",0.895918136990744,"Benchmark infiltration","Macrophage
xCell","Protective"
"Macrophage M1_XCELL","DSS",532,151,0.93184010257743,-0.101845675425506,0.788132107731624,1.10175181070938,0.408768568221391,0.531464685449633,"HNSC",0.640815799996991,"Benchmark infiltration","M1 macrophage
xCell","Protective"
"Macrophage M2_XCELL","DSS",532,151,0.994483419287129,-0.00798077723371725,0.851560615517601,1.16139386112389,0.944288353430558,0.498350057892705,"HNSC",0.983156381408022,"Benchmark infiltration","M2 macrophage
xCell","Protective"
"Monocyte_XCELL","DSS",532,151,1.01347087498451,0.0193046293877687,0.852529401441951,1.20479506361259,0.879455846893046,0.488160941721343,"HNSC",0.957740742355117,"Benchmark infiltration","Monocyte
xCell","Adverse"
"Myeloid dendritic cell_XCELL","DSS",532,151,0.912993522213248,-0.13132347071727,0.767045747112258,1.08671115737424,0.305710741142194,0.53772674642995,"HNSC",0.572962107147309,"Benchmark infiltration","myDC
xCell","Protective"
"immune score_XCELL","DSS",532,151,0.713108506760332,-0.4878064806941,0.573918751205923,0.886055284559766,0.00227400632551574,0.576128907757623,"HNSC",0.0342159236868364,"Benchmark infiltration","Immune score
xCell","Protective"
"stroma score_XCELL","DSS",532,151,0.924035723616328,-0.113979466960466,0.77228796741426,1.10560057199641,0.388046444030806,0.539868776534157,"HNSC",0.630301427451168,"Benchmark infiltration","Stroma score
xCell","Protective"
"microenvironment score_XCELL","DSS",532,151,0.724427080580127,-0.465087616671611,0.589593776494998,0.890095207920328,0.00215512813557592,0.584349671941335,"HNSC",0.0342159236868364,"Benchmark infiltration","Microenv score
xCell","Protective"
"Macrophage_EPIC","DSS",532,151,1.01977326212407,0.0282484169301583,0.869942547872486,1.19540940799645,0.809166052120103,0.477479737553068,"HNSC",0.917590206825219,"Benchmark infiltration","Macrophage
EPIC","Adverse"
"Macrophage M1_QUANTISEQ","DSS",532,151,1.09689835577342,0.133429844414124,0.950874405255506,1.26534692305144,0.204488132818778,0.514260903126206,"HNSC",0.470322705483189,"Benchmark infiltration","M1 macrophage
quanTIseq","Adverse"
"Macrophage M2_QUANTISEQ","DSS",532,151,0.797451840515365,-0.326530700207478,0.668147277712409,0.951780332202545,0.0121593895396168,0.584504052489386,"HNSC",0.0930752100982007,"Benchmark infiltration","M2 macrophage
quanTIseq","Protective"
"Monocyte_QUANTISEQ","DSS",532,151,1.06538279260954,0.0913718847001112,0.928180513652174,1.22286611073354,0.367904926742304,0.503859513701274,"HNSC",0.619389118149555,"Benchmark infiltration","Monocyte
quanTIseq","Adverse"
"Macrophage M0_CIBERSORT","DSS",532,151,1.08420640992379,0.116639441401673,0.925791923168958,1.26972758122162,0.315763675047652,0.505036665380162,"HNSC",0.580273699808268,"Benchmark infiltration","M0 macrophage
CIBERSORT","Adverse"
"Macrophage M1_CIBERSORT","DSS",532,151,0.931732576011295,-0.102012159991074,0.787320292238881,1.10263332694243,0.410555413564256,0.528319181783095,"HNSC",0.640815799996991,"Benchmark infiltration","M1 macrophage
CIBERSORT","Protective"
"Macrophage M2_CIBERSORT","DSS",532,151,1.11328116143515,0.154817994281399,0.949457199849388,1.30537210587587,0.186386498085634,0.522800077190274,"HNSC",0.4554768129863,"Benchmark infiltration","M2 macrophage
CIBERSORT","Adverse"
"MDR_injury","PFI",562,220,1.05206472318972,0.0732234621896572,0.913189826452299,1.21205925615738,0.482248311523591,0.533418668272971,"HNSC",0.81551366203521,"MDRi","MDR injury","Adverse"
"MDR_resolution","PFI",562,220,1.02331531633448,0.0332507542908613,0.895820105166276,1.16895594395079,0.734246702064018,0.5012925733504,"HNSC",0.91470918852047,"MDRi","MDR resolution","Adverse"
"MDR_apc_ifn","PFI",562,220,0.909267362596042,-0.137223525466245,0.797154838343519,1.03714748617769,0.156570139298912,0.532552769620761,"HNSC",0.510332715851442,"MDRi","MDR APC/IFN","Protective"
"MDR_axis","PFI",562,220,1.00532942276869,0.0076683160520139,0.879683865515622,1.14892097934754,0.93780350070479,0.518121125417263,"HNSC",0.978735862489708,"MDRi","MDR axis","Adverse"
"Macrophage_TIMER","PFI",562,220,1.06170076337425,0.0863772049105326,0.935842121335361,1.20448576234316,0.352374256270528,0.516966593880983,"HNSC",0.737950950061987,"Benchmark infiltration","Macrophage
TIMER","Adverse"
"Macrophage/Monocyte_MCPCOUNTER","PFI",562,220,1.05132253608554,0.0722053427783795,0.91634801592584,1.20617828125551,0.475295594938103,0.469756293451798,"HNSC",0.812817390650972,"Benchmark infiltration","Mac/Mono
MCPcounter","Adverse"
"Monocyte_MCPCOUNTER","PFI",562,220,1.05132253608554,0.0722053427783795,0.91634801592584,1.20617828125551,0.475295594938103,0.469756293451798,"HNSC",0.812817390650972,"Benchmark infiltration","Monocyte
MCPcounter","Adverse"
"Myeloid dendritic cell_MCPCOUNTER","PFI",562,220,0.879842305647922,-0.184683122553766,0.758856463154775,1.02011713729051,0.0898721852904021,0.558592475466205,"HNSC",0.37988917585943,"Benchmark infiltration","myDC
MCPcounter","Protective"
"Macrophage_XCELL","PFI",562,220,0.99411824852566,-0.00851062698804331,0.873452625960921,1.13145357020879,0.928803977510381,0.488642923474638,"HNSC",0.977016703060538,"Benchmark infiltration","Macrophage
xCell","Protective"
"Macrophage M1_XCELL","PFI",562,220,0.959652310898802,-0.0594162934280239,0.83818319459147,1.09872467469629,0.550877396963697,0.514500665110559,"HNSC",0.837101782747822,"Benchmark infiltration","M1 macrophage
xCell","Protective"
"Macrophage M2_XCELL","PFI",562,220,1.01227732263693,0.0176045836918989,0.892401752085035,1.14825567692,0.849503587318853,0.516194814647491,"HNSC",0.95965440339501,"Benchmark infiltration","M2 macrophage
xCell","Adverse"
"Monocyte_XCELL","PFI",562,220,1.02625388757766,0.037387687122099,0.891482607460604,1.18139942715014,0.718260940272041,0.50266671686369,"HNSC",0.91470918852047,"Benchmark infiltration","Monocyte
xCell","Adverse"
"Myeloid dendritic cell_XCELL","PFI",562,220,0.975911380638298,-0.0351779476302807,0.849704254431562,1.12086413348194,0.730018430853464,0.521365108049093,"HNSC",0.91470918852047,"Benchmark infiltration","myDC
xCell","Protective"
"immune score_XCELL","PFI",562,220,0.839052004340691,-0.253167863388763,0.718883024655595,0.979308513127583,0.0260758842628209,0.547649524383204,"HNSC",0.202423788477827,"Benchmark infiltration","Immune score
xCell","Protective"
"stroma score_XCELL","PFI",562,220,0.938319584106015,-0.091848718118027,0.81443321312875,1.08105075741514,0.378193638895575,0.529465652686796,"HNSC",0.74098066810109,"Benchmark infiltration","Stroma score
xCell","Protective"
"microenvironment score_XCELL","PFI",562,220,0.834844101933038,-0.260421279775939,0.717409696569813,0.971501609003632,0.0196081288029415,0.558717968024496,"HNSC",0.175463177677985,"Benchmark infiltration","Microenv score
xCell","Protective"
"Macrophage_EPIC","PFI",562,220,1.00322708540811,0.00464820406644994,0.8768270767664,1.14784843165215,0.962599510798537,0.482293000025099,"HNSC",0.988421852369884,"Benchmark infiltration","Macrophage
EPIC","Adverse"
"Macrophage M1_QUANTISEQ","PFI",562,220,1.07218845394259,0.100558504371515,0.941515943398057,1.22099693460186,0.293191434549254,0.506876992194363,"HNSC",0.687288591681382,"Benchmark infiltration","M1 macrophage
quanTIseq","Adverse"
"Macrophage M2_QUANTISEQ","PFI",562,220,0.826033193081257,-0.27572833923349,0.715147409750312,0.954112154737787,0.00935850108350697,0.566071831940366,"HNSC",0.112838858499678,"Benchmark infiltration","M2 macrophage
quanTIseq","Protective"
"Monocyte_QUANTISEQ","PFI",562,220,1.08782632675389,0.121448246357749,0.954636980624325,1.23959802647176,0.206485195427807,0.506952287729338,"HNSC",0.575985018824934,"Benchmark infiltration","Monocyte
quanTIseq","Adverse"
"Macrophage M0_CIBERSORT","PFI",562,220,1.03966208215221,0.0561146902683861,0.911985179741642,1.18521360771596,0.560688152128216,0.506186783123761,"HNSC",0.839813340905089,"Benchmark infiltration","M0 macrophage
CIBERSORT","Adverse"
"Macrophage M1_CIBERSORT","PFI",562,220,0.944920055704697,-0.0817358185876962,0.822708167718446,1.08528631014945,0.422696478691561,0.523762015912456,"HNSC",0.771216873967342,"Benchmark infiltration","M1 macrophage
CIBERSORT","Protective"
"Macrophage M2_CIBERSORT","PFI",562,220,1.09230890031551,0.127380901984464,0.957268944633972,1.24639866402925,0.18973773957136,0.516960319253068,"HNSC",0.563710328935819,"Benchmark infiltration","M2 macrophage
CIBERSORT","Adverse"
"MDR_injury","DFI",133,28,1.42475638804667,0.51071526117053,0.944619593986407,2.14893993116662,0.091362152299188,0.611532625189681,"HNSC",0.616061904392991,"MDRi","MDR injury","Adverse"
"MDR_resolution","DFI",133,28,1.58380115353981,0.66339121621939,1.05571490696727,2.37604496952681,0.0262864128385539,0.659711684370258,"HNSC",0.399887303769851,"MDRi","MDR resolution","Adverse"
"MDR_apc_ifn","DFI",133,28,1.29119643301315,0.36870849822543,0.888866560608108,1.87563387184382,0.179740147719135,0.600531107738999,"HNSC",0.641150404646577,"MDRi","MDR APC/IFN","Adverse"
"MDR_axis","DFI",133,28,0.746902340492845,-0.421008475831792,0.507733439751419,1.09873225310276,0.138382248094211,0.615326251896813,"HNSC",0.641150404646577,"MDRi","MDR axis","Protective"
"Macrophage_TIMER","DFI",133,28,1.31766285802156,0.397981284397396,0.996391213247962,1.74252380422935,0.0530382083069848,0.636760242792109,"HNSC",0.554329554624311,"Benchmark infiltration","Macrophage
TIMER","Adverse"
"Macrophage/Monocyte_MCPCOUNTER","DFI",133,28,1.50220237389395,0.587079183122439,1.10044318000883,2.05063924528527,0.0103851237723937,0.594081942336874,"HNSC",0.321859894425908,"Benchmark infiltration","Mac/Mono
MCPcounter","Adverse"
"Monocyte_MCPCOUNTER","DFI",133,28,1.50220237389395,0.587079183122439,1.10044318000883,2.05063924528527,0.0103851237723937,0.594081942336874,"HNSC",0.321859894425908,"Benchmark infiltration","Monocyte
MCPcounter","Adverse"
"Myeloid dendritic cell_MCPCOUNTER","DFI",133,28,1.49519562831373,0.580334256017994,1.14177693584091,1.9580093946126,0.00346015835943123,0.550455235204856,"HNSC",0.264702114496489,"Benchmark infiltration","myDC
MCPcounter","Adverse"
"Macrophage_XCELL","DFI",133,28,1.4298382524327,0.515851954268366,1.06762878202893,1.91493285169264,0.0164386092934419,0.646433990895296,"HNSC",0.340954607376935,"Benchmark infiltration","Macrophage
xCell","Adverse"
"Macrophage M1_XCELL","DFI",133,28,1.47723984172868,0.56290407822295,1.07338210080773,2.03304820189233,0.0166401900795966,0.623482549317147,"HNSC",0.340954607376935,"Benchmark infiltration","M1 macrophage
xCell","Adverse"
"Macrophage M2_XCELL","DFI",133,28,1.26608691908672,0.340376451710076,0.960641487911399,1.66865173621393,0.0939527958769267,0.594461305007587,"HNSC",0.616061904392991,"Benchmark infiltration","M2 macrophage
xCell","Adverse"
"Monocyte_XCELL","DFI",133,28,1.83004794528726,0.871881446062355,1.27405458066053,2.62867504492137,0.00107234649228922,0.598823975720789,"HNSC",0.127672431506852,"Benchmark infiltration","Monocyte
xCell","Adverse"
"Myeloid dendritic cell_XCELL","DFI",133,28,1.54887998417557,0.631225360433013,1.13850918822721,2.10716718862433,0.00533726248589839,0.622723823975721,"HNSC",0.278734539466244,"Benchmark infiltration","myDC
xCell","Adverse"
"immune score_XCELL","DFI",133,28,1.32217603317458,0.40291426858624,0.973110853628074,1.79645459320858,0.0741505202816504,0.599013657056146,"HNSC",0.570932348270158,"Benchmark infiltration","Immune score
xCell","Adverse"
"stroma score_XCELL","DFI",133,28,1.13823480973701,0.186798206061866,0.813914350300016,1.59178724594239,0.449243264458069,0.602617602427921,"HNSC",0.766256464270156,"Benchmark infiltration","Stroma score
xCell","Adverse"
"microenvironment score_XCELL","DFI",133,28,1.35783638873621,0.441309653824831,0.982530498786428,1.87650119854139,0.0638547132761265,0.591047040971168,"HNSC",0.563640642187347,"Benchmark infiltration","Microenv score
xCell","Adverse"
"Macrophage_EPIC","DFI",133,28,1.57757654825653,0.657710010349325,1.19964874261765,2.07456372619414,0.00110354494536661,0.638467374810319,"HNSC",0.127672431506852,"Benchmark infiltration","Macrophage
EPIC","Adverse"
"Macrophage M1_QUANTISEQ","DFI",133,28,1.3708342237236,0.455054115192644,1.02398384447469,1.83517198935488,0.0340734270259022,0.630121396054628,"HNSC",0.446848657282546,"Benchmark infiltration","M1 macrophage
quanTIseq","Adverse"
"Macrophage M2_QUANTISEQ","DFI",133,28,1.15209878366817,0.204264422160644,0.805101425747792,1.64865141816987,0.438729622546692,0.579476479514416,"HNSC",0.759973182728537,"Benchmark infiltration","M2 macrophage
quanTIseq","Adverse"
"Monocyte_QUANTISEQ","DFI",133,28,0.873527792579261,-0.19507448953765,0.507171695489244,1.50452166632114,0.625945565978588,0.494309559939302,"HNSC",0.852581874881247,"Benchmark infiltration","Monocyte
quanTIseq","Protective"
"Macrophage M0_CIBERSORT","DFI",133,28,0.91004710140301,-0.135986877925493,0.626022004478282,1.32293389185612,0.621432028791104,0.516691957511381,"HNSC",0.852581874881247,"Benchmark infiltration","M0 macrophage
CIBERSORT","Protective"
"Macrophage M1_CIBERSORT","DFI",133,28,1.14598267387347,0.196585232135147,0.796688529568728,1.64841872334864,0.46257838261631,0.572458270106222,"HNSC",0.780601020665024,"Benchmark infiltration","M1 macrophage
CIBERSORT","Adverse"
"Macrophage M2_CIBERSORT","DFI",133,28,1.06239601343516,0.0873216381979631,0.740656712683254,1.52389800839569,0.742270487775984,0.565250379362671,"HNSC",0.895284586698668,"Benchmark infiltration","M2 macrophage
CIBERSORT","Adverse"
"MDR_injury","OS",89,12,1.67754032577728,0.746347447259815,0.924542221501505,3.04382155748238,0.0887808289699802,0.655801825293351,"KICH",0.290307071619854,"MDRi","MDR injury","Adverse"
"MDR_resolution","OS",89,12,1.5390829996943,0.622071035446859,0.825550260651633,2.86933042462886,0.174859659365665,0.565840938722295,"KICH",0.438918983023127,"MDRi","MDR resolution","Adverse"
"MDR_apc_ifn","OS",89,12,1.12288082513504,0.167204818112295,0.642114338618871,1.96360877124774,0.684417737140189,0.509778357235984,"KICH",0.882574716553673,"MDRi","MDR APC/IFN","Adverse"
"MDR_axis","OS",89,12,1.07038512436962,0.0981299714401952,0.583560034419195,1.96333581276189,0.826056012480477,0.561929595827901,"KICH",0.94371345921095,"MDRi","MDR axis","Adverse"
"Macrophage_TIMER","OS",89,12,1.83515819722869,0.875904433924016,1.06901359241886,3.15038614358058,0.0276645315879694,0.541069100391134,"KICH",0.142933413204509,"Benchmark infiltration","Macrophage
TIMER","Adverse"
"Macrophage/Monocyte_MCPCOUNTER","OS",89,12,1.97170868939795,0.979446416114391,1.27875490839699,3.04017222559154,0.00211968283029706,0.657105606258149,"KICH",0.0268204766282485,"Benchmark infiltration","Mac/Mono
MCPcounter","Adverse"
"Monocyte_MCPCOUNTER","OS",89,12,1.97170868939795,0.979446416114391,1.27875490839699,3.04017222559154,0.00211968283029706,0.657105606258149,"KICH",0.0268204766282485,"Benchmark infiltration","Monocyte
MCPcounter","Adverse"
"Myeloid dendritic cell_MCPCOUNTER","OS",89,12,1.44590537564846,0.531973141120598,0.993997796162726,2.1032665901272,0.053795694722506,0.66232073011734,"KICH",0.208458317049711,"Benchmark infiltration","myDC
MCPcounter","Adverse"
"Macrophage_XCELL","OS",89,12,1.1275762611051,0.17322501024121,0.695584570470119,1.82785570379809,0.626145214593659,0.477183833116037,"KICH",0.858871754531125,"Benchmark infiltration","Macrophage
xCell","Adverse"
"Macrophage M1_XCELL","OS",89,12,1.32712187767353,0.408300868252251,0.846304275272873,2.08111022200833,0.217591138904735,0.531942633637549,"KICH",0.480525074615567,"Benchmark infiltration","M1 macrophage
xCell","Adverse"
"Macrophage M2_XCELL","OS",89,12,0.862913944098567,-0.212711404095775,0.412990348164099,1.80299728124366,0.694941378333579,0.52477183833116,"KICH",0.890214162328138,"Benchmark infiltration","M2 macrophage
xCell","Protective"
"Monocyte_XCELL","OS",89,12,1.46501534740343,0.55091577830407,1.03925826420888,2.06519403505672,0.0292743918761396,0.528683181225554,"KICH",0.146371959380698,"Benchmark infiltration","Monocyte
xCell","Adverse"
"Myeloid dendritic cell_XCELL","OS",89,12,1.1128985780673,0.154322121353296,0.667766356597233,1.85475538386738,0.681473484854274,0.555410691003911,"KICH",0.882574716553673,"Benchmark infiltration","myDC
xCell","Adverse"
"immune score_XCELL","OS",89,12,1.0498107598848,0.0701292894329931,0.608655438873476,1.81071680491301,0.861254142883747,0.520208604954368,"KICH",0.959456600922302,"Benchmark infiltration","Immune score
xCell","Adverse"
"stroma score_XCELL","OS",89,12,0.835105125767458,-0.259970274693518,0.432071134686313,1.61408739232117,0.591985384167462,0.548891786179922,"KICH",0.832269701097113,"Benchmark infiltration","Stroma score
xCell","Protective"
"microenvironment score_XCELL","OS",89,12,0.926533034756319,-0.110085679639154,0.519884156215427,1.65125913962076,0.795775886137813,0.567144719687093,"KICH",0.932743195280587,"Benchmark infiltration","Microenv score
xCell","Protective"
"Macrophage_EPIC","OS",89,12,1.19806485544481,0.260706008373785,0.850176708126734,1.6883071297197,0.301819310030678,0.495436766623207,"KICH",0.55527588195555,"Benchmark infiltration","Macrophage
EPIC","Adverse"
"Macrophage M1_QUANTISEQ","OS",89,12,1.24992584297789,0.321842503574025,0.754880525851318,2.06961838256735,0.385913461064446,0.485006518904824,"KICH",0.644368011857477,"Benchmark infiltration","M1 macrophage
quanTIseq","Adverse"
"Macrophage M2_QUANTISEQ","OS",89,12,0.860436758474546,-0.216858935844478,0.458601568121518,1.61436738728728,0.639648901499606,0.584093872229466,"KICH",0.864013766731494,"Benchmark infiltration","M2 macrophage
quanTIseq","Protective"
"Monocyte_QUANTISEQ","OS",89,12,1.23229661119805,0.30134955148793,0.896441018298873,1.69398198762912,0.198236695460104,0.501303780964798,"KICH",0.460710483499242,"Benchmark infiltration","Monocyte
quanTIseq","Adverse"
"Macrophage M0_CIBERSORT","OS",89,12,1.06720965047945,0.0938436175833085,0.652006550992069,1.74681747651692,0.795840565005533,0.574315514993481,"KICH",0.932743195280587,"Benchmark infiltration","M0 macrophage
CIBERSORT","Adverse"
"Macrophage M1_CIBERSORT","OS",89,12,1.83841174506864,0.878459920077817,1.13555463998174,2.97630569715311,0.0132449574162557,0.640808344198175,"KICH",0.0954869023032386,"Benchmark infiltration","M1 macrophage
CIBERSORT","Adverse"
"Macrophage M2_CIBERSORT","OS",89,12,1.16586553524838,0.221401405333534,0.661518816373763,2.05472983176947,0.595570375395588,0.51890482398957,"KICH",0.83352964502317,"Benchmark infiltration","M2 macrophage
CIBERSORT","Adverse"
"MDR_injury","DSS",89,10,1.89026321951563,0.91858714399599,0.983727359647415,3.63220053199929,0.0560393484446435,0.694308943089431,"KICH",0.236813974109959,"MDRi","MDR injury","Adverse"
"MDR_resolution","DSS",89,10,1.76422191081212,0.819032040199555,0.884671537868293,3.51823113704934,0.106958810531075,0.609756097560976,"KICH",0.336072765329881,"MDRi","MDR resolution","Adverse"
"MDR_apc_ifn","DSS",89,10,1.22348536939252,0.290996849573365,0.651898482846232,2.29624165189328,0.530043612637078,0.554471544715447,"KICH",0.729988638160958,"MDRi","MDR APC/IFN","Adverse"
"MDR_axis","DSS",89,10,1.0235722480232,0.033612937423494,0.52686951313497,1.98853818792674,0.945179402012035,0.552845528455285,"KICH",0.983156381408022,"MDRi","MDR axis","Adverse"
"Macrophage_TIMER","DSS",89,10,2.06291007072304,1.04468093060405,1.1963535930768,3.55714061839019,0.00919048253746941,0.584552845528455,"KICH",0.0744299642119002,"Benchmark infiltration","Macrophage
TIMER","Adverse"
"Macrophage/Monocyte_MCPCOUNTER","DSS",89,10,2.16590334222743,1.11496886122848,1.37499418092962,3.41175064806481,0.000857394831630182,0.712195121951219,"KICH",0.0234015146754679,"Benchmark infiltration","Mac/Mono
MCPcounter","Adverse"
"Monocyte_MCPCOUNTER","DSS",89,10,2.16590334222743,1.11496886122848,1.37499418092962,3.41175064806481,0.000857394831630182,0.712195121951219,"KICH",0.0234015146754679,"Benchmark infiltration","Monocyte
MCPcounter","Adverse"
"Myeloid dendritic cell_MCPCOUNTER","DSS",89,10,1.57654665542125,0.656767864946021,1.08148237310629,2.29823381178277,0.0179180699318302,0.730081300813008,"KICH",0.120874148200042,"Benchmark infiltration","myDC
MCPcounter","Adverse"
"Macrophage_XCELL","DSS",89,10,1.20230832832258,0.265806918262261,0.756495757623967,1.91084391655289,0.435727673450804,0.502439024390244,"KICH",0.666901994396995,"Benchmark infiltration","Macrophage
xCell","Adverse"
"Macrophage M1_XCELL","DSS",89,10,1.4084470538689,0.494105331155879,0.902924672894412,2.1969973388732,0.131094077250048,0.533333333333333,"KICH",0.378789419189837,"Benchmark infiltration","M1 macrophage
xCell","Adverse"
"Macrophage M2_XCELL","DSS",89,10,0.970387075300483,-0.0433677597258012,0.520056927525755,1.81066922882897,0.924747671294196,0.475609756097561,"KICH",0.979244771628292,"Benchmark infiltration","M2 macrophage
xCell","Protective"
"Monocyte_XCELL","DSS",89,10,1.54099255481485,0.623859891601147,1.09776110159532,2.16318290978231,0.0124549484946804,0.61219512195122,"KICH",0.0930752100982007,"Benchmark infiltration","Monocyte
xCell","Adverse"
"Myeloid dendritic cell_XCELL","DSS",89,10,1.2345869215374,0.304028413521105,0.738214952192922,2.06471687183174,0.421876148564876,0.609756097560976,"KICH",0.652113954264018,"Benchmark infiltration","myDC
xCell","Adverse"
"immune score_XCELL","DSS",89,10,1.09599921040046,0.132246758926404,0.623461529985263,1.92668546722815,0.750124409881852,0.531707317073171,"KICH",0.888182899637589,"Benchmark infiltration","Immune score
xCell","Adverse"
"stroma score_XCELL","DSS",89,10,0.923738005804047,-0.114444368055488,0.482710160445103,1.76771067462103,0.810671000116889,0.513821138211382,"KICH",0.917590206825219,"Benchmark infiltration","Stroma score
xCell","Protective"
"microenvironment score_XCELL","DSS",89,10,1.02030077372791,0.0289945059234479,0.573180568187794,1.8162054449283,0.945539963336759,0.461788617886179,"KICH",0.983156381408022,"Benchmark infiltration","Microenv score
xCell","Adverse"
"Macrophage_EPIC","DSS",89,10,1.24161735747447,0.312220631264695,0.889919033791904,1.73230777615031,0.20279880110317,0.55609756097561,"KICH",0.468310484475191,"Benchmark infiltration","Macrophage
EPIC","Adverse"
"Macrophage M1_QUANTISEQ","DSS",89,10,1.3496794297258,0.432616785006275,0.80249538026315,2.26996267869807,0.258276959475672,0.468292682926829,"KICH",0.536134482666107,"Benchmark infiltration","M1 macrophage
quanTIseq","Adverse"
"Macrophage M2_QUANTISEQ","DSS",89,10,0.942869265474895,-0.0848703485112743,0.491182526038502,1.80992279783887,0.859657431849206,0.552845528455285,"KICH",0.941529568215797,"Benchmark infiltration","M2 macrophage
quanTIseq","Protective"
"Monocyte_QUANTISEQ","DSS",89,10,1.22205446589289,0.289308586238868,0.855369962803936,1.74593121403665,0.270590011845401,0.454471544715447,"KICH",0.549785359756556,"Benchmark infiltration","Monocyte
quanTIseq","Adverse"
"Macrophage M0_CIBERSORT","DSS",89,10,1.09205665259912,0.127047700858274,0.649980607762093,1.83480509763533,0.739404472734721,0.575609756097561,"KICH",0.885816296643038,"Benchmark infiltration","M0 macrophage
CIBERSORT","Adverse"
"Macrophage M1_CIBERSORT","DSS",89,10,1.71481062616029,0.778049262237935,0.994560014303887,2.95665966990482,0.0523385994811983,0.582926829268293,"KICH",0.222923664456956,"Benchmark infiltration","M1 macrophage
CIBERSORT","Adverse"
"Macrophage M2_CIBERSORT","DSS",89,10,1.16576025667516,0.221271122956211,0.629431912474079,2.15908496075707,0.625726086870915,0.52520325203252,"KICH",0.812172686119134,"Benchmark infiltration","M2 macrophage
CIBERSORT","Adverse"
"MDR_injury","PFI",89,15,1.84358703826108,0.882515529642158,1.09618628348156,3.10057990951083,0.0210997077608246,0.709741550695825,"KICH",0.180979329770867,"MDRi","MDR injury","Adverse"
"MDR_resolution","PFI",89,15,1.67149266974146,0.741137028092721,0.990286918185719,2.82129117702379,0.0544274184432593,0.608349900596421,"KICH",0.29527945911343,"MDRi","MDR resolution","Adverse"
"MDR_apc_ifn","PFI",89,15,1.21201188965123,0.277403851497938,0.72271826245741,2.03256634979874,0.466049653939208,0.54572564612326,"KICH",0.81226499110525,"MDRi","MDR APC/IFN","Adverse"
"MDR_axis","PFI",89,15,1.03815685862491,0.0540244418299614,0.605223332987133,1.78078009284691,0.891809084982222,0.555666003976143,"KICH",0.966047783897296,"MDRi","MDR axis","Adverse"
"Macrophage_TIMER","PFI",89,15,1.34048675527197,0.422756964790185,0.861078897172178,2.08680615325806,0.194414374562435,0.504473161033797,"KICH",0.563710328935819,"Benchmark infiltration","Macrophage
TIMER","Adverse"
"Macrophage/Monocyte_MCPCOUNTER","PFI",89,15,1.50308488634805,0.587926487401454,1.07564564333256,2.1003796088164,0.016981372052642,0.629224652087475,"KICH",0.162714718236433,"Benchmark infiltration","Mac/Mono
MCPcounter","Adverse"
"Monocyte_MCPCOUNTER","PFI",89,15,1.50308488634805,0.587926487401454,1.07564564333256,2.1003796088164,0.016981372052642,0.629224652087475,"KICH",0.162714718236433,"Benchmark infiltration","Monocyte
MCPcounter","Adverse"
"Myeloid dendritic cell_MCPCOUNTER","PFI",89,15,1.39048156081792,0.475584613226187,0.973062816385127,1.98696213483654,0.0702911690926717,0.666003976143141,"KICH",0.333473415753998,"Benchmark infiltration","myDC
MCPcounter","Adverse"
"Macrophage_XCELL","PFI",89,15,1.0968124075723,0.133316796654448,0.712653171504385,1.68805459023646,0.674441626777128,0.470675944333996,"KICH",0.898820659283252,"Benchmark infiltration","Macrophage
xCell","Adverse"
"Macrophage M1_XCELL","PFI",89,15,1.26126936818536,0.334876423678847,0.865240497064342,1.83856445060083,0.227364284738943,0.564115308151093,"KICH",0.6002068666097,"Benchmark infiltration","M1 macrophage
xCell","Adverse"
"Macrophage M2_XCELL","PFI",89,15,0.860805580447166,-0.216240664231027,0.454215348843511,1.63135448684336,0.645858009664611,0.503976143141153,"KICH",0.87770447467242,"Benchmark infiltration","M2 macrophage
xCell","Protective"
"Monocyte_XCELL","PFI",89,15,1.35059889578054,0.433599283111135,1.00060603883246,1.82301256087966,0.0495390304743977,0.58648111332008,"KICH",0.282135495128764,"Benchmark infiltration","Monocyte
xCell","Adverse"
"Myeloid dendritic cell_XCELL","PFI",89,15,1.07221552588277,0.10059493086037,0.675426790582076,1.70210324786392,0.767445145313536,0.58051689860835,"KICH",0.927666149335134,"Benchmark infiltration","myDC
xCell","Adverse"
"immune score_XCELL","PFI",89,15,1.01700828700272,0.0243314349171684,0.622567357275518,1.66135574527799,0.946299764103112,0.495029821073559,"KICH",0.981928520281693,"Benchmark infiltration","Immune score
xCell","Adverse"
"stroma score_XCELL","PFI",89,15,1.07208855472963,0.100424077617274,0.688713435493846,1.66887098457445,0.757861277503801,0.53479125248509,"KICH",0.91769142390179,"Benchmark infiltration","Stroma score
xCell","Adverse"
"microenvironment score_XCELL","PFI",89,15,1.06712009476717,0.0937225476480246,0.673937391452576,1.6896900381228,0.78174324871528,0.479125248508946,"KICH",0.929702056042286,"Benchmark infiltration","Microenv score
xCell","Adverse"
"Macrophage_EPIC","PFI",89,15,1.15435301785311,0.207084488474628,0.831877939457756,1.60183462816093,0.39048089046874,0.536779324055666,"KICH",0.755734082957757,"Benchmark infiltration","Macrophage
EPIC","Adverse"
"Macrophage M1_QUANTISEQ","PFI",89,15,1.37542735239835,0.459879941106341,0.870630529561984,2.17290841234032,0.171875631910675,0.503976143141153,"KICH",0.545724932656476,"Benchmark infiltration","M1 macrophage
quanTIseq","Adverse"
"Macrophage M2_QUANTISEQ","PFI",89,15,0.858033140042329,-0.220894724491909,0.487168181160686,1.51122527677576,0.595992587474871,0.587475149105368,"KICH",0.862335026625775,"Benchmark infiltration","M2 macrophage
quanTIseq","Protective"
"Monocyte_QUANTISEQ","PFI",89,15,1.25071569911561,0.322753886954341,0.88847729642065,1.76064123001927,0.199760852376866,0.492544731610338,"KICH",0.566252716174647,"Benchmark infiltration","Monocyte
quanTIseq","Adverse"
"Macrophage M0_CIBERSORT","PFI",89,15,1.07633150171176,0.106122485160795,0.693422940693202,1.67068239827624,0.742982081385691,0.560636182902585,"KICH",0.9164827584264,"Benchmark infiltration","M0 macrophage
CIBERSORT","Adverse"
"Macrophage M1_CIBERSORT","PFI",89,15,1.56539983809214,0.646531200772552,1.02662170089371,2.38693245132621,0.0373398562790762,0.648608349900596,"KICH",0.241954441686469,"Benchmark infiltration","M1 macrophage
CIBERSORT","Adverse"
"Macrophage M2_CIBERSORT","PFI",89,15,0.934208480378953,-0.0981835534688781,0.55595437678575,1.56981493671788,0.797178493652048,0.538767395626243,"KICH",0.935068057643139,"Benchmark infiltration","M2 macrophage
CIBERSORT","Protective"
"MDR_injury","OS",601,200,1.25811698835481,0.331266080144066,1.07815543568483,1.46811703025138,0.00355195138445984,0.559728106397812,"KIRC",0.0386352606730719,"MDRi","MDR injury","Adverse"
"MDR_resolution","OS",601,200,0.957961072762827,-0.061961062384213,0.832874070163843,1.10183453874171,0.547449439449404,0.503780769024508,"KIRC",0.793034234716426,"MDRi","MDR resolution","Protective"
"MDR_apc_ifn","OS",601,200,0.929457325057953,-0.105539467871305,0.812246197455089,1.06358259578267,0.287478195066208,0.522429881482276,"KIRC",0.551039707636448,"MDRi","MDR APC/IFN","Protective"
"MDR_axis","OS",601,200,1.34137466830597,0.423712262305888,1.17115175895339,1.53633889631937,2.21818888197976e-05,0.586099640692873,"KIRC",0.00114606425568954,"MDRi","MDR axis","Adverse"
"Macrophage_TIMER","OS",601,200,0.935734860306684,-0.0958282936132203,0.798904786962476,1.09600010299387,0.410225634144826,0.52600284228026,"KIRC",0.660623099142317,"Benchmark infiltration","Macrophage
TIMER","Protective"
"Macrophage/Monocyte_MCPCOUNTER","OS",601,200,0.964296559048884,-0.0524511948294738,0.835458242944412,1.1130033866401,0.619296100706895,0.529870756690084,"KIRC",0.853252405418389,"Benchmark infiltration","Mac/Mono
MCPcounter","Protective"
"Monocyte_MCPCOUNTER","OS",601,200,0.964296559048884,-0.0524511948294738,0.835458242944412,1.1130033866401,0.619296100706895,0.529870756690084,"KIRC",0.853252405418389,"Benchmark infiltration","Monocyte
MCPcounter","Protective"
"Myeloid dendritic cell_MCPCOUNTER","OS",601,200,0.80457219172063,-0.313706219663124,0.685658222177548,0.944109456799476,0.00770365256267971,0.575414275754813,"KIRC",0.0663370081786308,"Benchmark infiltration","myDC
MCPcounter","Protective"
"Macrophage_XCELL","OS",601,200,1.08186042232112,0.113514379927702,0.947343934863162,1.23547734915714,0.245451534268224,0.517140826942672,"KIRC",0.510670977336574,"Benchmark infiltration","Macrophage
xCell","Adverse"
"Macrophage M1_XCELL","OS",601,200,1.2099416945679,0.274937527678005,1.06956664492509,1.36874023811426,0.00245479812017028,0.537452405212635,"KIRC",0.0292687468174149,"Benchmark infiltration","M1 macrophage
xCell","Adverse"
"Macrophage M2_XCELL","OS",601,200,0.922553194759332,-0.116295994984889,0.798636035019245,1.06569746397699,0.273362752861445,0.534804526197244,"KIRC",0.543220855045178,"Benchmark infiltration","M2 macrophage
xCell","Protective"
"Monocyte_XCELL","OS",601,200,1.22940008836508,0.29795449387895,1.08374101170879,1.39463632080226,0.00132810014732426,0.53541454389446,"KIRC",0.0222546511173254,"Benchmark infiltration","Monocyte
xCell","Adverse"
"Myeloid dendritic cell_XCELL","OS",601,200,1.0269609575642,0.0383813351135595,0.889858342348647,1.1851873024841,0.715948482745184,0.48602992438462,"KIRC",0.898558824498005,"Benchmark infiltration","myDC
xCell","Adverse"
"immune score_XCELL","OS",601,200,1.23086686592523,0.299674724245935,1.08167608442421,1.40063486976238,0.00162755006563531,0.538484742854078,"KIRC",0.0240257390641403,"Benchmark infiltration","Immune score
xCell","Adverse"
"stroma score_XCELL","OS",601,200,0.857908597522526,-0.221104145210668,0.738654353038506,0.996416197475113,0.0447518123370048,0.555618866305572,"KIRC",0.18889526574951,"Benchmark infiltration","Stroma score
xCell","Protective"
"microenvironment score_XCELL","OS",601,200,1.13293673258575,0.180067297933953,0.987343115512259,1.2999995846187,0.0753275554465422,0.515860460127634,"KIRC",0.259461579871423,"Benchmark infiltration","Microenv score
xCell","Adverse"
"Macrophage_EPIC","OS",601,200,1.14831126331248,0.199513754531539,1.03141054188092,1.27846158625219,0.0115847685865007,0.545932321553065,"KIRC",0.0875921527272008,"Benchmark infiltration","Macrophage
EPIC","Adverse"
"Macrophage M1_QUANTISEQ","OS",601,200,1.42070440789614,0.506606418322522,1.25650631984413,1.60635962011389,2.0969262709466e-08,0.586877245669545,"KIRC",3.25023571996723e-06,"Benchmark infiltration","M1 macrophage
quanTIseq","Adverse"
"Macrophage M2_QUANTISEQ","OS",601,200,0.953995165153416,-0.0679461402151343,0.827098771855455,1.10036044799634,0.517819780521501,0.52443422534456,"KIRC",0.760960376248845,"Benchmark infiltration","M2 macrophage
quanTIseq","Protective"
"Monocyte_QUANTISEQ","OS",601,200,1.0832917516753,0.11542184129394,0.972928907682411,1.20617345212113,0.144467530606658,0.524648737062262,"KIRC",0.394614344471215,"Benchmark infiltration","Monocyte
quanTIseq","Adverse"
"Macrophage M0_CIBERSORT","OS",601,200,1.14841222401708,0.199640592184173,1.0460820120167,1.26075261893597,0.00365985221347546,0.529542285622352,"KIRC",0.039122558144048,"Benchmark infiltration","M0 macrophage
CIBERSORT","Adverse"
"Macrophage M1_CIBERSORT","OS",601,200,1.00580485585762,0.00835042363651723,0.878405113688081,1.15168205683512,0.933245256933666,0.495602509787097,"KIRC",0.980511716430199,"Benchmark infiltration","M1 macrophage
CIBERSORT","Adverse"
"Macrophage M2_CIBERSORT","OS",601,200,0.877702259814414,-0.188196473051719,0.761543845765617,1.01157833677829,0.0716987480719621,0.527028476430525,"KIRC",0.249737212385486,"Benchmark infiltration","M2 macrophage
CIBERSORT","Protective"
"MDR_injury","DSS",587,125,1.31489402367758,0.394946527520676,1.08201666599741,1.59789247969602,0.0059134155881622,0.565446205512553,"KIRC",0.0572912487463264,"MDRi","MDR injury","Adverse"
"MDR_resolution","DSS",587,125,0.884657837625432,-0.176808528292139,0.747724212661449,1.04666864656749,0.153189224298407,0.528934758569849,"KIRC",0.40969211149574,"MDRi","MDR resolution","Protective"
"MDR_apc_ifn","DSS",587,125,0.887150002791923,-0.172750033216248,0.750919502323481,1.04809520197369,0.159214847762846,0.531617315804562,"KIRC",0.418029851432129,"MDRi","MDR APC/IFN","Protective"
"MDR_axis","DSS",587,125,1.5547056846959,0.636641495199914,1.31930144261771,1.83211333509179,1.37988857894382e-07,0.624134824097965,"KIRC",1.58687186578539e-05,"MDRi","MDR axis","Adverse"
"Macrophage_TIMER","DSS",587,125,0.854355797215814,-0.227091088296364,0.688818201987616,1.05967558077014,0.152007293406667,0.544753655240201,"KIRC",0.40969211149574,"Benchmark infiltration","Macrophage
TIMER","Protective"
"Macrophage/Monocyte_MCPCOUNTER","DSS",587,125,0.924816956686486,-0.112760244731262,0.769696612671351,1.11119938595864,0.404072938666198,0.543637629520416,"KIRC",0.640460230180925,"Benchmark infiltration","Mac/Mono
MCPcounter","Protective"
"Monocyte_MCPCOUNTER","DSS",587,125,0.924816956686486,-0.112760244731262,0.769696612671351,1.11119938595864,0.404072938666198,0.543637629520416,"KIRC",0.640460230180925,"Benchmark infiltration","Monocyte
MCPcounter","Protective"
"Myeloid dendritic cell_MCPCOUNTER","DSS",587,125,0.783410388739865,-0.352159835013168,0.638409187458466,0.961345558996166,0.0194153836298857,0.592210345251259,"KIRC",0.126861881672549,"Benchmark infiltration","myDC
MCPcounter","Protective"
"Macrophage_XCELL","DSS",587,125,1.07472140627928,0.103962726913125,0.90842812385687,1.27145568348443,0.400798112266548,0.512511774583282,"KIRC",0.640460230180925,"Benchmark infiltration","Macrophage
xCell","Adverse"
"Macrophage M1_XCELL","DSS",587,125,1.27247307217294,0.34763512659283,1.1011707131211,1.47042388624367,0.00108940595765237,0.551326944342057,"KIRC",0.0250563370260045,"Benchmark infiltration","M1 macrophage
xCell","Adverse"
"Macrophage M2_XCELL","DSS",587,125,0.847344295404219,-0.238979806149717,0.699966710154106,1.02575214583562,0.0892904035218073,0.552791088176271,"KIRC",0.305865977568907,"Benchmark infiltration","M2 macrophage
xCell","Protective"
"Monocyte_XCELL","DSS",587,125,1.2371379424729,0.307006371637074,1.05697371466894,1.44801168417463,0.00804978352241891,0.537750337879346,"KIRC",0.0701306897786496,"Benchmark infiltration","Monocyte
xCell","Adverse"
"Myeloid dendritic cell_XCELL","DSS",587,125,1.0485647731611,0.0684159840210167,0.879272637338124,1.25045183578434,0.597599956546233,0.473614694679936,"KIRC",0.793579618970171,"Benchmark infiltration","myDC
xCell","Adverse"
"immune score_XCELL","DSS",587,125,1.25820598185633,0.331368126252527,1.07252046569205,1.47603923973382,0.00481237412426965,0.532272596961134,"KIRC",0.0496028663648994,"Benchmark infiltration","Immune score
xCell","Adverse"
"stroma score_XCELL","DSS",587,125,0.798919310711244,-0.323878293755558,0.659686630149784,0.967538276290981,0.0215774967650569,0.574568947864193,"KIRC",0.1310513284645,"Benchmark infiltration","Stroma score
xCell","Protective"
"microenvironment score_XCELL","DSS",587,125,1.12559653196237,0.17068978865475,0.945171508559453,1.34046312366813,0.184395251345618,0.499017078265143,"KIRC",0.453339986163941,"Benchmark infiltration","Microenv score
xCell","Adverse"
"Macrophage_EPIC","DSS",587,125,1.16039543362606,0.21461652338381,1.02203461398455,1.31748723962549,0.0216519586158739,0.546565917188844,"KIRC",0.1310513284645,"Benchmark infiltration","Macrophage
EPIC","Adverse"
"Macrophage M1_QUANTISEQ","DSS",587,125,1.46001436032215,0.545982559148895,1.24946973954949,1.70603726114686,1.9065526386663e-06,0.599244378916329,"KIRC",0.000182711294538854,"Benchmark infiltration","M1 macrophage
quanTIseq","Adverse"
"Macrophage M2_QUANTISEQ","DSS",587,125,0.924158350808715,-0.113788022084581,0.769631844780252,1.10971065342721,0.398186054223169,0.536450014334275,"KIRC",0.640460230180925,"Benchmark infiltration","M2 macrophage
quanTIseq","Protective"
"Monocyte_QUANTISEQ","DSS",587,125,1.08792239947773,0.121575654123789,0.954561173827841,1.23991544988069,0.206591791058406,0.526979153868207,"KIRC",0.473268047245351,"Benchmark infiltration","Monocyte
quanTIseq","Adverse"
"Macrophage M0_CIBERSORT","DSS",587,125,1.19485517578664,0.256835764786626,1.08538931342617,1.31536110909132,0.000281945244238598,0.536347626653561,"KIRC",0.0102947732987041,"Benchmark infiltration","M0 macrophage
CIBERSORT","Adverse"
"Macrophage M1_CIBERSORT","DSS",587,125,1.0036304165887,0.00522809965078564,0.844219298234007,1.19314260549253,0.967245376613873,0.498976123192857,"KIRC",0.991383407402811,"Benchmark infiltration","M1 macrophage
CIBERSORT","Adverse"
"Macrophage M2_CIBERSORT","DSS",587,125,0.750787785984832,-0.413522914673881,0.624038729197889,0.903280955508222,0.00238023816951905,0.572039972150551,"KIRC",0.0342159236868364,"Benchmark infiltration","M2 macrophage
CIBERSORT","Protective"
"MDR_injury","PFI",599,192,1.25657413880357,0.329495793804191,1.07674392886976,1.46643832760438,0.00375197260908319,0.548811714811555,"KIRC",0.0707597724143691,"MDRi","MDR injury","Adverse"
"MDR_resolution","PFI",599,192,0.958782894041134,-0.060723925264287,0.834017408297657,1.10221277009342,0.554018015867934,0.513576591715345,"KIRC",0.837101782747822,"MDRi","MDR resolution","Protective"
"MDR_apc_ifn","PFI",599,192,0.961550680024349,-0.056565195831888,0.838420944847534,1.10276313579383,0.574926171942522,0.506601584380251,"KIRC",0.853715802733616,"MDRi","MDR APC/IFN","Protective"
"MDR_axis","PFI",599,192,1.3522393874912,0.435350575122106,1.17920695376352,1.55066195568694,1.5629381863861e-05,0.585713904670454,"KIRC",0.00153837772917146,"MDRi","MDR axis","Adverse"
"Macrophage_TIMER","PFI",599,192,0.906525975206948,-0.141579735960005,0.76753145100083,1.07069142593874,0.247835206947762,0.528653543517111,"KIRC",0.630105009546154,"Benchmark infiltration","Macrophage
TIMER","Protective"
"Macrophage/Monocyte_MCPCOUNTER","PFI",599,192,0.898288318925612,-0.154749521275761,0.773662315344666,1.04298980047738,0.159247509300523,0.530287268944547,"KIRC",0.510332715851442,"Benchmark infiltration","Mac/Mono
MCPcounter","Protective"
"Monocyte_MCPCOUNTER","PFI",599,192,0.898288318925612,-0.154749521275761,0.773662315344666,1.04298980047738,0.159247509300523,0.530287268944547,"KIRC",0.510332715851442,"Benchmark infiltration","Monocyte
MCPcounter","Protective"
"Myeloid dendritic cell_MCPCOUNTER","PFI",599,192,0.834816206096295,-0.260469487408522,0.714775602255068,0.975016628662595,0.0226439183248643,0.549505214584834,"KIRC",0.187971803925681,"Benchmark infiltration","myDC
MCPcounter","Protective"
"Macrophage_XCELL","PFI",599,192,0.990406998662403,-0.0139065855655287,0.854200763979887,1.14833194298403,0.898388942279616,0.497052625963565,"KIRC",0.968685416636394,"Benchmark infiltration","Macrophage
xCell","Protective"
"Macrophage M1_XCELL","PFI",599,192,1.13006380565018,0.176404232371719,0.988429033641431,1.29199382188912,0.0735146750403999,0.537402309887706,"KIRC",0.335441133131361,"Benchmark infiltration","M1 macrophage
xCell","Adverse"
"Macrophage M2_XCELL","PFI",599,192,0.899528511148797,-0.152759085516102,0.774161878705411,1.04519683108483,0.166755310853672,0.52794670720973,"KIRC",0.531918561010094,"Benchmark infiltration","M2 macrophage
xCell","Protective"
"Monocyte_XCELL","PFI",599,192,1.06753846914322,0.0942880588314027,0.92801410586302,1.22803993592406,0.360431524716771,0.508602064495479,"KIRC",0.740154708224617,"Benchmark infiltration","Monocyte
xCell","Adverse"
"Myeloid dendritic cell_XCELL","PFI",599,192,1.02566933876307,0.03656570149616,0.88579853908651,1.18762624463521,0.734738618967712,0.496765890480382,"KIRC",0.91470918852047,"Benchmark infiltration","myDC
xCell","Adverse"
"immune score_XCELL","PFI",599,192,1.06176989460471,0.08647114101746,0.918214321357383,1.22776925045379,0.418681039781294,0.506808300658825,"KIRC",0.771216873967342,"Benchmark infiltration","Immune score
xCell","Adverse"
"stroma score_XCELL","PFI",599,192,0.927033155638688,-0.109307156662109,0.798054905188619,1.07685632412761,0.321571831542481,0.524139126723747,"KIRC",0.705614623989711,"Benchmark infiltration","Stroma score
xCell","Protective"
"microenvironment score_XCELL","PFI",599,192,1.01393500718506,0.0199651791490641,0.875924856277316,1.17368994774809,0.852931444254098,0.493385079085647,"KIRC",0.95965440339501,"Benchmark infiltration","Microenv score
xCell","Adverse"
"Macrophage_EPIC","PFI",599,192,1.08518188991219,0.11793687647746,0.951983446600528,1.23701702839331,0.22114483900479,0.528393481102131,"KIRC",0.597459204514922,"Benchmark infiltration","Macrophage
EPIC","Adverse"
"Macrophage M1_QUANTISEQ","PFI",599,192,1.20987960559558,0.27486349291149,1.05399862002286,1.38881458877467,0.00678375233706558,0.571043717158785,"KIRC",0.0962730483535262,"Benchmark infiltration","M1 macrophage
quanTIseq","Adverse"
"Macrophage M2_QUANTISEQ","PFI",599,192,0.953936164830885,-0.0680353671924531,0.822263282745773,1.10669444406362,0.533766835927971,0.515090288335867,"KIRC",0.830224444645301,"Benchmark infiltration","M2 macrophage
quanTIseq","Protective"
"Monocyte_QUANTISEQ","PFI",599,192,1.03646928882407,0.0516773692040858,0.899872982618586,1.19380024450719,0.619343347301055,0.516190552399242,"KIRC",0.862335026625775,"Benchmark infiltration","Monocyte
quanTIseq","Adverse"
"Macrophage M0_CIBERSORT","PFI",599,192,1.15894869992795,0.212816707847817,1.06337230380775,1.26311554688331,0.000781650205141055,0.543530447307354,"KIRC",0.0256455710162946,"Benchmark infiltration","M0 macrophage
CIBERSORT","Adverse"
"Macrophage M1_CIBERSORT","PFI",599,192,1.01808859042075,0.0258631050283334,0.884022548406893,1.17248635774372,0.80348436702326,0.515076951801766,"KIRC",0.936718661385831,"Benchmark infiltration","M1 macrophage
CIBERSORT","Adverse"
"Macrophage M2_CIBERSORT","PFI",599,192,0.852748321837189,-0.229808084192099,0.738189247337348,0.985085739218069,0.030455578019983,0.549865301005575,"KIRC",0.219072665781725,"Benchmark infiltration","M2 macrophage
CIBERSORT","Protective"
"MDR_injury","DFI",130,22,1.27336789230703,0.348649292553009,0.81240054806538,1.99589450428087,0.291924559518338,0.532459797498511,"KIRC",0.686495457558148,"MDRi","MDR injury","Adverse"
"MDR_resolution","DFI",130,22,1.1912166257737,0.252435794823355,0.755973875381873,1.87704508810294,0.450739096629503,0.552709946396665,"KIRC",0.766256464270156,"MDRi","MDR resolution","Adverse"
"MDR_apc_ifn","DFI",130,22,1.14514319231201,0.19552800873445,0.734116638198691,1.78630051774363,0.550211701628417,0.568790946992257,"KIRC",0.822923690278999,"MDRi","MDR APC/IFN","Adverse"
"MDR_axis","DFI",130,22,1.02111669548412,0.0301477500314077,0.659359506220792,1.5813517450786,0.925394283064426,0.466944609886837,"KIRC",0.980369112829049,"MDRi","MDR axis","Adverse"
"Macrophage_TIMER","DFI",130,22,1.10915348965039,0.149459025945876,0.653533071129519,1.88241654164098,0.701081802038423,0.570875521143538,"KIRC",0.875198575764806,"Benchmark infiltration","Macrophage
TIMER","Adverse"
"Macrophage/Monocyte_MCPCOUNTER","DFI",130,22,0.858109078496595,-0.220767047391177,0.53962291292355,1.36456620533197,0.517905718623317,0.512209648600357,"KIRC",0.805826185925771,"Benchmark infiltration","Mac/Mono
MCPcounter","Protective"
"Monocyte_MCPCOUNTER","DFI",130,22,0.858109078496595,-0.220767047391177,0.53962291292355,1.36456620533197,0.517905718623317,0.512209648600357,"KIRC",0.805826185925771,"Benchmark infiltration","Monocyte
MCPcounter","Protective"
"Myeloid dendritic cell_MCPCOUNTER","DFI",130,22,1.049462207321,0.0696502139932941,0.678495162576097,1.62325538241629,0.828249365930002,0.525312686122692,"KIRC",0.928320921780651,"Benchmark infiltration","myDC
MCPcounter","Adverse"
"Macrophage_XCELL","DFI",130,22,0.822178151755455,-0.282477060096749,0.515289272935193,1.31183967671889,0.411448014687526,0.505062537224538,"KIRC",0.743522199769978,"Benchmark infiltration","Macrophage
xCell","Protective"
"Macrophage M1_XCELL","DFI",130,22,0.838384070899942,-0.254316788617883,0.518898449678645,1.35457689413807,0.47143852942869,0.472900536033353,"KIRC",0.784022771767278,"Benchmark infiltration","M1 macrophage
xCell","Protective"
"Macrophage M2_XCELL","DFI",130,22,0.89484323898107,-0.160293125530545,0.57534455088921,1.39176502343259,0.621985061581894,0.50565812983919,"KIRC",0.852581874881247,"Benchmark infiltration","M2 macrophage
xCell","Protective"
"Monocyte_XCELL","DFI",130,22,0.755655979734265,-0.404198512942064,0.456069917088013,1.25203601095653,0.276816848965343,0.603335318642049,"KIRC",0.686495457558148,"Benchmark infiltration","Monocyte
xCell","Protective"
"Myeloid dendritic cell_XCELL","DFI",130,22,0.787880842696399,-0.343950638619158,0.455277127358743,1.36346894009207,0.394213533808692,0.495830851697439,"KIRC",0.733570177737611,"Benchmark infiltration","myDC
xCell","Protective"
"immune score_XCELL","DFI",130,22,0.612696851069339,-0.706754658225822,0.355327213433411,1.05648376234103,0.0780183286629038,0.600655151876117,"KIRC",0.577587304133433,"Benchmark infiltration","Immune score
xCell","Protective"
"stroma score_XCELL","DFI",130,22,0.988964577982559,-0.0160092463843493,0.643496193906041,1.51990166494602,0.959636303878496,0.474091721262656,"KIRC",0.992056449279796,"Benchmark infiltration","Stroma score
xCell","Protective"
"microenvironment score_XCELL","DFI",130,22,0.732744632545831,-0.448617599871383,0.480029152146138,1.11850435358824,0.149588039132982,0.561048243001787,"KIRC",0.641150404646577,"Benchmark infiltration","Microenv score
xCell","Protective"
"Macrophage_EPIC","DFI",130,22,0.777374384529018,-0.363318525056678,0.467183162663475,1.29352036207086,0.332380043307714,0.520547945205479,"KIRC",0.686495457558148,"Benchmark infiltration","Macrophage
EPIC","Protective"
"Macrophage M1_QUANTISEQ","DFI",130,22,0.701649728728093,-0.511177093902066,0.435755833308656,1.12978944673241,0.144878304164458,0.556879094699226,"KIRC",0.641150404646577,"Benchmark infiltration","M1 macrophage
quanTIseq","Protective"
"Macrophage M2_QUANTISEQ","DFI",130,22,1.12955425161283,0.175753563916626,0.732062016206809,1.74287530166866,0.581961009845388,0.559261465157832,"KIRC",0.837071380434576,"Benchmark infiltration","M2 macrophage
quanTIseq","Adverse"
"Monocyte_QUANTISEQ","DFI",130,22,0.635780146355765,-0.653400129058366,0.176787725050536,2.28645056880849,0.487966562882298,0.508933889219774,"KIRC",0.793189525598296,"Benchmark infiltration","Monocyte
quanTIseq","Protective"
"Macrophage M0_CIBERSORT","DFI",130,22,1.04295038230804,0.0606705242039256,0.727115257620021,1.49597397188016,0.819261562633591,0.556879094699226,"KIRC",0.924221573914374,"Benchmark infiltration","M0 macrophage
CIBERSORT","Adverse"
"Macrophage M1_CIBERSORT","DFI",130,22,0.980812162844596,-0.0279512251910691,0.64005954512456,1.50297344381714,0.929107982746484,0.477069684335914,"KIRC",0.980369112829049,"Benchmark infiltration","M1 macrophage
CIBERSORT","Protective"
"Macrophage M2_CIBERSORT","DFI",130,22,1.08802347807883,0.121709688336814,0.731907383337273,1.61741104926829,0.676637066561619,0.560452650387135,"KIRC",0.865592407643933,"Benchmark infiltration","M2 macrophage
CIBERSORT","Adverse"
"MDR_injury","OS",318,51,1.3992159117587,0.484618600664972,1.05159625705791,1.86174604043966,0.021154597243562,0.6404742531675,"KIRP",0.123734436707627,"MDRi","MDR injury","Adverse"
"MDR_resolution","OS",318,51,1.02065821147834,0.0294998308015889,0.777262362424286,1.34027226200553,0.88304416932965,0.531907474136929,"KIRP",0.969839057979101,"MDRi","MDR resolution","Adverse"
"MDR_apc_ifn","OS",318,51,1.07918860494098,0.109947020187245,0.811638467981918,1.43493450714611,0.600095200840705,0.540625363245379,"KIRP",0.836087695553342,"MDRi","MDR APC/IFN","Adverse"
"MDR_axis","OS",318,51,1.37767592879811,0.462236562279594,1.04622739321085,1.81412853181452,0.0225010191315998,0.61280948506335,"KIRP",0.127885428580143,"MDRi","MDR axis","Adverse"
"Macrophage_TIMER","OS",318,51,0.887423068893867,-0.172306037845751,0.649723234421992,1.21208487165401,0.452764703926032,0.577763570847379,"KIRP",0.707639787729887,"Benchmark infiltration","Macrophage
TIMER","Protective"
"Macrophage/Monocyte_MCPCOUNTER","OS",318,51,0.912405071631343,-0.132253628950758,0.6728807683916,1.23719246238601,0.5551731938198,0.560269673369755,"KIRP",0.798625011991359,"Benchmark infiltration","Mac/Mono
MCPcounter","Protective"
"Monocyte_MCPCOUNTER","OS",318,51,0.912405071631343,-0.132253628950758,0.6728807683916,1.23719246238601,0.5551731938198,0.560269673369755,"KIRP",0.798625011991359,"Benchmark infiltration","Monocyte
MCPcounter","Protective"
"Myeloid dendritic cell_MCPCOUNTER","OS",318,51,1.10986860616188,0.150388890576288,0.882715660190099,1.39547577832531,0.372281998938592,0.561315820062769,"KIRP",0.635853551906136,"Benchmark infiltration","myDC
MCPcounter","Adverse"
"Macrophage_XCELL","OS",318,51,0.657385257280519,-0.605188992419213,0.456797876464623,0.946053821078222,0.0239118408061922,0.620655585260955,"KIRP",0.131846101045446,"Benchmark infiltration","Macrophage
xCell","Protective"
"Macrophage M1_XCELL","OS",318,51,0.794055371313535,-0.332688481556742,0.577178891964987,1.09242375542404,0.156531099536259,0.559746600023248,"KIRP",0.404372007135336,"Benchmark infiltration","M1 macrophage
xCell","Protective"
"Macrophage M2_XCELL","OS",318,51,0.671101309594117,-0.575397522476231,0.469113958886146,0.960058764416867,0.0290304255839419,0.635475996745321,"KIRP",0.146332226520683,"Benchmark infiltration","M2 macrophage
xCell","Protective"
"Monocyte_XCELL","OS",318,51,0.839369466248154,-0.252622111641594,0.608947766400524,1.15698117267797,0.284878368972874,0.576601185632919,"KIRP",0.549801070305693,"Benchmark infiltration","Monocyte
xCell","Protective"
"Myeloid dendritic cell_XCELL","OS",318,51,1.01333595021208,0.0191125486251182,0.755500411025042,1.35916504214606,0.929534463367506,0.424619318842264,"KIRP",0.980326773639811,"Benchmark infiltration","myDC
xCell","Adverse"
"immune score_XCELL","OS",318,51,0.954337725207972,-0.0674281910672479,0.699451673627799,1.30210639004028,0.768137800576277,0.580204579797745,"KIRP",0.92117105678393,"Benchmark infiltration","Immune score
xCell","Protective"
"stroma score_XCELL","OS",318,51,1.34560280834872,0.428252621694504,1.07870657293905,1.67853516726301,0.00849756028505603,0.634023015227246,"KIRP",0.0702464983564632,"Benchmark infiltration","Stroma score
xCell","Adverse"
"microenvironment score_XCELL","OS",318,51,1.17247347696997,0.229555287280783,0.889553945078682,1.54537457992663,0.258765453326977,0.508078577240497,"KIRP",0.527745332443177,"Benchmark infiltration","Microenv score
xCell","Adverse"
"Macrophage_EPIC","OS",318,51,0.802015207971836,-0.318298501277579,0.561357925361522,1.14584361377611,0.22549252025288,0.567592700220853,"KIRP",0.494011881826098,"Benchmark infiltration","Macrophage
EPIC","Protective"
"Macrophage M1_QUANTISEQ","OS",318,51,1.15238626312255,0.204624368245707,0.886259874798089,1.49842516534566,0.289740233370132,0.497965825874695,"KIRP",0.551039707636448,"Benchmark infiltration","M1 macrophage
quanTIseq","Adverse"
"Macrophage M2_QUANTISEQ","OS",318,51,0.823492310276509,-0.280172916675554,0.597277754314551,1.13538396530905,0.235970264683718,0.550796233871905,"KIRP",0.497624367700359,"Benchmark infiltration","M2 macrophage
quanTIseq","Protective"
"Monocyte_QUANTISEQ","OS",318,51,1.02521730733034,0.0359297389790511,0.813236470816526,1.29245375111418,0.833101166984181,0.490061606416366,"KIRP",0.94371345921095,"Benchmark infiltration","Monocyte
quanTIseq","Adverse"
"Macrophage M0_CIBERSORT","OS",318,51,0.824571310208964,-0.278283829319045,0.568217667395701,1.19657991054023,0.309957044744524,0.517377658956178,"KIRP",0.56280226054397,"Benchmark infiltration","M0 macrophage
CIBERSORT","Protective"
"Macrophage M1_CIBERSORT","OS",318,51,1.27558302265048,0.351156801306646,1.03211551781319,1.57648249599194,0.0242911028962858,0.685226083924212,"KIRP",0.1321095069798,"Benchmark infiltration","M1 macrophage
CIBERSORT","Adverse"
"Macrophage M2_CIBERSORT","OS",318,51,0.715445692499929,-0.483085834762245,0.541149158763499,0.945880688581843,0.0187467154501763,0.607694990119726,"KIRP",0.115078847317914,"Benchmark infiltration","M2 macrophage
CIBERSORT","Protective"
"MDR_injury","DSS",314,33,1.62180767149839,0.697602741979747,1.14575103734619,2.29566462311332,0.00638334135015532,0.673277508447187,"KIRP",0.0601708405957264,"MDRi","MDR injury","Adverse"
"MDR_resolution","DSS",314,33,1.06039959948499,0.0846080304091659,0.748924630549738,1.50141584976654,0.741004589017915,0.5495813133539,"KIRP",0.885816296643038,"MDRi","MDR resolution","Adverse"
"MDR_apc_ifn","DSS",314,33,1.06937602589483,0.0967692387499189,0.753150186125635,1.51837589079193,0.707654120076052,0.547818422212428,"KIRP",0.866532837293869,"MDRi","MDR APC/IFN","Adverse"
"MDR_axis","DSS",314,33,1.57519608281976,0.655531428678455,1.12033511136886,2.21473260469278,0.00896102019579131,0.62612017041281,"KIRP",0.0736083801797143,"MDRi","MDR axis","Adverse"
"Macrophage_TIMER","DSS",314,33,0.398733698951035,-1.32650255512764,0.176523094416946,0.900667208471008,0.0269937433587412,0.619215513442045,"KIRP",0.150637296117075,"Benchmark infiltration","Macrophage
TIMER","Protective"
"Macrophage/Monocyte_MCPCOUNTER","DSS",314,33,0.659591064460238,-0.600356240299704,0.427058726587491,1.0187366402561,0.0606187490424642,0.588364918466285,"KIRP",0.24205403263484,"Benchmark infiltration","Mac/Mono
MCPcounter","Protective"
"Monocyte_MCPCOUNTER","DSS",314,33,0.659591064460238,-0.600356240299704,0.427058726587491,1.0187366402561,0.0606187490424642,0.588364918466285,"KIRP",0.24205403263484,"Benchmark infiltration","Monocyte
MCPcounter","Protective"
"Myeloid dendritic cell_MCPCOUNTER","DSS",314,33,1.15384210736855,0.206445818003141,0.868278511921689,1.53332322573563,0.323949691303083,0.579256647568679,"KIRP",0.588146535884499,"Benchmark infiltration","myDC
MCPcounter","Adverse"
"Macrophage_XCELL","DSS",314,33,0.403176748442605,-1.31051565514132,0.217932730187184,0.745879200178584,0.00380295897543906,0.641178198912884,"KIRP",0.0446265594056624,"Benchmark infiltration","Macrophage
xCell","Protective"
"Macrophage M1_XCELL","DSS",314,33,0.68696334095298,-0.541694981632145,0.442348007989997,1.06684923021955,0.0945563392964769,0.562802996914941,"KIRP",0.318014900801065,"Benchmark infiltration","M1 macrophage
xCell","Protective"
"Macrophage M2_XCELL","DSS",314,33,0.375304280944394,-1.41386734832881,0.198754181787149,0.708680954678137,0.00251357764552613,0.664389598942265,"KIRP",0.0346869145775868,"Benchmark infiltration","M2 macrophage
xCell","Protective"
"Monocyte_XCELL","DSS",314,33,0.570386387168533,-0.809988544029127,0.323770364608245,1.004849937581,0.0519897854616146,0.592551784927281,"KIRP",0.222923664456956,"Benchmark infiltration","Monocyte
xCell","Protective"
"Myeloid dendritic cell_XCELL","DSS",314,33,0.94744094270846,-0.077892077004198,0.637912759686248,1.40715846530769,0.789071264229406,0.610988688115176,"KIRP",0.909250454773364,"Benchmark infiltration","myDC
xCell","Protective"
"immune score_XCELL","DSS",314,33,0.81856784144166,-0.288826105242906,0.528608308504664,1.26757998363271,0.369576104305947,0.603569854561481,"KIRP",0.619389118149555,"Benchmark infiltration","Immune score
xCell","Protective"
"stroma score_XCELL","DSS",314,33,1.58206749612624,0.661811151169352,1.23771901067478,2.02221791918232,0.000249395023913558,0.707653885705891,"KIRP",0.0102430099107354,"Benchmark infiltration","Stroma score
xCell","Adverse"
"microenvironment score_XCELL","DSS",314,33,1.21142634762513,0.276706694392196,0.874762104668255,1.67766046092832,0.24828160447553,0.522697223446452,"KIRP",0.526796762263579,"Benchmark infiltration","Microenv score
xCell","Adverse"
"Macrophage_EPIC","DSS",314,33,0.514186357404502,-0.959636762362574,0.246620183581146,1.07204368394251,0.0759987747570447,0.579991185544293,"KIRP",0.283761658995459,"Benchmark infiltration","Macrophage
EPIC","Protective"
"Macrophage M1_QUANTISEQ","DSS",314,33,1.04049559810399,0.0572708616547142,0.733059608208956,1.47686637969169,0.824191813073678,0.490157191126781,"KIRP",0.929235867681107,"Benchmark infiltration","M1 macrophage
quanTIseq","Adverse"
"Macrophage M2_QUANTISEQ","DSS",314,33,0.628424564085052,-0.670188520571194,0.38834965089362,1.01691203233157,0.0585347503207717,0.561260467166153,"KIRP",0.240410581674598,"Benchmark infiltration","M2 macrophage
quanTIseq","Protective"
"Monocyte_QUANTISEQ","DSS",314,33,0.994656120984254,-0.00773026099030985,0.717734896538587,1.37842092363452,0.974324436201074,0.510650800646393,"KIRP",0.992161402126961,"Benchmark infiltration","Monocyte
quanTIseq","Protective"
"Macrophage M0_CIBERSORT","DSS",314,33,0.831136887661989,-0.266841987461875,0.529230947225458,1.3052685782152,0.4218893756282,0.52695754370501,"KIRP",0.652113954264018,"Benchmark infiltration","M0 macrophage
CIBERSORT","Protective"
"Macrophage M1_CIBERSORT","DSS",314,33,1.52695642673771,0.610658893944629,1.20336681807695,1.93756042972968,0.000494902560398177,0.734831790803585,"KIRP",0.0158093873460529,"Benchmark infiltration","M1 macrophage
CIBERSORT","Adverse"
"Macrophage M2_CIBERSORT","DSS",314,33,0.570402598802046,-0.809947540051067,0.398727522383837,0.815993645923743,0.00211883063303025,0.631555751432349,"KIRP",0.0342159236868364,"Benchmark infiltration","M2 macrophage
CIBERSORT","Protective"
"MDR_injury","PFI",316,62,1.33964179479833,0.421847291763179,1.03972140703827,1.72607789569579,0.023747368905991,0.622506354463529,"KIRP",0.192493378543856,"MDRi","MDR injury","Adverse"
"MDR_resolution","PFI",316,62,0.993282911015184,-0.00972340413574193,0.776834489821863,1.27004008478182,0.957139042662277,0.480320419009474,"KIRP",0.986434683286425,"MDRi","MDR resolution","Protective"
"MDR_apc_ifn","PFI",316,62,1.10234588165773,0.140576967519393,0.855559604729378,1.42031769159101,0.451119047270073,0.526072556419934,"KIRP",0.792910774410919,"MDRi","MDR APC/IFN","Adverse"
"MDR_axis","PFI",316,62,1.38743161074562,0.472416659916941,1.08328253332314,1.77697545680077,0.00949877183306433,0.617730878841562,"KIRP",0.112838858499678,"MDRi","MDR axis","Adverse"
"Macrophage_TIMER","PFI",316,62,0.670784631935157,-0.576078458586349,0.456780877197342,0.985050042377303,0.0416703986525201,0.575829931448818,"KIRP",0.257466213165679,"Benchmark infiltration","Macrophage
TIMER","Protective"
"Macrophage/Monocyte_MCPCOUNTER","PFI",316,62,0.956903300026699,-0.0635549545237368,0.734703593780917,1.24630386097585,0.743847474868433,0.54101517368867,"KIRP",0.9164827584264,"Benchmark infiltration","Mac/Mono
MCPcounter","Protective"
"Monocyte_MCPCOUNTER","PFI",316,62,0.956903300026699,-0.0635549545237368,0.734703593780917,1.24630386097585,0.743847474868433,0.54101517368867,"KIRP",0.9164827584264,"Benchmark infiltration","Monocyte
MCPcounter","Protective"
"Myeloid dendritic cell_MCPCOUNTER","PFI",316,62,1.01764919032537,0.0252403132774331,0.798233937141758,1.29737640356171,0.887712563804755,0.545867673110991,"KIRP",0.965661108501431,"Benchmark infiltration","myDC
MCPcounter","Adverse"
"Macrophage_XCELL","PFI",316,62,0.735210546298527,-0.443770633233949,0.541084906973156,0.998982859108645,0.0492443612642714,0.575290764846337,"KIRP",0.282135495128764,"Benchmark infiltration","Macrophage
xCell","Protective"
"Macrophage M1_XCELL","PFI",316,62,0.873292643523502,-0.195462907684874,0.664540193412338,1.14762063873999,0.331017000885341,0.52476315181391,"KIRP",0.713119269770033,"Benchmark infiltration","M1 macrophage
xCell","Protective"
"Macrophage M2_XCELL","PFI",316,62,0.660991710490336,-0.597295915907003,0.477342582452902,0.915296597030602,0.0126708439216091,0.603250404374952,"KIRP",0.138574785110932,"Benchmark infiltration","M2 macrophage
xCell","Protective"
"Monocyte_XCELL","PFI",316,62,0.827209408763915,-0.273675499781125,0.619561044289029,1.10445195393584,0.198339135348735,0.544173149503197,"KIRP",0.56469282750115,"Benchmark infiltration","Monocyte
xCell","Protective"
"Myeloid dendritic cell_XCELL","PFI",316,62,0.976180767658984,-0.034779766303001,0.741895195199827,1.2844521669811,0.863305239292898,0.572594931833937,"KIRP",0.95965440339501,"Benchmark infiltration","myDC
xCell","Protective"
"immune score_XCELL","PFI",316,62,0.956163464948424,-0.0646708135948949,0.726354378331431,1.25868116029309,0.74926331936257,0.561156897481322,"KIRP",0.9164827584264,"Benchmark infiltration","Immune score
xCell","Protective"
"stroma score_XCELL","PFI",316,62,1.24485411088031,0.315976677359945,1.00271658818227,1.54546336984895,0.0471950196232039,0.622506354463529,"KIRP",0.282135495128764,"Benchmark infiltration","Stroma score
xCell","Adverse"
"microenvironment score_XCELL","PFI",316,62,1.09273421901368,0.127942543243592,0.850377006352452,1.40416317055088,0.488209780355398,0.519679580990526,"KIRP",0.818440972969624,"Benchmark infiltration","Microenv score
xCell","Adverse"
"Macrophage_EPIC","PFI",316,62,0.894316821875719,-0.161142081849054,0.676726940758718,1.18186897804479,0.432313482911851,0.541323268890087,"KIRP",0.779100037257768,"Benchmark infiltration","Macrophage
EPIC","Protective"
"Macrophage M1_QUANTISEQ","PFI",316,62,0.998220905074884,-0.00256897733121183,0.777480237642469,1.28163383078393,0.988857951123914,0.519718092890703,"KIRP",0.998145288522339,"Benchmark infiltration","M1 macrophage
quanTIseq","Protective"
"Macrophage M2_QUANTISEQ","PFI",316,62,0.701414606662584,-0.511660620469642,0.50975698253549,0.96513136120774,0.0294126329097756,0.556920588461835,"KIRP",0.215588341221653,"Benchmark infiltration","M2 macrophage
quanTIseq","Protective"
"Monocyte_QUANTISEQ","PFI",316,62,0.895912549670773,-0.158570177686585,0.664522938379446,1.2078729721731,0.470891275682056,0.509319879842872,"KIRP",0.812817390650972,"Benchmark infiltration","Monocyte
quanTIseq","Protective"
"Macrophage M0_CIBERSORT","PFI",316,62,0.997029378414231,-0.00429207926281732,0.77063154091493,1.28993887304543,0.981938692532673,0.502272202110452,"KIRP",0.998145288522339,"Benchmark infiltration","M0 macrophage
CIBERSORT","Protective"
"Macrophage M1_CIBERSORT","PFI",316,62,1.33056827570596,0.41204254154778,1.09602123592728,1.61530805999147,0.00389368261954238,0.682893013941308,"KIRP",0.0707597724143691,"Benchmark infiltration","M1 macrophage
CIBERSORT","Adverse"
"Macrophage M2_CIBERSORT","PFI",316,62,0.789370352059349,-0.341225760784537,0.613528345793204,1.01561004798354,0.0658421254347137,0.568820765616576,"KIRP",0.323352869739297,"Benchmark infiltration","M2 macrophage
CIBERSORT","Protective"
"MDR_injury","DFI",186,27,1.27803818356406,0.353930939896481,0.860987498944267,1.89710257193113,0.223494694430179,0.616843458694953,"KIRP",0.641150404646577,"MDRi","MDR injury","Adverse"
"MDR_resolution","DFI",186,27,1.17912799268532,0.237720329335515,0.797971443231609,1.742346590128,0.408171829818051,0.583413693346191,"KIRP",0.743455832882879,"MDRi","MDR resolution","Adverse"
"MDR_apc_ifn","DFI",186,27,1.47562398206804,0.561325141237719,1.01470390574842,2.14591283636411,0.0417141624204408,0.623272259723562,"KIRP",0.478670013774559,"MDRi","MDR APC/IFN","Adverse"
"MDR_axis","DFI",186,27,1.02176338226589,0.0310611387852429,0.68861513428961,1.51608693645172,0.914838395653314,0.529733204757313,"KIRP",0.97331538004209,"MDRi","MDR axis","Adverse"
"Macrophage_TIMER","DFI",186,27,0.771195111914023,-0.374832187561899,0.451603898597918,1.31695475279678,0.341308911686828,0.494696239151398,"KIRP",0.691894688264111,"Benchmark infiltration","Macrophage
TIMER","Protective"
"Macrophage/Monocyte_MCPCOUNTER","DFI",186,27,1.2710091191156,0.345974381291465,0.878742411973744,1.83838194089953,0.202836157579971,0.570556091288975,"KIRP",0.641150404646577,"Benchmark infiltration","Mac/Mono
MCPcounter","Adverse"
"Monocyte_MCPCOUNTER","DFI",186,27,1.2710091191156,0.345974381291465,0.878742411973744,1.83838194089953,0.202836157579971,0.570556091288975,"KIRP",0.641150404646577,"Benchmark infiltration","Monocyte
MCPcounter","Adverse"
"Myeloid dendritic cell_MCPCOUNTER","DFI",186,27,0.998725907421617,-0.00183929901204914,0.701580531101271,1.42172337164121,0.99435440583216,0.420443587270974,"KIRP",0.998706066251557,"Benchmark infiltration","myDC
MCPcounter","Protective"
"Macrophage_XCELL","DFI",186,27,0.893164473177368,-0.163002227728511,0.578686061016663,1.37854154417456,0.609889726095556,0.506910961105754,"KIRP",0.852581874881247,"Benchmark infiltration","Macrophage
xCell","Protective"
"Macrophage M1_XCELL","DFI",186,27,1.0327754318683,0.0465265866801344,0.684722901744113,1.55774706812619,0.877771262151836,0.552555448408872,"KIRP",0.954732249591688,"Benchmark infiltration","M1 macrophage
xCell","Adverse"
"Macrophage M2_XCELL","DFI",186,27,0.744151249660488,-0.426332214201657,0.466204986998056,1.1878060033999,0.215495162391714,0.572484731597557,"KIRP",0.641150404646577,"Benchmark infiltration","M2 macrophage
xCell","Protective"
"Monocyte_XCELL","DFI",186,27,0.943305069413246,-0.0842036739836683,0.621483319094049,1.43177528123819,0.783975134375061,0.488749598199936,"KIRP",0.913311133700896,"Benchmark infiltration","Monocyte
xCell","Protective"
"Myeloid dendritic cell_XCELL","DFI",186,27,1.20524482181963,0.269326231392579,0.869804678288642,1.67004744488277,0.261954445592582,0.530054644808743,"KIRP",0.686495457558148,"Benchmark infiltration","myDC
xCell","Adverse"
"immune score_XCELL","DFI",186,27,1.38347609453358,0.468297715436251,0.985629880601602,1.94191160578211,0.0606144992025348,0.547090967534555,"KIRP",0.55555850991809,"Benchmark infiltration","Immune score
xCell","Adverse"
"stroma score_XCELL","DFI",186,27,1.19552861327158,0.257648659310113,0.872951908491875,1.63730516108307,0.265668398155716,0.601735776277724,"KIRP",0.686495457558148,"Benchmark infiltration","Stroma score
xCell","Adverse"
"microenvironment score_XCELL","DFI",186,27,1.44156690088191,0.527637791623598,1.03954191447951,1.99906814797242,0.0283478510276888,0.600128576020572,"KIRP",0.399887303769851,"Benchmark infiltration","Microenv score
xCell","Adverse"
"Macrophage_EPIC","DFI",186,27,1.20891136226543,0.273708469642464,0.898618134519878,1.62634897480151,0.209980874725587,0.537126325940212,"KIRP",0.641150404646577,"Benchmark infiltration","Macrophage
EPIC","Adverse"
"Macrophage M1_QUANTISEQ","DFI",186,27,0.949325664377254,-0.0750250089213337,0.617716444518295,1.45895293065753,0.812511402373599,0.485535197685632,"KIRP",0.924221573914374,"Benchmark infiltration","M1 macrophage
quanTIseq","Protective"
"Macrophage M2_QUANTISEQ","DFI",186,27,0.955272349034044,-0.0660159893986221,0.6324019081467,1.44298309203921,0.827869576852001,0.470588235294118,"KIRP",0.928320921780651,"Benchmark infiltration","M2 macrophage
quanTIseq","Protective"
"Monocyte_QUANTISEQ","DFI",186,27,0.690556028677496,-0.534169621727868,0.357892741249037,1.33243168631635,0.269544654842716,0.53519768563163,"KIRP",0.686495457558148,"Benchmark infiltration","Monocyte
quanTIseq","Protective"
"Macrophage M0_CIBERSORT","DFI",186,27,1.03244525945645,0.0460652915679303,0.694005510914866,1.53592903371751,0.874807454737016,0.511089681774349,"KIRP",0.954732249591688,"Benchmark infiltration","M0 macrophage
CIBERSORT","Adverse"
"Macrophage M1_CIBERSORT","DFI",186,27,1.40615988646209,0.491760644404421,1.06500644688129,1.85659498314331,0.0162086747562574,0.707168113146898,"KIRP",0.340954607376935,"Benchmark infiltration","M1 macrophage
CIBERSORT","Adverse"
"Macrophage M2_CIBERSORT","DFI",186,27,0.845894214623071,-0.241450840030533,0.571836275408963,1.25129701123114,0.402160360272595,0.530376084860174,"KIRP",0.741331748454301,"Benchmark infiltration","M2 macrophage
CIBERSORT","Protective"
"MDR_injury","OS",516,128,1.58828229098099,0.667467350518881,1.35728045023885,1.85859940397719,7.95351746516761e-09,0.687214611872146,"LGG",1.64372694280131e-06,"MDRi","MDR injury","Adverse"
"MDR_resolution","OS",516,128,1.28999539867971,0.367365919668842,1.06795591384691,1.55819927305855,0.00823801663929784,0.554967483049675,"LGG",0.0690212204914144,"MDRi","MDR resolution","Adverse"
"MDR_apc_ifn","OS",516,128,1.83730007558573,0.877587272722825,1.55043683354399,2.1772390172331,2.17034876458354e-12,0.711256399612564,"LGG",1.34561623404179e-09,"MDRi","MDR APC/IFN","Adverse"
"MDR_axis","OS",516,128,1.31830944950882,0.398689056894245,1.11101502859909,1.56428109424915,0.00154521868453659,0.643489691434897,"LGG",0.0239508896103172,"MDRi","MDR axis","Adverse"
"Macrophage_TIMER","OS",516,128,1.34929688488334,0.43220781843043,1.18208077884424,1.5401672340328,9.08209221505642e-06,0.598571329735713,"LGG",0.000607034011991047,"Benchmark infiltration","Macrophage
TIMER","Adverse"
"Macrophage/Monocyte_MCPCOUNTER","OS",516,128,0.959589791913481,-0.0595102845195941,0.801418537643184,1.14897837458625,0.653542678020369,0.565414418154144,"LGG",0.865383373182854,"Benchmark infiltration","Mac/Mono
MCPcounter","Protective"
"Monocyte_MCPCOUNTER","OS",516,128,0.959589791913481,-0.0595102845195941,0.801418537643184,1.14897837458625,0.653542678020369,0.565414418154144,"LGG",0.865383373182854,"Benchmark infiltration","Monocyte
MCPcounter","Protective"
"Myeloid dendritic cell_MCPCOUNTER","OS",516,128,1.18115325878632,0.240196171632405,1.05398635105708,1.32366327072672,0.00417475986125246,0.570741663207417,"LGG",0.042431985475025,"Benchmark infiltration","myDC
MCPcounter","Adverse"
"Macrophage_XCELL","OS",516,128,1.4334328672835,0.519474339663825,1.23165757603969,1.66826382996437,3.29072030848392e-06,0.597481665974817,"LGG",0.000291463798751433,"Benchmark infiltration","Macrophage
xCell","Adverse"
"Macrophage M1_XCELL","OS",516,128,1.3530287445715,0.436192489137248,1.16010590540391,1.57803419076583,0.000117104866399881,0.599453438494534,"LGG",0.00453781357299538,"Benchmark infiltration","M1 macrophage
xCell","Adverse"
"Macrophage M2_XCELL","OS",516,128,1.57755533431584,0.65769061005281,1.37091374418195,1.8153445783078,1.96541885165342e-10,0.671682579216826,"LGG",6.09279844012559e-08,"Benchmark infiltration","M2 macrophage
xCell","Adverse"
"Monocyte_XCELL","OS",516,128,1.22958218959019,0.298168172958491,1.03691925187331,1.45804252185117,0.0174581927315748,0.520029057700291,"LGG",0.108240794935764,"Benchmark infiltration","Monocyte
xCell","Adverse"
"Myeloid dendritic cell_XCELL","OS",516,128,1.06743854814442,0.0941530170689951,0.91996759029278,1.23854912508607,0.38961385619302,0.52504497025045,"LGG",0.645883932726396,"Benchmark infiltration","myDC
xCell","Adverse"
"immune score_XCELL","OS",516,128,1.28088443910701,0.357140322168488,1.08852627768785,1.50723503876399,0.00286708215163074,0.559205064342051,"LGG",0.0335394515851144,"Benchmark infiltration","Immune score
xCell","Adverse"
"stroma score_XCELL","OS",516,128,1.18501530673891,0.244905694409359,1.01189346083406,1.38775605491911,0.0351442237221015,0.553237858032379,"LGG",0.162017859918298,"Benchmark infiltration","Stroma score
xCell","Adverse"
"microenvironment score_XCELL","OS",516,128,1.31820841201165,0.398578482034655,1.11909419760794,1.55274991257444,0.000943997942296756,0.5628199806282,"LGG",0.017214080124235,"Benchmark infiltration","Microenv score
xCell","Adverse"
"Macrophage_EPIC","OS",516,128,1.31008849871862,0.389664271571881,1.13420435939561,1.51324746749289,0.000240605702893172,0.59049398090494,"LGG",0.00745877678968832,"Benchmark infiltration","Macrophage
EPIC","Adverse"
"Macrophage M1_QUANTISEQ","OS",516,128,1.12626182894523,0.17154225851029,0.980695045280008,1.29343541954663,0.0922015115585764,0.549968866749689,"LGG",0.297734047741236,"Benchmark infiltration","M1 macrophage
quanTIseq","Adverse"
"Macrophage M2_QUANTISEQ","OS",516,128,1.54139429215163,0.624235953721553,1.32327568832365,1.79546589183351,2.72597491841065e-08,0.63679604261796,"LGG",3.38020889882921e-06,"Benchmark infiltration","M2 macrophage
quanTIseq","Adverse"
"Monocyte_QUANTISEQ","OS",516,128,0.773652302816948,-0.370242763278477,0.646381540028615,0.925982331778024,0.00513324200252189,0.627006365020064,"LGG",0.0482213642661147,"Benchmark infiltration","Monocyte
quanTIseq","Protective"
"Macrophage M0_CIBERSORT","OS",516,128,1.16400815179751,0.219101161782847,1.03234779220866,1.31245980054094,0.0131459758200008,0.506226650062267,"LGG",0.0954869023032386,"Benchmark infiltration","M0 macrophage
CIBERSORT","Adverse"
"Macrophage M1_CIBERSORT","OS",516,128,1.24104056785325,0.311550275890603,1.09692993248543,1.40408393047291,0.000605875095351605,0.601148471011485,"LGG",0.0128945196431695,"Benchmark infiltration","M1 macrophage
CIBERSORT","Adverse"
"Macrophage M2_CIBERSORT","OS",516,128,1.27663652482255,0.352347829286223,1.07326075565158,1.51855064850623,0.00580628285034434,0.595682855956829,"LGG",0.0514270766744785,"Benchmark infiltration","M2 macrophage
CIBERSORT","Adverse"
"MDR_injury","DSS",508,115,1.60993343256858,0.687001037104724,1.36727545496342,1.8956572707373,1.11113394937633e-08,0.697818836968605,"LGG",2.12967340297131e-06,"MDRi","MDR injury","Adverse"
"MDR_resolution","DSS",508,115,1.30836264509584,0.387762474909131,1.07339902721972,1.59475904828801,0.00778419123775156,0.560010733315444,"LGG",0.0688601532570331,"MDRi","MDR resolution","Adverse"
"MDR_apc_ifn","DSS",508,115,1.79691888168432,0.845525282730302,1.50497010179717,2.14550273357442,9.24935432958111e-11,0.716257139571434,"LGG",5.31837873950914e-08,"MDRi","MDR APC/IFN","Adverse"
"MDR_axis","DSS",508,115,1.3308140228164,0.412308973122631,1.11202150070805,1.5926544245746,0.00181698843288554,0.649748917085138,"LGG",0.0316596469366419,"MDRi","MDR axis","Adverse"
"Macrophage_TIMER","DSS",508,115,1.35939801885952,0.442967925394146,1.18670870440145,1.55721700432901,9.44295295756432e-06,0.599934833441944,"LGG",0.000603299772288831,"Benchmark infiltration","Macrophage
TIMER","Adverse"
"Macrophage/Monocyte_MCPCOUNTER","DSS",508,115,0.987046875793206,-0.0188094936215712,0.818733623383045,1.18996155426894,0.891283764292997,0.559359067734887,"LGG",0.964236622190631,"Benchmark infiltration","Mac/Mono
MCPcounter","Protective"
"Monocyte_MCPCOUNTER","DSS",508,115,0.987046875793206,-0.0188094936215712,0.818733623383045,1.18996155426894,0.891283764292997,0.559359067734887,"LGG",0.964236622190631,"Benchmark infiltration","Monocyte
MCPcounter","Protective"
"Myeloid dendritic cell_MCPCOUNTER","DSS",508,115,1.18913048584708,0.249907033801396,1.06008021471597,1.33389086291906,0.00312265682758369,0.579982366696056,"LGG",0.0382027165076728,"Benchmark infiltration","myDC
MCPcounter","Adverse"
"Macrophage_XCELL","DSS",508,115,1.44889711046438,0.534955149419932,1.23970266485993,1.69339221106637,3.1501972668761e-06,0.605033158278069,"LGG",0.000258766204064823,"Benchmark infiltration","Macrophage
xCell","Adverse"
"Macrophage M1_XCELL","DSS",508,115,1.35241461955146,0.435537516907665,1.15143294468866,1.58847748070218,0.000235277034431465,0.601793997010005,"LGG",0.0102430099107354,"Benchmark infiltration","M1 macrophage
xCell","Adverse"
"Macrophage M2_XCELL","DSS",508,115,1.57534920579765,0.655671664568299,1.36112250329623,1.82329299104033,1.10051415530925e-09,0.672940545099092,"LGG",3.16397819651408e-07,"Benchmark infiltration","M2 macrophage
xCell","Adverse"
"Monocyte_XCELL","DSS",508,115,1.22505990844623,0.292852302293104,1.02431317592507,1.46514934548892,0.0262127883819356,0.524111626480622,"LGG",0.147768169800127,"Benchmark infiltration","Monocyte
xCell","Adverse"
"Myeloid dendritic cell_XCELL","DSS",508,115,1.07072279487141,0.0985850214244065,0.920400551247856,1.24559606347792,0.375981896473365,0.523019128301453,"LGG",0.624825405988974,"Benchmark infiltration","myDC
xCell","Adverse"
"immune score_XCELL","DSS",508,115,1.28885283375345,0.36608754055359,1.08853046819479,1.52604054329239,0.00323791019906063,0.56654655575574,"LGG",0.0387874659262471,"Benchmark infiltration","Immune score
xCell","Adverse"
"stroma score_XCELL","DSS",508,115,1.18998494862387,0.250943325900426,1.00864292960078,1.40393010885611,0.0392095014952616,0.549392417679304,"LGG",0.186178266396898,"Benchmark infiltration","Stroma score
xCell","Adverse"
"microenvironment score_XCELL","DSS",508,115,1.32348703351388,0.404344060510032,1.11660675787618,1.56869722982063,0.00123033254595151,0.565645723923794,"LGG",0.0262015264415599,"Benchmark infiltration","Microenv score
xCell","Adverse"
"Macrophage_EPIC","DSS",508,115,1.30753039374075,0.3868444825253,1.1259988558528,1.51832812410897,0.000437993072861671,0.594702342162763,"LGG",0.0148144715820859,"Benchmark infiltration","Macrophage
EPIC","Adverse"
"Macrophage M1_QUANTISEQ","DSS",508,115,1.12648103406997,0.171823023929717,0.975252246079034,1.30116031541701,0.105391124425172,0.549334917775137,"LGG",0.334806058256761,"Benchmark infiltration","M1 macrophage
quanTIseq","Adverse"
"Macrophage M2_QUANTISEQ","DSS",508,115,1.57296966958903,0.653490852600161,1.34377733592253,1.8412526504984,1.72550446646275e-08,0.645762257062905,"LGG",2.4804126705402e-06,"Benchmark infiltration","M2 macrophage
quanTIseq","Adverse"
"Monocyte_QUANTISEQ","DSS",508,115,0.758288624851989,-0.399181013791039,0.626162737306267,0.918294245763584,0.00461765626375282,0.633821443630927,"LGG",0.0491694879936643,"Benchmark infiltration","Monocyte
quanTIseq","Protective"
"Macrophage M0_CIBERSORT","DSS",508,115,1.14518439595687,0.195579917722859,1.01099881091932,1.2971798646831,0.0330073299569268,0.503009161651397,"LGG",0.17098391644354,"Benchmark infiltration","M0 macrophage
CIBERSORT","Adverse"
"Macrophage M1_CIBERSORT","DSS",508,115,1.23959499687335,0.309868837190225,1.09045300690141,1.40913523695971,0.00102374905473617,0.605090658182236,"LGG",0.0245273211030542,"Benchmark infiltration","M1 macrophage
CIBERSORT","Adverse"
"Macrophage M2_CIBERSORT","DSS",508,115,1.29300091925537,0.370723300828517,1.07760726875156,1.55144775436799,0.00571166152195999,0.603978993368344,"LGG",0.0566242306056378,"Benchmark infiltration","M2 macrophage
CIBERSORT","Adverse"
"MDR_injury","PFI",516,201,1.3359964498643,0.417916174151809,1.16553327596725,1.53139043805402,3.1903695905116e-05,0.607587530852912,"LGG",0.00244240516429166,"MDRi","MDR injury","Adverse"
"MDR_resolution","PFI",516,201,1.21060511549582,0.275728352381509,1.04424962060962,1.40346208103869,0.0112750008336989,0.55165920102386,"LGG",0.126269388537269,"MDRi","MDR resolution","Adverse"
"MDR_apc_ifn","PFI",516,201,1.46511865758955,0.551017510916292,1.27870021311723,1.67871457187299,3.7861319181363e-08,0.638010787092056,"LGG",1.30432244579795e-05,"MDRi","MDR APC/IFN","Adverse"
"MDR_axis","PFI",516,201,1.11403967121448,0.155800608302124,0.964245950303443,1.28710355345449,0.14270657442091,0.550580491818265,"LGG",0.489178257592074,"MDRi","MDR axis","Adverse"
"Macrophage_TIMER","PFI",516,201,1.2878183760129,0.364929141199557,1.1484379262231,1.44411476817976,1.50391472057335e-05,0.578169850991864,"LGG",0.00153837772917146,"Benchmark infiltration","Macrophage
TIMER","Adverse"
"Macrophage/Monocyte_MCPCOUNTER","PFI",516,201,0.993656778490247,-0.00918048201139482,0.855542792853345,1.15406710416748,0.933582391907065,0.517231922479203,"LGG",0.977565756875331,"Benchmark infiltration","Mac/Mono
MCPcounter","Protective"
"Monocyte_MCPCOUNTER","PFI",516,201,0.993656778490247,-0.00918048201139482,0.855542792853345,1.15406710416748,0.933582391907065,0.517231922479203,"LGG",0.977565756875331,"Benchmark infiltration","Monocyte
MCPcounter","Protective"
"Myeloid dendritic cell_MCPCOUNTER","PFI",516,201,1.15523255664484,0.208183305793587,1.0360974252928,1.28806638000768,0.00936218723475713,0.540104214279185,"LGG",0.112838858499678,"Benchmark infiltration","myDC
MCPcounter","Adverse"
"Macrophage_XCELL","PFI",516,201,1.3281726580274,0.409442704432261,1.16816866819596,1.51009238439501,1.46922007829288e-05,0.57947710028339,"LGG",0.00153837772917146,"Benchmark infiltration","Macrophage
xCell","Adverse"
"Macrophage M1_XCELL","PFI",516,201,1.30103469249771,0.379659432483912,1.13971961149511,1.48518219219033,9.76701580427003e-05,0.575802175701618,"LGG",0.00611770353558368,"Benchmark infiltration","M1 macrophage
xCell","Adverse"
"Macrophage M2_XCELL","PFI",516,201,1.3902800810613,0.475375552627935,1.22745039554606,1.57471023742344,2.16542358560425e-07,0.60941585154036,"LGG",4.9732561682711e-05,"Benchmark infiltration","M2 macrophage
xCell","Adverse"
"Monocyte_XCELL","PFI",516,201,1.1676747862113,0.223638519379467,1.01194206070596,1.34737398443781,0.0337949253971741,0.511052198555627,"LGG",0.232377171687582,"Benchmark infiltration","Monocyte
xCell","Adverse"
"Myeloid dendritic cell_XCELL","PFI",516,201,1.11974311309308,0.163167793019221,1.03288464542533,1.21390577822276,0.00604450100081803,0.497102111710394,"LGG",0.0937068436441677,"Benchmark infiltration","myDC
xCell","Adverse"
"immune score_XCELL","PFI",516,201,1.24538569520347,0.316592613284354,1.08721546616627,1.426566838022,0.00154232644386984,0.55626656915623,"LGG",0.0393578859194934,"Benchmark infiltration","Immune score
xCell","Adverse"
"stroma score_XCELL","PFI",516,201,1.14454547989288,0.194774791257326,1.00850811388951,1.29893288660913,0.0365108146775931,0.551128988024499,"LGG",0.240327760931943,"Benchmark infiltration","Stroma score
xCell","Adverse"
"microenvironment score_XCELL","PFI",516,201,1.27285232806464,0.348065052446849,1.1101172366176,1.45944319718519,0.000546783673791495,0.557381844775574,"LGG",0.018836697562117,"Benchmark infiltration","Microenv score
xCell","Adverse"
"Macrophage_EPIC","PFI",516,201,1.18863413750102,0.249304720771101,1.04750411263219,1.34877858310508,0.00737024609848362,0.557016180638084,"LGG",0.0995705796442199,"Benchmark infiltration","Macrophage
EPIC","Adverse"
"Macrophage M1_QUANTISEQ","PFI",516,201,1.08139379045168,0.112891977354371,0.962737969781947,1.21467373961819,0.186972992696719,0.542389615138495,"LGG",0.563710328935819,"Benchmark infiltration","M1 macrophage
quanTIseq","Adverse"
"Macrophage M2_QUANTISEQ","PFI",516,201,1.35904863723047,0.442597087772416,1.19758448842518,1.54228216565064,1.99357231275304e-06,0.595785720815431,"LGG",0.00034339283087171,"Benchmark infiltration","M2 macrophage
quanTIseq","Adverse"
"Monocyte_QUANTISEQ","PFI",516,201,0.895276079102379,-0.159595455489926,0.773783230217918,1.03584469979687,0.137100415359805,0.562601700338239,"LGG",0.477081748398514,"Benchmark infiltration","Monocyte
quanTIseq","Protective"
"Macrophage M0_CIBERSORT","PFI",516,201,1.08995805815447,0.124272620821698,0.973424170891998,1.22044284913043,0.135415349856616,0.493326629490813,"LGG",0.474208165573069,"Benchmark infiltration","M0 macrophage
CIBERSORT","Adverse"
"Macrophage M1_CIBERSORT","PFI",516,201,1.14539648439119,0.195847080463913,1.02456555020384,1.28047747281244,0.0170035699753602,0.55304872474632,"LGG",0.162714718236433,"Benchmark infiltration","M1 macrophage
CIBERSORT","Adverse"
"Macrophage M2_CIBERSORT","PFI",516,201,1.26299382953197,0.336847590728497,1.10013798741869,1.44995757957474,0.000916703506380669,0.582283572538623,"LGG",0.0287094870861946,"Benchmark infiltration","M2 macrophage
CIBERSORT","Adverse"
"MDR_injury","DFI",135,23,0.796057596806463,-0.329055277659986,0.506085258576697,1.25217576820061,0.323688004899862,0.564086687306502,"LGG",0.686495457558148,"MDRi","MDR injury","Protective"
"MDR_resolution","DFI",135,23,0.981664754331236,-0.0266976771097629,0.655715263187309,1.46964047353726,0.928380035193931,0.50030959752322,"LGG",0.980369112829049,"MDRi","MDR resolution","Protective"
"MDR_apc_ifn","DFI",135,23,0.732590016517419,-0.448922054254419,0.45646949629748,1.17573712297137,0.197324459062558,0.562229102167183,"LGG",0.641150404646577,"MDRi","MDR APC/IFN","Protective"
"MDR_axis","DFI",135,23,0.834143786450866,-0.261632003639804,0.54892500977003,1.26756085820555,0.395642582188393,0.531269349845201,"LGG",0.733570177737611,"MDRi","MDR axis","Protective"
"Macrophage_TIMER","DFI",135,23,1.11976700950309,0.163198581209791,0.776995241004207,1.61375268393014,0.544052020034198,0.551393188854489,"LGG",0.822923690278999,"Benchmark infiltration","Macrophage
TIMER","Adverse"
"Macrophage/Monocyte_MCPCOUNTER","DFI",135,23,0.876479565551932,-0.190207638837573,0.591523378995704,1.29870848069334,0.511074714726278,0.552941176470588,"LGG",0.803367445408772,"Benchmark infiltration","Mac/Mono
MCPcounter","Protective"
"Monocyte_MCPCOUNTER","DFI",135,23,0.876479565551932,-0.190207638837573,0.591523378995704,1.29870848069334,0.511074714726278,0.552941176470588,"LGG",0.803367445408772,"Benchmark infiltration","Monocyte
MCPcounter","Protective"
"Myeloid dendritic cell_MCPCOUNTER","DFI",135,23,0.227201419833159,-2.13795624428835,0.0719476701769447,0.717472644315661,0.0115408176845572,0.739938080495356,"LGG",0.331077207325734,"Benchmark infiltration","myDC
MCPcounter","Protective"
"Macrophage_XCELL","DFI",135,23,0.852472499299748,-0.230274801235978,0.535487253355938,1.35709927268673,0.501059964750474,0.501857585139319,"LGG",0.801346772893616,"Benchmark infiltration","Macrophage
xCell","Protective"
"Macrophage M1_XCELL","DFI",135,23,0.849100571594364,-0.235992651182927,0.530180672516314,1.3598605495369,0.49602915243003,0.487616099071207,"LGG",0.796074758620223,"Benchmark infiltration","M1 macrophage
xCell","Protective"
"Macrophage M2_XCELL","DFI",135,23,0.881880946082379,-0.18134418977319,0.539220794938463,1.44229230467995,0.616505509324985,0.495975232198142,"LGG",0.852581874881247,"Benchmark infiltration","M2 macrophage
xCell","Protective"
"Monocyte_XCELL","DFI",135,23,0.672312417105993,-0.572796299576703,0.365921641379543,1.23524802876054,0.200811405384809,0.564086687306502,"LGG",0.641150404646577,"Benchmark infiltration","Monocyte
xCell","Protective"
"Myeloid dendritic cell_XCELL","DFI",135,23,3.07344588453715e-35,-114.647626237906,0,Inf,0.992956958760219,0.488235294117647,"LGG",0.998706066251557,"Benchmark infiltration","myDC
xCell","Protective"
"immune score_XCELL","DFI",135,23,0.773126050595439,-0.371224444329091,0.464114557175974,1.28788007371781,0.323020612087803,0.513931888544892,"LGG",0.686495457558148,"Benchmark infiltration","Immune score
xCell","Protective"
"stroma score_XCELL","DFI",135,23,0.903947143311412,-0.145689678786644,0.560915740928096,1.45676146750463,0.678314202759979,0.493498452012384,"LGG",0.865592407643933,"Benchmark infiltration","Stroma score
xCell","Protective"
"microenvironment score_XCELL","DFI",135,23,0.789601595512391,-0.340803189901198,0.489396514392447,1.27395815315462,0.333098811794113,0.53250773993808,"LGG",0.686495457558148,"Benchmark infiltration","Microenv score
xCell","Protective"
"Macrophage_EPIC","DFI",135,23,0.680324497017586,-0.555705056505884,0.366009629490027,1.26456077641215,0.223286001923466,0.535603715170279,"LGG",0.641150404646577,"Benchmark infiltration","Macrophage
EPIC","Protective"
"Macrophage M1_QUANTISEQ","DFI",135,23,0.893523922430133,-0.162421739644875,0.543402049831867,1.469234428177,0.657267489786016,0.529411764705882,"LGG",0.863247891242683,"Benchmark infiltration","M1 macrophage
quanTIseq","Protective"
"Macrophage M2_QUANTISEQ","DFI",135,23,0.851400826106249,-0.232089604933574,0.530877914721875,1.36544268765478,0.50443987143113,0.541176470588235,"LGG",0.801918160971776,"Benchmark infiltration","M2 macrophage
quanTIseq","Protective"
"Monocyte_QUANTISEQ","DFI",135,23,1.2898411560908,0.367193408725867,0.860034069214985,1.93444686379019,0.218395747813387,0.573993808049536,"LGG",0.641150404646577,"Benchmark infiltration","Monocyte
quanTIseq","Adverse"
"Macrophage M0_CIBERSORT","DFI",135,23,1.27352456694539,0.34882679021158,1.01355794933789,1.60016980151251,0.03793404920195,0.501547987616099,"LGG",0.458203383781449,"Benchmark infiltration","M0 macrophage
CIBERSORT","Adverse"
"Macrophage M1_CIBERSORT","DFI",135,23,0.957923046025842,-0.0620183320116799,0.628654122983484,1.45965249977615,0.841448351031526,0.56656346749226,"LGG",0.935019730823503,"Benchmark infiltration","M1 macrophage
CIBERSORT","Protective"
"Macrophage M2_CIBERSORT","DFI",135,23,1.20838981574925,0.273085930265904,0.797749651507194,1.83040624843611,0.371623035052143,0.53374613003096,"LGG",0.719725624847821,"Benchmark infiltration","M2 macrophage
CIBERSORT","Adverse"
"MDR_injury","OS",415,162,1.33298550321854,0.414661090593095,1.13827096512667,1.56100823637635,0.000360503303637258,0.590771918678526,"LIHC",0.00979064432196982,"MDRi","MDR injury","Adverse"
"MDR_resolution","OS",415,162,1.13140967653406,0.178121414991271,0.953225891510214,1.34290084601756,0.157925116775892,0.542037272342228,"LIHC",0.406280383406859,"MDRi","MDR resolution","Adverse"
"MDR_apc_ifn","OS",415,162,0.89836685406258,-0.154623395512271,0.758660790193264,1.06379954639899,0.213941767231752,0.526736552308344,"LIHC",0.477136315408942,"MDRi","MDR APC/IFN","Protective"
"MDR_axis","OS",415,162,1.2426113106846,0.313375091368968,1.07575042036624,1.43535418644374,0.003152595023824,0.577006565014824,"LIHC",0.0349037306209085,"MDRi","MDR axis","Adverse"
"Macrophage_TIMER","OS",415,162,1.24143743025932,0.312011550013044,1.10418962325255,1.39574477136376,0.000296861188316778,0.582605357899195,"LIHC",0.0087644731788763,"Benchmark infiltration","Macrophage
TIMER","Adverse"
"Macrophage/Monocyte_MCPCOUNTER","OS",415,162,1.15781854424984,0.211409168850816,1.01563223821318,1.31991062411259,0.0283801778649523,0.579124311732317,"LIHC",0.144227133412053,"Benchmark infiltration","Mac/Mono
MCPcounter","Adverse"
"Monocyte_MCPCOUNTER","OS",415,162,1.15781854424984,0.211409168850816,1.01563223821318,1.31991062411259,0.0283801778649523,0.579124311732317,"LIHC",0.144227133412053,"Benchmark infiltration","Monocyte
MCPcounter","Adverse"
"Myeloid dendritic cell_MCPCOUNTER","OS",415,162,1.07010398767037,0.0977509977543505,0.925469531668531,1.23734224114703,0.360437783132432,0.500185302837781,"LIHC",0.619034419784232,"Benchmark infiltration","myDC
MCPcounter","Adverse"
"Macrophage_XCELL","OS",415,162,1.1365081022087,0.184607969219247,0.993619089663676,1.29994550207689,0.0619594109715182,0.51222998729352,"LIHC",0.228659730966317,"Benchmark infiltration","Macrophage
xCell","Adverse"
"Macrophage M1_XCELL","OS",415,162,1.13495791323134,0.182638800160942,0.993386178553808,1.29670564440681,0.0625544750448627,0.527093922066921,"LIHC",0.229489790105413,"Benchmark infiltration","M1 macrophage
xCell","Adverse"
"Macrophage M2_XCELL","OS",415,162,0.98060218136183,-0.0282601239670129,0.839204842933171,1.14582350922891,0.805247516983028,0.534148665819568,"LIHC",0.938446354378717,"Benchmark infiltration","M2 macrophage
xCell","Protective"
"Monocyte_XCELL","OS",415,162,1.16878875545102,0.225014203605617,1.0296214880158,1.32676636100642,0.015897522006592,0.540726916560779,"LIHC",0.105876974525404,"Benchmark infiltration","Monocyte
xCell","Adverse"
"Myeloid dendritic cell_XCELL","OS",415,162,0.930944365557547,-0.103233141853571,0.793726213918952,1.09188457753499,0.379127436703955,0.527530707327404,"LIHC",0.640487767728753,"Benchmark infiltration","myDC
xCell","Protective"
"immune score_XCELL","OS",415,162,0.964715719556665,-0.0518242202869718,0.823734536120364,1.12982566439796,0.65585294813069,0.515803684879288,"LIHC",0.865383373182854,"Benchmark infiltration","Immune score
xCell","Protective"
"stroma score_XCELL","OS",415,162,0.867488223859635,-0.205083921628303,0.736488315341866,1.02178921628353,0.0887743199066936,0.586695256247353,"LIHC",0.290307071619854,"Benchmark infiltration","Stroma score
xCell","Protective"
"microenvironment score_XCELL","OS",415,162,0.896902059553706,-0.156977641415816,0.758640307135711,1.06036193551179,0.202728480456575,0.562950021177467,"LIHC",0.462101683393664,"Benchmark infiltration","Microenv score
xCell","Protective"
"Macrophage_EPIC","OS",415,162,0.811898690740513,-0.30062837669458,0.687211957650547,0.959208402426197,0.0143043403775191,0.59405442609064,"LIHC",0.100075756152585,"Benchmark infiltration","Macrophage
EPIC","Protective"
"Macrophage M1_QUANTISEQ","OS",415,162,1.16282198324491,0.217630251112603,1.013594727905,1.33401933484045,0.0313456764170823,0.536014930114358,"LIHC",0.153026136839299,"Benchmark infiltration","M1 macrophage
quanTIseq","Adverse"
"Macrophage M2_QUANTISEQ","OS",415,162,1.02924747805906,0.0415899136617077,0.873032952157556,1.21341395931611,0.731413335883856,0.506167937314697,"LIHC",0.901543276834971,"Benchmark infiltration","M2 macrophage
quanTIseq","Adverse"
"Monocyte_QUANTISEQ","OS",415,162,1.16497322853151,0.220296801653276,0.992661257897374,1.36719612294512,0.0615156833795571,0.515843392630241,"LIHC",0.228659730966317,"Benchmark infiltration","Monocyte
quanTIseq","Adverse"
"Macrophage M0_CIBERSORT","OS",415,162,1.2592074480236,0.332515979308524,1.10936162643674,1.42929353185855,0.000363201321621461,0.580778801355358,"LIHC",0.00979064432196982,"Benchmark infiltration","M0 macrophage
CIBERSORT","Adverse"
"Macrophage M1_CIBERSORT","OS",415,162,1.01882600617812,0.0269076908980438,0.874469652653351,1.18701252549508,0.810908802135604,0.476784201609488,"LIHC",0.939001976292716,"Benchmark infiltration","M1 macrophage
CIBERSORT","Adverse"
"Macrophage M2_CIBERSORT","OS",415,162,1.21076294608129,0.275916429036933,1.03739212444544,1.41310780857055,0.0152856813708109,0.553049555273189,"LIHC",0.10313576794351,"Benchmark infiltration","M2 macrophage
CIBERSORT","Adverse"
"MDR_injury","DSS",404,96,1.43148478593194,0.517512337206158,1.16617471874211,1.7571541034305,0.000603903402198285,0.602251008706732,"LIHC",0.0182760240138955,"MDRi","MDR injury","Adverse"
"MDR_resolution","DSS",404,96,1.13500429203632,0.182697753100163,0.903619530122371,1.42563844626777,0.276291206569056,0.536419622000425,"LIHC",0.551623068670858,"MDRi","MDR resolution","Adverse"
"MDR_apc_ifn","DSS",404,96,0.895442037993616,-0.159328045373527,0.715758844441265,1.12023267282443,0.333831955182617,0.550329156933532,"LIHC",0.594334990862576,"MDRi","MDR APC/IFN","Protective"
"MDR_axis","DSS",404,96,1.34513658100707,0.42775266701059,1.12143327388788,1.61346418346447,0.00139861433098199,0.578042047143767,"LIHC",0.0287215442969515,"MDRi","MDR axis","Adverse"
"Macrophage_TIMER","DSS",404,96,1.28097061007902,0.357237375617376,1.09076319900211,1.5043464111985,0.0025336528908846,0.583112125716713,"LIHC",0.0346869145775868,"Benchmark infiltration","Macrophage
TIMER","Adverse"
"Macrophage/Monocyte_MCPCOUNTER","DSS",404,96,1.2159549281885,0.282089753383428,1.03398340052299,1.4299517638659,0.018078568252528,0.596145678488002,"LIHC",0.120874148200042,"Benchmark infiltration","Mac/Mono
MCPcounter","Adverse"
"Monocyte_MCPCOUNTER","DSS",404,96,1.2159549281885,0.282089753383428,1.03398340052299,1.4299517638659,0.018078568252528,0.596145678488002,"LIHC",0.120874148200042,"Benchmark infiltration","Monocyte
MCPcounter","Adverse"
"Myeloid dendritic cell_MCPCOUNTER","DSS",404,96,1.03213504373093,0.0456317441864228,0.845297520404409,1.26026957702158,0.756230026478778,0.49745168825653,"LIHC",0.89176542970713,"Benchmark infiltration","myDC
MCPcounter","Adverse"
"Macrophage_XCELL","DSS",404,96,1.11316892038263,0.154672534375237,0.931319547088668,1.33052618639804,0.238758668911514,0.482374177107666,"LIHC",0.514180654022924,"Benchmark infiltration","Macrophage
xCell","Adverse"
"Macrophage M1_XCELL","DSS",404,96,1.10759188894019,0.147426393786228,0.924752370267987,1.32658193900123,0.266947024153524,0.488134423444468,"LIHC",0.544306875490342,"Benchmark infiltration","M1 macrophage
xCell","Adverse"
"Macrophage M2_XCELL","DSS",404,96,0.930071847585096,-0.104585926891426,0.757082179227897,1.14258883038635,0.489921004449263,0.573901040560629,"LIHC",0.702073131240254,"Benchmark infiltration","M2 macrophage
xCell","Protective"
"Monocyte_XCELL","DSS",404,96,1.17766107315743,0.235924396188808,1.00785815751342,1.37607221104606,0.0395426759806699,0.545630707156509,"LIHC",0.186178266396898,"Benchmark infiltration","Monocyte
xCell","Adverse"
"Myeloid dendritic cell_XCELL","DSS",404,96,0.895975838956277,-0.158468266050842,0.722897154143584,1.11049365652082,0.315870727026066,0.562566362284986,"LIHC",0.580273699808268,"Benchmark infiltration","myDC
xCell","Protective"
"immune score_XCELL","DSS",404,96,0.994876086486361,-0.00741124816995231,0.822997203155918,1.20265102198033,0.957663696295632,0.529411764705882,"LIHC",0.986871162123105,"Benchmark infiltration","Immune score
xCell","Protective"
"stroma score_XCELL","DSS",404,96,0.798781541781675,-0.324127099471171,0.637301523803004,1.00117750807126,0.0512057876718134,0.632246761520493,"LIHC",0.221378405348066,"Benchmark infiltration","Stroma score
xCell","Protective"
"microenvironment score_XCELL","DSS",404,96,0.887782057397607,-0.171722543652915,0.713231866715495,1.10505015019403,0.286580334162571,0.598959439371416,"LIHC",0.554827246274338,"Benchmark infiltration","Microenv score
xCell","Protective"
"Macrophage_EPIC","DSS",404,96,0.741245196609768,-0.431977244098495,0.592354447647233,0.927560253289879,0.00886371821579454,0.622902951794436,"LIHC",0.0736083801797143,"Benchmark infiltration","Macrophage
EPIC","Protective"
"Macrophage M1_QUANTISEQ","DSS",404,96,1.15473952319272,0.207567456854654,0.963732860551147,1.38360267767646,0.118868969234885,0.520253769377787,"LIHC",0.357527315478159,"Benchmark infiltration","M1 macrophage
quanTIseq","Adverse"
"Macrophage M2_QUANTISEQ","DSS",404,96,1.07394769031473,0.102923724457948,0.870230361039759,1.32535440403883,0.506198949395103,0.511626672329582,"LIHC",0.709913160737034,"Benchmark infiltration","M2 macrophage
quanTIseq","Adverse"
"Monocyte_QUANTISEQ","DSS",404,96,1.04999020336638,0.0703758673002782,0.718582797278026,1.53424133077154,0.80096693409263,0.520466128689743,"LIHC",0.914818663929301,"Benchmark infiltration","Monocyte
quanTIseq","Adverse"
"Macrophage M0_CIBERSORT","DSS",404,96,1.28350518553213,0.36008912460548,1.10021443258768,1.49733134968358,0.0014996366960423,0.595428965810151,"LIHC",0.0297247695666186,"Benchmark infiltration","M0 macrophage
CIBERSORT","Adverse"
"Macrophage M1_CIBERSORT","DSS",404,96,0.95586263245114,-0.0651247922891622,0.778065057924281,1.17428917133731,0.667269466573518,0.523996602251009,"LIHC",0.834685990873072,"Benchmark infiltration","M1 macrophage
CIBERSORT","Protective"
"Macrophage M2_CIBERSORT","DSS",404,96,1.18494382095252,0.244818661524823,0.968280376562472,1.45008810753583,0.0995378752649979,0.527712890210236,"LIHC",0.325194762939624,"Benchmark infiltration","M2 macrophage
CIBERSORT","Adverse"
"MDR_injury","PFI",416,209,1.17276737024474,0.22991686922474,1.01882993373793,1.34996357995166,0.026431893771928,0.538427691405104,"LIHC",0.202423788477827,"MDRi","MDR injury","Adverse"
"MDR_resolution","PFI",416,209,0.965388339841592,-0.050818693166273,0.832651378916317,1.11928553810246,0.640679278117123,0.513493693165151,"LIHC",0.872387396487545,"MDRi","MDR resolution","Protective"
"MDR_apc_ifn","PFI",416,209,0.870832778500256,-0.199532382710622,0.751461452087106,1.00916650615176,0.0659655351620494,0.547081255500147,"LIHC",0.323352869739297,"MDRi","MDR APC/IFN","Protective"
"MDR_axis","PFI",416,209,1.28081695620049,0.357064312330043,1.11769256519135,1.46774893775001,0.000369795737773222,0.547814608389557,"LIHC",0.0169859508883833,"MDRi","MDR axis","Adverse"
"Macrophage_TIMER","PFI",416,209,1.10790371156548,0.147832501528459,0.980678876958208,1.25163360090694,0.0996659452006026,0.536238109206722,"LIHC",0.403105053553915,"Benchmark infiltration","Macrophage
TIMER","Adverse"
"Macrophage/Monocyte_MCPCOUNTER","PFI",416,209,1.12113281975248,0.164957203252483,0.998384719499384,1.25897239308352,0.0532806310655726,0.528998868541256,"LIHC",0.294546179362239,"Benchmark infiltration","Mac/Mono
MCPcounter","Adverse"
"Monocyte_MCPCOUNTER","PFI",416,209,1.12113281975248,0.164957203252483,0.998384719499384,1.25897239308352,0.0532806310655726,0.528998868541256,"LIHC",0.294546179362239,"Benchmark infiltration","Monocyte
MCPcounter","Adverse"
"Myeloid dendritic cell_MCPCOUNTER","PFI",416,209,0.996520878176332,-0.00502806350499359,0.868784844019024,1.14303773538156,0.96028438886936,0.530507480199472,"LIHC",0.987516334225357,"Benchmark infiltration","myDC
MCPcounter","Protective"
"Macrophage_XCELL","PFI",416,209,0.942394075184021,-0.0855976258903603,0.817955905755879,1.08576340936281,0.411557360936612,0.556918660688094,"LIHC",0.770722800348814,"Benchmark infiltration","Macrophage
xCell","Protective"
"Macrophage M1_XCELL","PFI",416,209,0.962152436486179,-0.0556626125962834,0.837253280087084,1.1056837077306,0.586545841881188,0.539286761932699,"LIHC",0.862335026625775,"Benchmark infiltration","M1 macrophage
xCell","Protective"
"Macrophage M2_XCELL","PFI",416,209,0.858649737279582,-0.219858351581784,0.745390309195207,0.989118535933653,0.0347239415142019,0.570244730335666,"LIHC",0.23382033163417,"Benchmark infiltration","M2 macrophage
xCell","Protective"
"Monocyte_XCELL","PFI",416,209,1.05429080791143,0.0762728643792366,0.926538740045943,1.19965745586786,0.422429922003528,0.497883753090559,"LIHC",0.771216873967342,"Benchmark infiltration","Monocyte
xCell","Adverse"
"Myeloid dendritic cell_XCELL","PFI",416,209,0.90206699253354,-0.148693514835809,0.781539482729403,1.04118202215031,0.158993078161643,0.566326530612245,"LIHC",0.510332715851442,"Benchmark infiltration","myDC
xCell","Protective"
"immune score_XCELL","PFI",416,209,0.990703878243142,-0.0134741951253253,0.850294799623566,1.15429869123099,0.904662631887386,0.552874743326489,"LIHC",0.969381887045737,"Benchmark infiltration","Immune score
xCell","Protective"
"stroma score_XCELL","PFI",416,209,0.815758264051974,-0.293786397251301,0.703821923461464,0.945497040069862,0.00684670445475005,0.577316347483552,"LIHC",0.0962730483535262,"Benchmark infiltration","Stroma score
xCell","Protective"
"microenvironment score_XCELL","PFI",416,209,0.873068329493697,-0.195833526068108,0.745494591654009,1.02247329021359,0.0921404248196589,0.584901311654025,"LIHC",0.384756076974212,"Benchmark infiltration","Microenv score
xCell","Protective"
"Macrophage_EPIC","PFI",416,209,0.886240117368571,-0.174230460211201,0.766005765382155,1.02534678083215,0.104488080874459,0.553534760926958,"LIHC",0.41614039145955,"Benchmark infiltration","Macrophage
EPIC","Protective"
"Macrophage M1_QUANTISEQ","PFI",416,209,1.16531826031005,0.220724023433793,1.02122149931328,1.32974741397944,0.0230997562293575,0.516992834094623,"LIHC",0.189473000500325,"Benchmark infiltration","M1 macrophage
quanTIseq","Adverse"
"Macrophage M2_QUANTISEQ","PFI",416,209,1.0114603684565,0.0164397926085882,0.882077039629167,1.15982168336254,0.870379293659363,0.487658718518208,"LIHC",0.95965440339501,"Benchmark infiltration","M2 macrophage
quanTIseq","Adverse"
"Monocyte_QUANTISEQ","PFI",416,209,0.932589011201471,-0.100686664543187,0.705737724524298,1.23235903876326,0.623590793235729,0.491136906507983,"LIHC",0.862335026625775,"Benchmark infiltration","Monocyte
quanTIseq","Protective"
"Macrophage M0_CIBERSORT","PFI",416,209,1.15962616118099,0.21365978609761,1.03043965522138,1.30500881529686,0.0139889386467323,0.551292796379332,"LIHC",0.144920892025531,"Benchmark infiltration","M0 macrophage
CIBERSORT","Adverse"
"Macrophage M1_CIBERSORT","PFI",416,209,0.98845440269152,-0.01675367878425,0.862045572843207,1.13339959855923,0.867891853245668,0.52463018061434,"LIHC",0.95965440339501,"Benchmark infiltration","M1 macrophage
CIBERSORT","Protective"
"Macrophage M2_CIBERSORT","PFI",416,209,1.01656047886447,0.0236960488887994,0.885929113523483,1.16645360380942,0.814945427241657,0.513556551984243,"LIHC",0.940927827737162,"Benchmark infiltration","M2 macrophage
CIBERSORT","Adverse"
"MDR_injury","DFI",352,165,1.09637929282899,0.132746985542801,0.938560567432481,1.28073519755098,0.245907128652979,0.521570280278171,"LIHC",0.671853405069745,"MDRi","MDR injury","Adverse"
"MDR_resolution","DFI",352,165,0.923529238217037,-0.114770458354262,0.780775221666228,1.09238386436186,0.353112957489751,0.522503537345335,"LIHC",0.703278553591409,"MDRi","MDR resolution","Protective"
"MDR_apc_ifn","DFI",352,165,0.821063930961623,-0.284433535137133,0.694694467476185,0.970420825683723,0.0207732488879072,0.564981786434657,"LIHC",0.373978856320872,"MDRi","MDR APC/IFN","Protective"
"MDR_axis","DFI",352,165,1.24431844095285,0.315355741411359,1.06523556312511,1.45350797146967,0.00583242486860078,0.535508926152271,"LIHC",0.278734539466244,"MDRi","MDR axis","Adverse"
"Macrophage_TIMER","DFI",352,165,1.10507295310029,0.144141614505243,0.961602383744192,1.26994925586483,0.159092098703668,0.537842068820182,"LIHC",0.641150404646577,"Benchmark infiltration","Macrophage
TIMER","Adverse"
"Macrophage/Monocyte_MCPCOUNTER","DFI",352,165,1.11304534939473,0.154512374363642,0.977707162634017,1.26711759630729,0.105419553544376,0.522413222145287,"LIHC",0.616397744132872,"Benchmark infiltration","Mac/Mono
MCPcounter","Adverse"
"Monocyte_MCPCOUNTER","DFI",352,165,1.11304534939473,0.154512374363642,0.977707162634017,1.26711759630729,0.105419553544376,0.522413222145287,"LIHC",0.616397744132872,"Benchmark infiltration","Monocyte
MCPcounter","Adverse"
"Myeloid dendritic cell_MCPCOUNTER","DFI",352,165,0.931537685852798,-0.102313959544216,0.794429175129327,1.09230940570973,0.382645330558574,0.553993437095463,"LIHC",0.728772642018197,"Benchmark infiltration","myDC
MCPcounter","Protective"
"Macrophage_XCELL","DFI",352,165,0.960516511243762,-0.05811768090832,0.816019672059742,1.13060015580647,0.628178821804621,0.550155041093416,"LIHC",0.852581874881247,"Benchmark infiltration","Macrophage
xCell","Protective"
"Macrophage M1_XCELL","DFI",352,165,0.966537174060701,-0.0491028737786736,0.821245804075513,1.13753288504515,0.682164000877434,0.543607189089924,"LIHC",0.86734979612948,"Benchmark infiltration","M1 macrophage
xCell","Protective"
"Macrophage M2_XCELL","DFI",352,165,0.898019648864693,-0.155181083095186,0.767799830940823,1.0503249118444,0.178401331179081,0.547731583225457,"LIHC",0.641150404646577,"Benchmark infiltration","M2 macrophage
xCell","Protective"
"Monocyte_XCELL","DFI",352,165,1.10663769096688,0.146182966472433,0.960650854804325,1.27480964904565,0.160379369744494,0.499879579733269,"LIHC",0.641150404646577,"Benchmark infiltration","Monocyte
xCell","Adverse"
"Myeloid dendritic cell_XCELL","DFI",352,165,0.858625452898526,-0.219899154542572,0.725053158906174,1.0168049877576,0.0772635125220793,0.577987175241593,"LIHC",0.577587304133433,"Benchmark infiltration","myDC
xCell","Protective"
"immune score_XCELL","DFI",352,165,0.926996074929031,-0.109364864658358,0.78136989511884,1.09976302939485,0.384641567639904,0.554911641629286,"LIHC",0.729547436143455,"Benchmark infiltration","Immune score
xCell","Protective"
"stroma score_XCELL","DFI",352,165,0.786824533269641,-0.34588615319028,0.662982081506345,0.933800269154126,0.00607264791865456,0.586476804046121,"LIHC",0.278734539466244,"Benchmark infiltration","Stroma score
xCell","Protective"
"microenvironment score_XCELL","DFI",352,165,0.816755833433611,-0.292023241170534,0.679725822973838,0.981410546577849,0.0307554686760506,0.592828973116175,"LIHC",0.415198827126683,"Benchmark infiltration","Microenv score
xCell","Protective"
"Macrophage_EPIC","DFI",352,165,0.918712414211738,-0.122314771481773,0.782341455451526,1.07885437253178,0.301063709270571,0.543938344823434,"LIHC",0.686495457558148,"Benchmark infiltration","Macrophage
EPIC","Protective"
"Macrophage M1_QUANTISEQ","DFI",352,165,1.14863272485092,0.199917570186392,0.993219626168461,1.32836394070075,0.0617287233242323,0.507210163470512,"LIHC",0.55555850991809,"Benchmark infiltration","M1 macrophage
quanTIseq","Adverse"
"Macrophage M2_QUANTISEQ","DFI",352,165,0.972841150853941,-0.039723839299464,0.8237328849449,1.14894029617153,0.74565944699065,0.525664569347021,"LIHC",0.895284586698668,"Benchmark infiltration","M2 macrophage
quanTIseq","Protective"
"Monocyte_QUANTISEQ","DFI",352,165,0.939586025204194,-0.089902839092106,0.710175146869446,1.24310446887732,0.66260757697855,0.493994039196797,"LIHC",0.864025221116915,"Benchmark infiltration","Monocyte
quanTIseq","Protective"
"Macrophage M0_CIBERSORT","DFI",352,165,1.18994984228868,0.250900763611838,1.04668328539452,1.35282625310017,0.00788267278720066,0.561835806966312,"LIHC",0.321859894425908,"Benchmark infiltration","M0 macrophage
CIBERSORT","Adverse"
"Macrophage M1_CIBERSORT","DFI",352,165,0.959220786924415,-0.0600651716775279,0.819119212483083,1.12328523619741,0.605283628572227,0.532498419483999,"LIHC",0.852581874881247,"Benchmark infiltration","M1 macrophage
CIBERSORT","Protective"
"Macrophage M2_CIBERSORT","DFI",352,165,1.03839488558157,0.0543551827444955,0.88798376577955,1.21428339115566,0.636989356601082,0.523045428545624,"LIHC",0.852581874881247,"Benchmark infiltration","M2 macrophage
CIBERSORT","Adverse"
"MDR_injury","OS",559,208,1.12815278497855,0.173962464194498,0.994145406987788,1.28022389613121,0.0616292058765557,0.55208945504217,"LUAD",0.228659730966317,"MDRi","MDR injury","Adverse"
"MDR_resolution","OS",559,208,0.953689916666533,-0.0684078311789309,0.840368118224338,1.08229291119849,0.462538934972491,0.529963944789466,"LUAD",0.712312808492496,"MDRi","MDR resolution","Protective"
"MDR_apc_ifn","OS",559,208,0.909168625198312,-0.137380196314328,0.799057883384872,1.0344527051576,0.148258845582515,0.547086198954875,"LUAD",0.400832803147635,"MDRi","MDR APC/IFN","Protective"
"MDR_axis","OS",559,208,1.23122977393566,0.300100024847274,1.07944373183601,1.40435921902779,0.00194320416077956,0.59459330675519,"LUAD",0.0268204766282485,"MDRi","MDR axis","Adverse"
"Macrophage_TIMER","OS",559,208,1.05300915984458,0.0745179860358733,0.938607932049652,1.181354059405,0.378728883760717,0.53803268793977,"LUAD",0.640487767728753,"Benchmark infiltration","Macrophage
TIMER","Adverse"
"Macrophage/Monocyte_MCPCOUNTER","OS",559,208,1.12425549652448,0.168969937410728,0.991198007284319,1.27517449810908,0.0683944680351118,0.523960037484712,"LUAD",0.245113122437973,"Benchmark infiltration","Mac/Mono
MCPcounter","Adverse"
"Monocyte_MCPCOUNTER","OS",559,208,1.12425549652448,0.168969937410728,0.991198007284319,1.27517449810908,0.0683944680351118,0.523960037484712,"LUAD",0.245113122437973,"Benchmark infiltration","Monocyte
MCPcounter","Adverse"
"Myeloid dendritic cell_MCPCOUNTER","OS",559,208,0.867639824984566,-0.204831820128551,0.744133362493608,1.01164509460589,0.0699572988392873,0.577375752473832,"LUAD",0.246440484547489,"Benchmark infiltration","myDC
MCPcounter","Protective"
"Macrophage_XCELL","OS",559,208,0.91241982252777,-0.132230305019577,0.796767777370701,1.04485893655094,0.185038642868502,0.537627662446989,"LUAD",0.449369016471853,"Benchmark infiltration","Macrophage
xCell","Protective"
"Macrophage M1_XCELL","OS",559,208,1.0047275091358,0.00680428297375467,0.879173746864375,1.14821145560202,0.944791853460744,0.500817992661891,"LUAD",0.983535166665992,"Benchmark infiltration","M1 macrophage
xCell","Adverse"
"Macrophage M2_XCELL","OS",559,208,0.894262285003754,-0.161230062385616,0.777267677415207,1.02886696258816,0.118248878223925,0.563692244158897,"LUAD",0.347790047454569,"Benchmark infiltration","M2 macrophage
xCell","Protective"
"Monocyte_XCELL","OS",559,208,0.931709023991808,-0.102048628407061,0.818783821015707,1.06020866937858,0.283252356633961,0.539700439968869,"LUAD",0.549801070305693,"Benchmark infiltration","Monocyte
xCell","Protective"
"Myeloid dendritic cell_XCELL","OS",559,208,0.836011695655207,-0.25840496939252,0.724322855028013,0.964922686645398,0.0143657133831936,0.587302847885132,"LUAD",0.100075756152585,"Benchmark infiltration","myDC
xCell","Protective"
"immune score_XCELL","OS",559,208,0.814608537563259,-0.295821160197851,0.706473556337219,0.939294986370593,0.00477551683987358,0.589653584078527,"LUAD",0.0469971498527241,"Benchmark infiltration","Immune score
xCell","Protective"
"stroma score_XCELL","OS",559,208,0.944162438437331,-0.0828930054617579,0.82513923436689,1.08035428813406,0.403296754191588,0.530337203576931,"LUAD",0.658010493681012,"Benchmark infiltration","Stroma score
xCell","Protective"
"microenvironment score_XCELL","OS",559,208,0.831441311719504,-0.266313662137779,0.724428086917183,0.954262634646962,0.00864075305159632,0.584332660938071,"LUAD",0.07049035384197,"Benchmark infiltration","Microenv score
xCell","Protective"
"Macrophage_EPIC","OS",559,208,0.873158694075228,-0.195684211537977,0.737428552655068,1.03387114900035,0.115595339191829,0.541288775234677,"LUAD",0.344563030283337,"Benchmark infiltration","Macrophage
EPIC","Protective"
"Macrophage M1_QUANTISEQ","OS",559,208,0.973092059672247,-0.0393517968183208,0.857986666948961,1.10363971035171,0.671080929807893,0.511213646976604,"LUAD",0.877106344607121,"Benchmark infiltration","M1 macrophage
quanTIseq","Protective"
"Macrophage M2_QUANTISEQ","OS",559,208,0.838403771897938,-0.254282887451158,0.727090163742363,0.966758897018668,0.0153040171787144,0.583538493305167,"LUAD",0.10313576794351,"Benchmark infiltration","M2 macrophage
quanTIseq","Protective"
"Monocyte_QUANTISEQ","OS",559,208,0.969664719480706,-0.0444421013592685,0.840256910639429,1.11900260063327,0.673391322633854,0.511777505995966,"LUAD",0.877106344607121,"Benchmark infiltration","Monocyte
quanTIseq","Protective"
"Macrophage M0_CIBERSORT","OS",559,208,1.07626015299735,0.106026847480266,0.94205096720035,1.22958943545516,0.279477619655249,0.545108721548945,"LUAD",0.549801070305693,"Benchmark infiltration","M0 macrophage
CIBERSORT","Adverse"
"Macrophage M1_CIBERSORT","OS",559,208,1.11361708560481,0.155253250933113,0.982096218757498,1.26275103158418,0.0933030653962999,0.525175113963055,"LUAD",0.298185054359309,"Benchmark infiltration","M1 macrophage
CIBERSORT","Adverse"
"Macrophage M2_CIBERSORT","OS",559,208,1.08712454520101,0.120517230568538,0.948557733760176,1.24593341524249,0.229828050539243,0.50669483314538,"LUAD",0.495977826364025,"Benchmark infiltration","M2 macrophage
CIBERSORT","Adverse"
"MDR_injury","DSS",523,130,1.09737683477191,0.134059026471333,0.935416271517283,1.28737969838893,0.25407068946231,0.536138108086868,"LUAD",0.531238714330285,"MDRi","MDR injury","Adverse"
"MDR_resolution","DSS",523,130,0.907144479840452,-0.1405957494815,0.774722943929359,1.06220051149026,0.226103926230661,0.540172373143321,"LUAD",0.496203850624855,"MDRi","MDR resolution","Protective"
"MDR_apc_ifn","DSS",523,130,0.863526749234573,-0.211687226466864,0.736043329405518,1.0130904212472,0.0717996563299676,0.56555680716737,"LUAD",0.271610542037706,"MDRi","MDR APC/IFN","Protective"
"MDR_axis","DSS",523,130,1.28125237150674,0.35755467494616,1.08771082952897,1.50923167713843,0.00301500091116581,0.592041495297724,"LUAD",0.0382027165076728,"MDRi","MDR axis","Adverse"
"Macrophage_TIMER","DSS",523,130,1.0538892620354,0.0757232830040107,0.911761402428799,1.21817240088781,0.477619788821319,0.559046970371729,"LUAD",0.697033955767153,"Benchmark infiltration","Macrophage
TIMER","Adverse"
"Macrophage/Monocyte_MCPCOUNTER","DSS",523,130,1.09010264503967,0.124463986853165,0.924109214038069,1.2859127023849,0.306040788907133,0.504859455636183,"LUAD",0.572962107147309,"Benchmark infiltration","Mac/Mono
MCPcounter","Adverse"
"Monocyte_MCPCOUNTER","DSS",523,130,1.09010264503967,0.124463986853165,0.924109214038069,1.2859127023849,0.306040788907133,0.504859455636183,"LUAD",0.572962107147309,"Benchmark infiltration","Monocyte
MCPcounter","Adverse"
"Myeloid dendritic cell_MCPCOUNTER","DSS",523,130,0.850901467914902,-0.232936013482136,0.699894526582279,1.03448917029732,0.105276627888599,0.589788594032431,"LUAD",0.334806058256761,"Benchmark infiltration","myDC
MCPcounter","Protective"
"Macrophage_XCELL","DSS",523,130,0.914108117633971,-0.129563282394436,0.769739624445421,1.08555363942235,0.305848212107324,0.529261519922458,"LUAD",0.572962107147309,"Benchmark infiltration","Macrophage
xCell","Protective"
"Macrophage M1_XCELL","DSS",523,130,1.01564077380411,0.0223902195389822,0.859370430586321,1.20032775704145,0.855533642357301,0.504767767793991,"LUAD",0.941529568215797,"Benchmark infiltration","M1 macrophage
xCell","Adverse"
"Macrophage M2_XCELL","DSS",523,130,0.895713348111372,-0.15889098919464,0.749740563471984,1.07010670233646,0.224966818555864,0.550310428837136,"LUAD",0.496203850624855,"Benchmark infiltration","M2 macrophage
xCell","Protective"
"Monocyte_XCELL","DSS",523,130,0.942481155534536,-0.0854643222234766,0.801037308928708,1.10890057009413,0.475209679749279,0.535234327928117,"LUAD",0.695687884029295,"Benchmark infiltration","Monocyte
xCell","Protective"
"Myeloid dendritic cell_XCELL","DSS",523,130,0.819059758750941,-0.287959379884969,0.682090799872159,0.98353311396501,0.0325328825298482,0.592617818877217,"LUAD",0.170058249587843,"Benchmark infiltration","myDC
xCell","Protective"
"immune score_XCELL","DSS",523,130,0.827584538694111,-0.273021402514108,0.693105292625956,0.988156021851586,0.0364695619265144,0.578052550231839,"LUAD",0.179661814960732,"Benchmark infiltration","Immune score
xCell","Protective"
"stroma score_XCELL","DSS",523,130,0.91746828272651,-0.124269810658061,0.770340860049957,1.09269557602662,0.334090807675364,0.520001047861054,"LUAD",0.594334990862576,"Benchmark infiltration","Stroma score
xCell","Protective"
"microenvironment score_XCELL","DSS",523,130,0.830758538979616,-0.267498878104289,0.698809895699848,0.987621604007713,0.035631341396008,0.570612736751107,"LUAD",0.179661814960732,"Benchmark infiltration","Microenv score
xCell","Protective"
"Macrophage_EPIC","DSS",523,130,0.861523419531651,-0.215038079884689,0.691291872961108,1.07367471169919,0.184489663934543,0.531632305556283,"LUAD",0.453339986163941,"Benchmark infiltration","Macrophage
EPIC","Protective"
"Macrophage M1_QUANTISEQ","DSS",523,130,0.898607491002115,-0.154237006332758,0.746740579505666,1.0813600399481,0.257697499997262,0.518730516333534,"LUAD",0.536134482666107,"Benchmark infiltration","M1 macrophage
quanTIseq","Protective"
"Macrophage M2_QUANTISEQ","DSS",523,130,0.78023234580165,-0.358024286014336,0.650471352825955,0.935879052613761,0.00749454638640539,0.593573992088649,"LUAD",0.0684026059076682,"Benchmark infiltration","M2 macrophage
quanTIseq","Protective"
"Monocyte_QUANTISEQ","DSS",523,130,1.01470075487344,0.0210543253287077,0.877282906879186,1.17364377427968,0.844172391015097,0.483299714457863,"LUAD",0.941529568215797,"Benchmark infiltration","Monocyte
quanTIseq","Adverse"
"Macrophage M0_CIBERSORT","DSS",523,130,1.03486754134529,0.0494461206969857,0.871219919457007,1.22925429528462,0.696354687442406,0.531763288187986,"LUAD",0.85923593407593,"Benchmark infiltration","M0 macrophage
CIBERSORT","Adverse"
"Macrophage M1_CIBERSORT","DSS",523,130,1.1019198272472,0.140019261077388,0.939454710892681,1.29248093772048,0.233047972719347,0.51381866764467,"LUAD",0.505670129485376,"Benchmark infiltration","M1 macrophage
CIBERSORT","Adverse"
"Macrophage M2_CIBERSORT","DSS",523,130,1.06169286729027,0.0863664752549241,0.894176973491019,1.2605913346821,0.494421326421122,0.481832708982789,"LUAD",0.702073131240254,"Benchmark infiltration","M2 macrophage
CIBERSORT","Adverse"
"MDR_injury","PFI",559,231,1.07452502071248,0.103699076844375,0.953115313953603,1.21140013515023,0.239996600518553,0.529394462048587,"LUAD",0.623991161348238,"MDRi","MDR injury","Adverse"
"MDR_resolution","PFI",559,231,0.917678958834521,-0.123938565981107,0.815042770951549,1.0332398513325,0.155720704877397,0.527790033826695,"LUAD",0.510332715851442,"MDRi","MDR resolution","Protective"
"MDR_apc_ifn","PFI",559,231,0.872926097172914,-0.196068575918403,0.774032809876445,0.984454355684444,0.0267352173461281,0.557605658283529,"LUAD",0.202423788477827,"MDRi","MDR APC/IFN","Protective"
"MDR_axis","PFI",559,231,1.2318645688953,0.300843654958878,1.08812436790085,1.3945927146426,0.000987409248540376,0.572219325337933,"LUAD",0.0295793466193182,"MDRi","MDR axis","Adverse"
"Macrophage_TIMER","PFI",559,231,1.0649848336632,0.0908328853293354,0.951510494373144,1.19199178846664,0.273391760487097,0.54345326434292,"LUAD",0.663263813294402,"Benchmark infiltration","Macrophage
TIMER","Adverse"
"Macrophage/Monocyte_MCPCOUNTER","PFI",559,231,1.11989159085435,0.163359081473374,0.990217102029815,1.26654768201381,0.0713270845269997,0.518404128728624,"LUAD",0.333473415753998,"Benchmark infiltration","Mac/Mono
MCPcounter","Adverse"
"Monocyte_MCPCOUNTER","PFI",559,231,1.11989159085435,0.163359081473374,0.990217102029815,1.26654768201381,0.0713270845269997,0.518404128728624,"LUAD",0.333473415753998,"Benchmark infiltration","Monocyte
MCPcounter","Adverse"
"Myeloid dendritic cell_MCPCOUNTER","PFI",559,231,0.881963098395248,-0.181209800641871,0.765216022002041,1.01652198146064,0.082959078344221,0.568756434425682,"LUAD",0.364068821523365,"Benchmark infiltration","myDC
MCPcounter","Protective"
"Macrophage_XCELL","PFI",559,231,0.957563042135106,-0.0625606234302306,0.842588122986142,1.08822680340359,0.50640567619905,0.521786798229781,"LUAD",0.824854635700107,"Benchmark infiltration","Macrophage
xCell","Protective"
"Macrophage M1_XCELL","PFI",559,231,1.02785038206065,0.0396302754572948,0.906180163823928,1.16585691243126,0.669130108422571,0.508102362520557,"LUAD",0.893470241672774,"Benchmark infiltration","M1 macrophage
xCell","Adverse"
"Macrophage M2_XCELL","PFI",559,231,0.891469860071721,-0.165742072651351,0.780089708276716,1.01875271905829,0.0915799655490624,0.530845132565882,"LUAD",0.384747538190878,"Benchmark infiltration","M2 macrophage
xCell","Protective"
"Monocyte_XCELL","PFI",559,231,0.926760991589384,-0.109730774060672,0.81687210464647,1.05143256899861,0.237551466355462,0.527241854184215,"LUAD",0.619973334541339,"Benchmark infiltration","Monocyte
xCell","Protective"
"Myeloid dendritic cell_XCELL","PFI",559,231,0.863858239584227,-0.211133511467007,0.75465675089158,0.988861568144604,0.0338036079294218,0.577052665356384,"LUAD",0.232377171687582,"Benchmark infiltration","myDC
xCell","Protective"
"immune score_XCELL","PFI",559,231,0.904151036480823,-0.145364303020091,0.793053200941328,1.03081242948016,0.1319929377383,0.554236359017555,"LUAD",0.470442283921229,"Benchmark infiltration","Immune score
xCell","Protective"
"stroma score_XCELL","PFI",559,231,0.880774345673718,-0.183155646771088,0.770638212506783,1.00665063762347,0.0625035327375863,0.530911983741794,"LUAD",0.321380104896992,"Benchmark infiltration","Stroma score
xCell","Protective"
"microenvironment score_XCELL","PFI",559,231,0.873680510065716,-0.194822287484131,0.767127227672968,0.995033947607576,0.0418522726771495,0.55695051675959,"LUAD",0.257466213165679,"Benchmark infiltration","Microenv score
xCell","Protective"
"Macrophage_EPIC","PFI",559,231,0.901571981713705,-0.149485413528497,0.770297875440944,1.05521781135108,0.196863860736622,0.5294613132245,"LUAD",0.563710328935819,"Benchmark infiltration","Macrophage
EPIC","Protective"
"Macrophage M1_QUANTISEQ","PFI",559,231,0.938560930383263,-0.0914776885542863,0.822133812483845,1.07147596494118,0.348076117086662,0.508209324402016,"LUAD",0.737869750686182,"Benchmark infiltration","M1 macrophage
quanTIseq","Protective"
"Macrophage M2_QUANTISEQ","PFI",559,231,0.887378422887908,-0.172378621254885,0.774356589588425,1.01689644796018,0.0856291590843357,0.553982324549089,"LUAD",0.368740566306921,"Benchmark infiltration","M2 macrophage
quanTIseq","Protective"
"Monocyte_QUANTISEQ","PFI",559,231,1.07711611664789,0.107173785520095,0.980469619817252,1.18328921701712,0.121439310111663,0.497894187958766,"LUAD",0.454737416668129,"Benchmark infiltration","Monocyte
quanTIseq","Adverse"
"Macrophage M0_CIBERSORT","PFI",559,231,1.02311018007232,0.0329615191639223,0.899209281829726,1.16408322480576,0.728669385726596,0.521111601353068,"LUAD",0.91470918852047,"Benchmark infiltration","M0 macrophage
CIBERSORT","Adverse"
"Macrophage M1_CIBERSORT","PFI",559,231,1.05389275346149,0.0757280624954958,0.927920660567625,1.19696648969882,0.418992550643287,0.504071236613052,"LUAD",0.771216873967342,"Benchmark infiltration","M1 macrophage
CIBERSORT","Adverse"
"Macrophage M2_CIBERSORT","PFI",559,231,1.04355611607232,0.0615081819088461,0.915100502092359,1.19004345960027,0.524680277831899,0.504819969783268,"LUAD",0.829884287826053,"Benchmark infiltration","M2 macrophage
CIBERSORT","Adverse"
"MDR_injury","DFI",334,93,1.06083701365382,0.0852030184998128,0.880821911090035,1.27764211513004,0.53363745741805,0.54240355776192,"LUAD",0.819195963059816,"MDRi","MDR injury","Adverse"
"MDR_resolution","DFI",334,93,0.84881205615143,-0.236482947086197,0.708913161530492,1.01631898766352,0.0744548012676677,0.527872582480091,"LUAD",0.570932348270158,"MDRi","MDR resolution","Protective"
"MDR_apc_ifn","DFI",334,93,0.874592969133144,-0.193316344270114,0.723843924768701,1.05673728200669,0.16506795253717,0.513186472230841,"LUAD",0.641150404646577,"MDRi","MDR APC/IFN","Protective"
"MDR_axis","DFI",334,93,1.37779489866306,0.46236114152215,1.13836540485033,1.66758298758344,0.000999888744838125,0.592718998862344,"LUAD",0.127672431506852,"MDRi","MDR axis","Adverse"
"Macrophage_TIMER","DFI",334,93,0.983840802967028,-0.0235032054924306,0.802755994114107,1.20577452261941,0.875267167108953,0.485753438825111,"LUAD",0.954732249591688,"Benchmark infiltration","Macrophage
TIMER","Protective"
"Macrophage/Monocyte_MCPCOUNTER","DFI",334,93,0.992853372490203,-0.0103474228545674,0.816230301063701,1.20769569321372,0.94279041621653,0.469283276450512,"LUAD",0.98453772858909,"Benchmark infiltration","Mac/Mono
MCPcounter","Protective"
"Monocyte_MCPCOUNTER","DFI",334,93,0.992853372490203,-0.0103474228545674,0.816230301063701,1.20769569321372,0.94279041621653,0.469283276450512,"LUAD",0.98453772858909,"Benchmark infiltration","Monocyte
MCPcounter","Protective"
"Myeloid dendritic cell_MCPCOUNTER","DFI",334,93,0.912068442299117,-0.132786005518599,0.734239518409858,1.1329665900298,0.405534861292946,0.512772778984383,"LUAD",0.743058372698104,"Benchmark infiltration","myDC
MCPcounter","Protective"
"Macrophage_XCELL","DFI",334,93,0.919886616534422,-0.120472046591881,0.750360670520782,1.12771287265343,0.421695917497581,0.508920260626745,"LUAD",0.751285662491406,"Benchmark infiltration","Macrophage
xCell","Protective"
"Macrophage M1_XCELL","DFI",334,93,1.05259533367936,0.0739509042635163,0.865474638681504,1.280172620854,0.607762218330099,0.529708346261247,"LUAD",0.852581874881247,"Benchmark infiltration","M1 macrophage
xCell","Adverse"
"Macrophage M2_XCELL","DFI",334,93,0.674894481981053,-0.567266136757151,0.515904662209871,0.882881266971731,0.00412044627976659,0.571724066604613,"LUAD",0.270183548916124,"Benchmark infiltration","M2 macrophage
xCell","Protective"
"Monocyte_XCELL","DFI",334,93,0.772053118754926,-0.373227983756752,0.614024660551209,0.970752571475096,0.0268287728523523,0.532552487330644,"LUAD",0.399887303769851,"Benchmark infiltration","Monocyte
xCell","Protective"
"Myeloid dendritic cell_XCELL","DFI",334,93,0.897183509109218,-0.156524992012219,0.724908072429725,1.11040044887287,0.3186049807763,0.541757162064329,"LUAD",0.686495457558148,"Benchmark infiltration","myDC
xCell","Protective"
"immune score_XCELL","DFI",334,93,0.891276182951548,-0.166055540767575,0.72020321121738,1.10298485472445,0.289816511830693,0.525752404591995,"LUAD",0.686495457558148,"Benchmark infiltration","Immune score
xCell","Protective"
"stroma score_XCELL","DFI",334,93,0.634471154035892,-0.6563735208531,0.481400206927577,0.836214109405644,0.00123896865792033,0.577024511324853,"LUAD",0.127672431506852,"Benchmark infiltration","Stroma score
xCell","Protective"
"microenvironment score_XCELL","DFI",334,93,0.769404276362473,-0.378186246706191,0.619853102428818,0.955037472854856,0.0174471094417873,0.566035784465819,"LUAD",0.340954607376935,"Benchmark infiltration","Microenv score
xCell","Protective"
"Macrophage_EPIC","DFI",334,93,0.709852923324924,-0.494407955861691,0.513717472265034,0.980872171879287,0.0378000103176427,0.541369324645775,"LUAD",0.458203383781449,"Benchmark infiltration","Macrophage
EPIC","Protective"
"Macrophage M1_QUANTISEQ","DFI",334,93,0.881325233441097,-0.182253583022368,0.700898618520053,1.10819760030356,0.279732434867652,0.490847036922122,"LUAD",0.686495457558148,"Benchmark infiltration","M1 macrophage
quanTIseq","Protective"
"Macrophage M2_QUANTISEQ","DFI",334,93,0.875096003147027,-0.192486797180637,0.708831964132125,1.08035903214596,0.214598306476299,0.518823042713828,"LUAD",0.641150404646577,"Benchmark infiltration","M2 macrophage
quanTIseq","Protective"
"Monocyte_QUANTISEQ","DFI",334,93,1.1497863260756,0.201365778601728,1.02440108228028,1.2905185463956,0.0178276918889901,0.5121780949426,"LUAD",0.340954607376935,"Benchmark infiltration","Monocyte
quanTIseq","Adverse"
"Macrophage M0_CIBERSORT","DFI",334,93,1.04934892568834,0.0694944773981763,0.858609099636693,1.28246156290354,0.63791382494098,0.52370979418761,"LUAD",0.852581874881247,"Benchmark infiltration","M0 macrophage
CIBERSORT","Adverse"
"Macrophage M1_CIBERSORT","DFI",334,93,1.1426523367417,0.192386516102662,0.950740118900801,1.37330311060271,0.155173122188347,0.530070327851898,"LUAD",0.641150404646577,"Benchmark infiltration","M1 macrophage
CIBERSORT","Adverse"
"Macrophage M2_CIBERSORT","DFI",334,93,1.01383714569433,0.0198259285066452,0.826093868048976,1.24424813903677,0.895361970812051,0.504550625711035,"LUAD",0.966990928477015,"Benchmark infiltration","M2 macrophage
CIBERSORT","Adverse"
"MDR_injury","OS",542,243,1.14776739919346,0.198830302265793,1.01117156207249,1.30281551822051,0.0330224607180441,0.565046720996715,"LUSC",0.157227833988959,"MDRi","MDR injury","Adverse"
"MDR_resolution","OS",542,243,1.1715448545247,0.228412191214736,1.02923249636398,1.33353479511389,0.0165743217970549,0.550994865668245,"LUSC",0.105939129977295,"MDRi","MDR resolution","Adverse"
"MDR_apc_ifn","OS",542,243,1.05545545411777,0.0778656904998033,0.928279004860296,1.20005538183491,0.410000711069247,0.510474890130989,"LUSC",0.660623099142317,"MDRi","MDR APC/IFN","Adverse"
"MDR_axis","OS",542,243,0.938941289375528,-0.0908931437972897,0.829149378125911,1.06327130931081,0.320709421584783,0.500248894198632,"LUSC",0.574681622492965,"MDRi","MDR axis","Protective"
"Macrophage_TIMER","OS",542,243,1.15494826456849,0.207828228158946,1.02952828929046,1.29564724709903,0.014044337157017,0.54937349774573,"LUSC",0.100075756152585,"Benchmark infiltration","Macrophage
TIMER","Adverse"
"Macrophage/Monocyte_MCPCOUNTER","OS",542,243,1.08975284830269,0.124000974489609,0.963009333824885,1.23317732099964,0.173047810384842,0.535435422622349,"LUSC",0.436136757880496,"Benchmark infiltration","Mac/Mono
MCPcounter","Adverse"
"Monocyte_MCPCOUNTER","OS",542,243,1.08975284830269,0.124000974489609,0.963009333824885,1.23317732099964,0.173047810384842,0.535435422622349,"LUSC",0.436136757880496,"Benchmark infiltration","Monocyte
MCPcounter","Adverse"
"Myeloid dendritic cell_MCPCOUNTER","OS",542,243,1.14309028915096,0.19293936205265,1.0095431200322,1.2943037134556,0.0348754235666015,0.511982477848416,"LUSC",0.162017859918298,"Benchmark infiltration","myDC
MCPcounter","Adverse"
"Macrophage_XCELL","OS",542,243,1.09596485335022,0.132201533051749,0.976028443595194,1.23063929915259,0.121227283627466,0.550845529149066,"LUSC",0.351219232939389,"Benchmark infiltration","Macrophage
xCell","Adverse"
"Macrophage M1_XCELL","OS",542,243,1.03346990614676,0.0474963791988222,0.916752422333927,1.1650474227184,0.590277062034386,0.53722034958968,"LUSC",0.831754041957545,"Benchmark infiltration","M1 macrophage
xCell","Adverse"
"Macrophage M2_XCELL","OS",542,243,1.16075997721641,0.215069681523809,1.034565368457,1.30234760005254,0.0111283000149479,0.554273157827367,"LUSC",0.0851795803613294,"Benchmark infiltration","M2 macrophage
xCell","Adverse"
"Monocyte_XCELL","OS",542,243,1.2033453411936,0.267050732729809,1.07874465298655,1.34233806504938,0.000903149964747249,0.569498371520815,"LUSC",0.0169682720649483,"Benchmark infiltration","Monocyte
xCell","Adverse"
"Myeloid dendritic cell_XCELL","OS",542,243,1.1650073302852,0.22033903241847,1.02798286075343,1.32029640905053,0.0167452173189918,0.530613986431711,"LUSC",0.105939129977295,"Benchmark infiltration","myDC
xCell","Adverse"
"immune score_XCELL","OS",542,243,1.09027317408328,0.124689655661168,0.969420804196386,1.22619154548784,0.149342544398554,0.539090611710828,"LUSC",0.400832803147635,"Benchmark infiltration","Immune score
xCell","Adverse"
"stroma score_XCELL","OS",542,243,1.19501203597057,0.257025148873477,1.07345940467037,1.33032861783258,0.00113329632676314,0.574447810442178,"LUSC",0.0195178811831429,"Benchmark infiltration","Stroma score
xCell","Adverse"
"microenvironment score_XCELL","OS",542,243,1.14575383757732,0.196297117869756,1.02141675477415,1.28522647605621,0.0202587160511081,0.550297961912076,"LUSC",0.119622894777972,"Benchmark infiltration","Microenv score
xCell","Adverse"
"Macrophage_EPIC","OS",542,243,1.13942528246421,0.188306323328459,1.00875470861498,1.28702246763358,0.0357094787649866,0.547453456784856,"LUSC",0.162793212016851,"Benchmark infiltration","Macrophage
EPIC","Adverse"
"Macrophage M1_QUANTISEQ","OS",542,243,1.23083637641545,0.299638987148304,1.11488779224397,1.35884363973375,3.88302925289283e-05,0.57834478246647,"LUSC",0.00185190625907197,"Benchmark infiltration","M1 macrophage
quanTIseq","Adverse"
"Macrophage M2_QUANTISEQ","OS",542,243,1.02662292800842,0.0379063863455797,0.904799268530751,1.16484912507062,0.683505049809283,0.508121062138215,"LUSC",0.882574716553673,"Benchmark infiltration","M2 macrophage
quanTIseq","Adverse"
"Monocyte_QUANTISEQ","OS",542,243,0.870296735082929,-0.200420710888715,0.7413947691467,1.02161013081836,0.0894028227187863,0.510503335182262,"LUSC",0.290307071619854,"Benchmark infiltration","Monocyte
quanTIseq","Protective"
"Macrophage M0_CIBERSORT","OS",542,243,1.00175391293782,0.00252814507188641,0.880197523334806,1.14009739346257,0.978818331761092,0.500206226621724,"LUSC",0.99515486125352,"Benchmark infiltration","M0 macrophage
CIBERSORT","Adverse"
"Macrophage M1_CIBERSORT","OS",542,243,0.906682777885756,-0.141330213176384,0.79700709166634,1.03145087203162,0.136430458746937,0.531566895649329,"LUSC",0.382746083362448,"Benchmark infiltration","M1 macrophage
CIBERSORT","Protective"
"Macrophage M2_CIBERSORT","OS",542,243,1.06652951143614,0.0929238863662624,0.938207709072233,1.2124023153562,0.324738251987131,0.519321301076645,"LUSC",0.576898900378285,"Benchmark infiltration","M2 macrophage
CIBERSORT","Adverse"
"MDR_injury","DSS",480,98,1.1026793324943,0.141013305270898,0.899129330930367,1.35231013880054,0.34785732111752,0.556723221068625,"LUSC",0.600654533461184,"MDRi","MDR injury","Adverse"
"MDR_resolution","DSS",480,98,1.14491492575992,0.195240401165726,0.934868837352852,1.40215411494467,0.190642540734012,0.534565712838693,"LUSC",0.456747753841904,"MDRi","MDR resolution","Adverse"
"MDR_apc_ifn","DSS",480,98,1.09398274581877,0.1295899842749,0.893019644352546,1.3401701247198,0.38573357319473,0.509580484510847,"LUSC",0.628319559736457,"MDRi","MDR APC/IFN","Adverse"
"MDR_axis","DSS",480,98,0.925157064193526,-0.112229781693656,0.760662598881502,1.12522371243932,0.436095912857861,0.485354942179455,"LUSC",0.666901994396995,"MDRi","MDR axis","Protective"
"Macrophage_TIMER","DSS",480,98,1.10303388322815,0.141477108621421,0.922342076667431,1.31912419299513,0.282671452291372,0.547501477167215,"LUSC",0.552843826760336,"Benchmark infiltration","Macrophage
TIMER","Adverse"
"Macrophage/Monocyte_MCPCOUNTER","DSS",480,98,1.14207621690022,0.191658932727778,0.94476451874636,1.38059596791366,0.169811960226492,0.530471849413354,"LUSC",0.43377768035965,"Benchmark infiltration","Mac/Mono
MCPcounter","Adverse"
"Monocyte_MCPCOUNTER","DSS",480,98,1.14207621690022,0.191658932727778,0.94476451874636,1.38059596791366,0.169811960226492,0.530471849413354,"LUSC",0.43377768035965,"Benchmark infiltration","Monocyte
MCPcounter","Adverse"
"Myeloid dendritic cell_MCPCOUNTER","DSS",480,98,1.12637138389631,0.171682587067866,0.919231191521962,1.38018869046414,0.251084487893132,0.474086266565375,"LUSC",0.52925428173799,"Benchmark infiltration","myDC
MCPcounter","Adverse"
"Macrophage_XCELL","DSS",480,98,1.06963709719232,0.0971214070129482,0.891678930541439,1.28311153320096,0.468396627977112,0.517388368363299,"LUSC",0.694144487337214,"Benchmark infiltration","Macrophage
xCell","Adverse"
"Macrophage M1_XCELL","DSS",480,98,1.02489660721035,0.0354783762784522,0.847353644566971,1.23963950849363,0.799979765165552,0.500105511943952,"LUSC",0.914818663929301,"Benchmark infiltration","M1 macrophage
xCell","Adverse"
"Macrophage M2_XCELL","DSS",480,98,1.13582314751394,0.183738218586351,0.946206698675089,1.36343805664757,0.171743288795289,0.518105849582173,"LUSC",0.43377768035965,"Benchmark infiltration","M2 macrophage
xCell","Adverse"
"Monocyte_XCELL","DSS",480,98,1.20121728617436,0.264497141328538,1.0055215285834,1.43499957742022,0.0433157238282113,0.548007934498185,"LUSC",0.199252329609772,"Benchmark infiltration","Monocyte
xCell","Adverse"
"Myeloid dendritic cell_XCELL","DSS",480,98,1.10795073729983,0.14789373641127,0.902230096600778,1.36057846098036,0.327975593629803,0.511564109057145,"LUSC",0.591178577859363,"Benchmark infiltration","myDC
xCell","Adverse"
"immune score_XCELL","DSS",480,98,1.03843130074308,0.0544057753008423,0.840061348238726,1.28364382985102,0.727345875228013,0.501097324217101,"LUSC",0.87677961898555,"Benchmark infiltration","Immune score
xCell","Adverse"
"stroma score_XCELL","DSS",480,98,1.16920067093767,0.22552256213735,0.97701357324434,1.39919264824708,0.0879799267283579,0.549147463492867,"LUSC",0.304749746197625,"Benchmark infiltration","Stroma score
xCell","Adverse"
"microenvironment score_XCELL","DSS",480,98,1.09816483686002,0.135094622168045,0.89645334724369,1.34526354619988,0.365824057010605,0.506288511859542,"LUSC",0.619389118149555,"Benchmark infiltration","Microenv score
xCell","Adverse"
"Macrophage_EPIC","DSS",480,98,1.16923062959025,0.225559528114936,0.967055221454409,1.41367342302952,0.106502765754472,0.531864607073521,"LUSC",0.336072765329881,"Benchmark infiltration","Macrophage
EPIC","Adverse"
"Macrophage M1_QUANTISEQ","DSS",480,98,1.24847649474816,0.320168659688647,1.07110038956742,1.45522639438883,0.00453275455576698,0.578057736135731,"LUSC",0.0491694879936643,"Benchmark infiltration","M1 macrophage
quanTIseq","Adverse"
"Macrophage M2_QUANTISEQ","DSS",480,98,0.873353474031746,-0.195362418098883,0.704712255031535,1.08235139258248,0.21607149811755,0.552207309867477,"LUSC",0.489138233927526,"Benchmark infiltration","M2 macrophage
quanTIseq","Protective"
"Monocyte_QUANTISEQ","DSS",480,98,0.896823950346865,-0.157103287991498,0.715395606943494,1.12426354049346,0.345022488288673,0.526145859711319,"LUSC",0.597554008331286,"Benchmark infiltration","Monocyte
quanTIseq","Protective"
"Macrophage M0_CIBERSORT","DSS",480,98,1.02407204503856,0.0343172147164521,0.838842050685606,1.25020384060659,0.815242525767759,0.502405672322107,"LUSC",0.920951772723893,"Benchmark infiltration","M0 macrophage
CIBERSORT","Adverse"
"Macrophage M1_CIBERSORT","DSS",480,98,0.871994693180862,-0.197608739867901,0.709356610776236,1.07192170113636,0.193422339981275,0.549147463492867,"LUSC",0.458342140253739,"Benchmark infiltration","M1 macrophage
CIBERSORT","Protective"
"Macrophage M2_CIBERSORT","DSS",480,98,1.1007372950331,0.138470192447856,0.902300604274691,1.34281478582268,0.343982996610327,0.53030303030303,"LUSC",0.597554008331286,"Benchmark infiltration","M2 macrophage
CIBERSORT","Adverse"
"MDR_injury","PFI",543,161,1.06868245094129,0.0958332333114406,0.912948503687851,1.25098203933349,0.408455955924155,0.530032260803124,"LUSC",0.770722800348814,"MDRi","MDR injury","Adverse"
"MDR_resolution","PFI",543,161,1.09504536902263,0.130990643623736,0.935765755985787,1.28143646264838,0.257575432163362,0.510272518889549,"LUSC",0.645422560187679,"MDRi","MDR resolution","Adverse"
"MDR_apc_ifn","PFI",543,161,1.09263829527543,0.127815893255407,0.934590424819067,1.2774135199743,0.266407337398531,0.503735461414382,"LUSC",0.660268544847438,"MDRi","MDR APC/IFN","Adverse"
"MDR_axis","PFI",543,161,0.953963965770782,-0.0679933227714888,0.822116803251531,1.10695614587832,0.534589780963993,0.484378979539859,"LUSC",0.830224444645301,"MDRi","MDR axis","Protective"
"Macrophage_TIMER","PFI",543,161,1.1025451432129,0.140837727488955,0.952765015366721,1.27587156666794,0.190049054346313,0.525490279310638,"LUSC",0.563710328935819,"Benchmark infiltration","Macrophage
TIMER","Adverse"
"Macrophage/Monocyte_MCPCOUNTER","PFI",543,161,1.08249571957884,0.114361320236446,0.928981713705886,1.26137787818448,0.309684156204021,0.509550895661771,"LUSC",0.695024050894367,"Benchmark infiltration","Mac/Mono
MCPcounter","Adverse"
"Monocyte_MCPCOUNTER","PFI",543,161,1.08249571957884,0.114361320236446,0.928981713705886,1.26137787818448,0.309684156204021,0.509550895661771,"LUSC",0.695024050894367,"Benchmark infiltration","Monocyte
MCPcounter","Adverse"
"Myeloid dendritic cell_MCPCOUNTER","PFI",543,161,1.07484279241033,0.104125665214372,0.913785010901097,1.26428756722239,0.383532148962242,0.488793615756855,"LUSC",0.748593911147266,"Benchmark infiltration","myDC
MCPcounter","Adverse"
"Macrophage_XCELL","PFI",543,161,1.0517449117734,0.0727848385231175,0.907629402745373,1.21874341674624,0.502236622957465,0.497835130316665,"LUSC",0.824816496430961,"Benchmark infiltration","Macrophage
xCell","Adverse"
"Macrophage M1_XCELL","PFI",543,161,1.01800496278533,0.0257445945848615,0.875458477598681,1.18376157267693,0.816654341054896,0.491011545971644,"LUSC",0.940927827737162,"Benchmark infiltration","M1 macrophage
xCell","Adverse"
"Macrophage M2_XCELL","PFI",543,161,1.0927721349255,0.127992601297983,0.941154687204056,1.26881473907034,0.244364050819771,0.503385261906783,"LUSC",0.628234444085158,"Benchmark infiltration","M2 macrophage
xCell","Adverse"
"Monocyte_XCELL","PFI",543,161,1.05755575502345,0.0807337251659715,0.908384450166477,1.23122338210242,0.470692193358552,0.529554716020036,"LUSC",0.812817390650972,"Benchmark infiltration","Monocyte
xCell","Adverse"
"Myeloid dendritic cell_XCELL","PFI",543,161,1.04022728215365,0.0568987812621137,0.883219485875529,1.22514597542435,0.636619418500827,0.501814670175736,"LUSC",0.870272929143115,"Benchmark infiltration","myDC
xCell","Adverse"
"immune score_XCELL","PFI",543,161,0.96011539027628,-0.0587202901209846,0.814737826661615,1.1314333672496,0.627057252929844,0.508765599796248,"LUSC",0.862335026625775,"Benchmark infiltration","Immune score
xCell","Protective"
"stroma score_XCELL","PFI",543,161,1.05128667226305,0.0721561272050347,0.903889542902939,1.22271982893888,0.51639230206732,0.520385856184736,"LUSC",0.827942839850564,"Benchmark infiltration","Stroma score
xCell","Adverse"
"microenvironment score_XCELL","PFI",543,161,0.989320828542568,-0.0154896439851209,0.8439713279416,1.15970255076708,0.894643151894526,0.50706766278971,"LUSC",0.966158513566346,"Benchmark infiltration","Microenv score
xCell","Protective"
"Macrophage_EPIC","PFI",543,161,1.09830507023916,0.135278839580062,0.941586624614554,1.28110786175075,0.232586114540488,0.506982765939384,"LUSC",0.611648217245787,"Benchmark infiltration","Macrophage
EPIC","Adverse"
"Macrophage M1_QUANTISEQ","PFI",543,161,1.16922541000536,0.225553087737935,1.02566859906625,1.33287502478555,0.0193266724930573,0.546470413447661,"LUSC",0.175463177677985,"Benchmark infiltration","M1 macrophage
quanTIseq","Adverse"
"Macrophage M2_QUANTISEQ","PFI",543,161,0.959894624799716,-0.0590520563692239,0.817899870672803,1.12654094193883,0.61627041197853,0.525161304015621,"LUSC",0.862335026625775,"Benchmark infiltration","M2 macrophage
quanTIseq","Protective"
"Monocyte_QUANTISEQ","PFI",543,161,1.01868269240521,0.0267047390579269,0.896171035496243,1.15794238678033,0.777071906249163,0.489356057390271,"LUSC",0.929518304523738,"Benchmark infiltration","Monocyte
quanTIseq","Adverse"
"Macrophage M0_CIBERSORT","PFI",543,161,1.12002170582242,0.163526691728346,0.966264534278146,1.29824553940656,0.132461252657066,0.539084387469225,"LUSC",0.470442283921229,"Benchmark infiltration","M0 macrophage
CIBERSORT","Adverse"
"Macrophage M1_CIBERSORT","PFI",543,161,0.893348246606894,-0.162705415941589,0.763739461359402,1.04495201582894,0.158492188394242,0.545472875456321,"LUSC",0.510332715851442,"Benchmark infiltration","M1 macrophage
CIBERSORT","Protective"
"Macrophage M2_CIBERSORT","PFI",543,161,1.02127468366768,0.0303709479666465,0.872268970665347,1.19573436013084,0.793612325419321,0.5037142372018,"LUSC",0.935068057643139,"Benchmark infiltration","M2 macrophage
CIBERSORT","Adverse"
"MDR_injury","DFI",323,68,0.853672229199624,-0.228245847146299,0.676474345711021,1.07728590082848,0.182594232466505,0.540015243902439,"LUSC",0.641150404646577,"MDRi","MDR injury","Protective"
"MDR_resolution","DFI",323,68,1.04181081940998,0.059093324950416,0.81879892234608,1.32556327789224,0.738918770884451,0.49032012195122,"LUSC",0.895284586698668,"MDRi","MDR resolution","Adverse"
"MDR_apc_ifn","DFI",323,68,1.09171012375636,0.126589835620479,0.85452612269637,1.39472739645621,0.482627287332071,0.507850609756098,"LUSC",0.793189525598296,"MDRi","MDR APC/IFN","Adverse"
"MDR_axis","DFI",323,68,0.840470612534973,-0.250730719080016,0.658322230113424,1.07301685743349,0.163169620795445,0.516768292682927,"LUSC",0.641150404646577,"MDRi","MDR axis","Protective"
"Macrophage_TIMER","DFI",323,68,1.10755180965579,0.147374187525407,0.892406262563658,1.37456566872123,0.353937572722474,0.510746951219512,"LUSC",0.703278553591409,"Benchmark infiltration","Macrophage
TIMER","Adverse"
"Macrophage/Monocyte_MCPCOUNTER","DFI",323,68,1.04049448147591,0.057269313397656,0.812664226170986,1.33219690385883,0.752897277703019,0.505106707317073,"LUSC",0.895284586698668,"Benchmark infiltration","Mac/Mono
MCPcounter","Adverse"
"Monocyte_MCPCOUNTER","DFI",323,68,1.04049448147591,0.057269313397656,0.812664226170986,1.33219690385883,0.752897277703019,0.505106707317073,"LUSC",0.895284586698668,"Benchmark infiltration","Monocyte
MCPcounter","Adverse"
"Myeloid dendritic cell_MCPCOUNTER","DFI",323,68,1.13890593970391,0.187648602246914,0.905407427269185,1.4326221548735,0.26652558773053,0.499237804878049,"LUSC",0.686495457558148,"Benchmark infiltration","myDC
MCPcounter","Adverse"
"Macrophage_XCELL","DFI",323,68,1.03898080905673,0.0551690065670674,0.823955822631907,1.31012014471851,0.746523106109469,0.510213414634146,"LUSC",0.895284586698668,"Benchmark infiltration","Macrophage
xCell","Adverse"
"Macrophage M1_XCELL","DFI",323,68,0.950432232016306,-0.0733443317899511,0.747115362647702,1.20907890911815,0.678896005995241,0.507621951219512,"LUSC",0.865592407643933,"Benchmark infiltration","M1 macrophage
xCell","Protective"
"Macrophage M2_XCELL","DFI",323,68,1.13361541255168,0.180931278277454,0.899647171825296,1.42843099363876,0.287634818232841,0.511471036585366,"LUSC",0.686495457558148,"Benchmark infiltration","M2 macrophage
xCell","Adverse"
"Monocyte_XCELL","DFI",323,68,1.05711245233773,0.0801288542992807,0.839838845471912,1.33059662923731,0.63612731098391,0.530373475609756,"LUSC",0.852581874881247,"Benchmark infiltration","Monocyte
xCell","Adverse"
"Myeloid dendritic cell_XCELL","DFI",323,68,1.07792765981828,0.108260361463953,0.848474832877196,1.36943135468284,0.538905317119198,0.499504573170732,"LUSC",0.821785849028944,"Benchmark infiltration","myDC
xCell","Adverse"
"immune score_XCELL","DFI",323,68,0.990546224366611,-0.01370379406998,0.77042515479205,1.27355891289892,0.940947179431547,0.490701219512195,"LUSC",0.98453772858909,"Benchmark infiltration","Immune score
xCell","Protective"
"stroma score_XCELL","DFI",323,68,1.09113091898251,0.125824213334525,0.860854626997819,1.38300549828215,0.470835008252324,0.514519817073171,"LUSC",0.784022771767278,"Benchmark infiltration","Stroma score
xCell","Adverse"
"microenvironment score_XCELL","DFI",323,68,1.02193584204674,0.031304625564721,0.800206798830171,1.30510371417304,0.861958277031902,0.510365853658537,"LUSC",0.951054925859719,"Benchmark infiltration","Microenv score
xCell","Adverse"
"Macrophage_EPIC","DFI",323,68,1.05394484494746,0.0757993698187432,0.835838651038535,1.32896431005092,0.656945957960971,0.511356707317073,"LUSC",0.863247891242683,"Benchmark infiltration","Macrophage
EPIC","Adverse"
"Macrophage M1_QUANTISEQ","DFI",323,68,1.10987581756027,0.150398264492113,0.883649936328923,1.39401846790441,0.370050892162584,0.546341463414634,"LUSC",0.719717625011127,"Benchmark infiltration","M1 macrophage
quanTIseq","Adverse"
"Macrophage M2_QUANTISEQ","DFI",323,68,0.998662368291014,-0.00193108646245964,0.784172424130425,1.27182045064459,0.991342901091966,0.505564024390244,"LUSC",0.998706066251557,"Benchmark infiltration","M2 macrophage
quanTIseq","Protective"
"Monocyte_QUANTISEQ","DFI",323,68,0.909343866383495,-0.137102145334997,0.699742784701127,1.18172889440006,0.477155743193691,0.512538109756097,"LUSC",0.79066601489496,"Benchmark infiltration","Monocyte
quanTIseq","Protective"
"Macrophage M0_CIBERSORT","DFI",323,68,0.969224953856652,-0.0450965457091255,0.761944587254939,1.23289413284344,0.799022337222216,0.5,"LUSC",0.921787935826253,"Benchmark infiltration","M0 macrophage
CIBERSORT","Protective"
"Macrophage M1_CIBERSORT","DFI",323,68,0.886134999772911,-0.174401589485901,0.690688676944504,1.13688737637381,0.341682107408169,0.557126524390244,"LUSC",0.691894688264111,"Benchmark infiltration","M1 macrophage
CIBERSORT","Protective"
"Macrophage M2_CIBERSORT","DFI",323,68,1.12571644667304,0.170843477066995,0.884852645807281,1.43214525527472,0.335021748350817,0.530868902439024,"LUSC",0.686495457558148,"Benchmark infiltration","M2 macrophage
CIBERSORT","Adverse"
"MDR_injury","OS",85,73,1.33752242005896,0.419563074718857,1.03269587927793,1.73232629282034,0.0275410919735359,0.575978161965423,"MESO",0.142933413204509,"MDRi","MDR injury","Adverse"
"MDR_resolution","OS",85,73,1.15990121428518,0.214001940068679,0.900646613720186,1.4937832512833,0.250457877268728,0.538974825599029,"MESO",0.517612946355371,"MDRi","MDR resolution","Adverse"
"MDR_apc_ifn","OS",85,73,0.773734329455072,-0.370089809360323,0.600540715644965,0.996876309934022,0.0472377083612591,0.564755838641189,"MESO",0.193956153536296,"MDRi","MDR APC/IFN","Protective"
"MDR_axis","OS",85,73,1.137299925179,0.18561276742994,0.880880945744269,1.46836087902811,0.323652955077937,0.529875644525326,"MESO",0.576898900378285,"MDRi","MDR axis","Adverse"
"Macrophage_TIMER","OS",85,73,1.2958764218924,0.373928145673454,1.03691175451562,1.61951650514474,0.0226893502319608,0.590081892629663,"MESO",0.127885428580143,"Benchmark infiltration","Macrophage
TIMER","Adverse"
"Macrophage/Monocyte_MCPCOUNTER","OS",85,73,1.03111462982201,0.0442047271608545,0.799390890284762,1.33000937683222,0.813489734382969,0.484683045192599,"MESO",0.939001976292716,"Benchmark infiltration","Mac/Mono
MCPcounter","Adverse"
"Monocyte_MCPCOUNTER","OS",85,73,1.03111462982201,0.0442047271608545,0.799390890284762,1.33000937683222,0.813489734382969,0.484683045192599,"MESO",0.939001976292716,"Benchmark infiltration","Monocyte
MCPcounter","Adverse"
"Myeloid dendritic cell_MCPCOUNTER","OS",85,73,0.91300689116523,-0.131302345507675,0.731603726472956,1.1393894715844,0.420640223370478,0.54018804974219,"MESO",0.673691935287921,"Benchmark infiltration","myDC
MCPcounter","Protective"
"Macrophage_XCELL","OS",85,73,0.914313917549474,-0.129238514356145,0.724428783564443,1.15397118224845,0.450714839298961,0.516075219896876,"MESO",0.707639787729887,"Benchmark infiltration","Macrophage
xCell","Protective"
"Macrophage M1_XCELL","OS",85,73,0.932160158227368,-0.101350243409513,0.73572741675593,1.18103871188849,0.560676686828403,0.504246284501062,"MESO",0.800966695469147,"Benchmark infiltration","M1 macrophage
xCell","Protective"
"Macrophage M2_XCELL","OS",85,73,0.835518537767104,-0.25925625696837,0.653595367262012,1.0680786032448,0.151488592251151,0.56627236882014,"MESO",0.401303732289232,"Benchmark infiltration","M2 macrophage
xCell","Protective"
"Monocyte_XCELL","OS",85,73,0.980976534575634,-0.0277094679803173,0.784169304521016,1.22717754423685,0.866494203392335,0.502881407340006,"MESO",0.962771337102595,"Benchmark infiltration","Monocyte
xCell","Protective"
"Myeloid dendritic cell_XCELL","OS",85,73,0.994711000001703,-0.00765066413208595,0.79870643468567,1.23881557798365,0.962225610370058,0.52638762511374,"MESO",0.986098692741936,"Benchmark infiltration","myDC
xCell","Protective"
"immune score_XCELL","OS",85,73,0.935978100052456,-0.0954533207574677,0.734009682337752,1.1935196835383,0.593688309418831,0.561571125265393,"MESO",0.832775456650848,"Benchmark infiltration","Immune score
xCell","Protective"
"stroma score_XCELL","OS",85,73,1.05110333224429,0.0719045052548125,0.838144947512057,1.31817082276114,0.666131178689258,0.502123142250531,"MESO",0.875002819464703,"Benchmark infiltration","Stroma score
xCell","Adverse"
"microenvironment score_XCELL","OS",85,73,0.959521158452184,-0.0596134751707409,0.760714618478344,1.2102841606476,0.727224975125609,0.53927813163482,"MESO",0.899959051053648,"Benchmark infiltration","Microenv score
xCell","Protective"
"Macrophage_EPIC","OS",85,73,0.960557546821217,-0.0580560468199768,0.751433562425632,1.22788074274565,0.748036988240229,0.510767364270549,"MESO",0.905476369434401,"Benchmark infiltration","Macrophage
EPIC","Protective"
"Macrophage M1_QUANTISEQ","OS",85,73,1.04162531962123,0.0588364227867054,0.873744960630392,1.24176201908303,0.649248337302602,0.545344252350622,"MESO",0.865383373182854,"Benchmark infiltration","M1 macrophage
quanTIseq","Adverse"
"Macrophage M2_QUANTISEQ","OS",85,73,0.797340175572146,-0.326732730890427,0.621679236211755,1.0226356592757,0.0744762541787383,0.588413709432818,"MESO",0.25796244464144,"Benchmark infiltration","M2 macrophage
quanTIseq","Protective"
"Monocyte_QUANTISEQ","OS",85,73,0.917630781265971,-0.124014308552212,0.733288294397702,1.14831541313287,0.452485096341811,0.48741279951471,"MESO",0.707639787729887,"Benchmark infiltration","Monocyte
quanTIseq","Protective"
"Macrophage M0_CIBERSORT","OS",85,73,0.955920757992077,-0.065037065373964,0.785296020274343,1.16361788671859,0.653153305204748,0.491507430997877,"MESO",0.865383373182854,"Benchmark infiltration","M0 macrophage
CIBERSORT","Protective"
"Macrophage M1_CIBERSORT","OS",85,73,1.08402799983375,0.116402021174815,0.848814499689038,1.38442110125837,0.51794399802744,0.497876857749469,"MESO",0.760960376248845,"Benchmark infiltration","M1 macrophage
CIBERSORT","Adverse"
"Macrophage M2_CIBERSORT","OS",85,73,1.08545890228833,0.118305103578808,0.862768162622161,1.36562877445094,0.483943213716246,0.547164088565362,"MESO",0.733605849643209,"Benchmark infiltration","M2 macrophage
CIBERSORT","Adverse"
"MDR_injury","DSS",65,43,1.34824405322548,0.431081670487802,0.977323931152049,1.85993811173245,0.068722994140601,0.573834196891192,"MESO",0.267496023402686,"MDRi","MDR injury","Adverse"
"MDR_resolution","DSS",65,43,1.28794141094696,0.365066966077683,0.93667890896901,1.77093031790144,0.119383034037924,0.55699481865285,"MESO",0.357527315478159,"MDRi","MDR resolution","Adverse"
"MDR_apc_ifn","DSS",65,43,0.749133612308629,-0.416705040256811,0.538657413720915,1.0418517499164,0.0861006677050016,0.582901554404145,"MESO",0.302421383504651,"MDRi","MDR APC/IFN","Protective"
"MDR_axis","DSS",65,43,1.02042930502009,0.0291762364325585,0.72624594395574,1.43377870156787,0.90721736255568,0.511658031088083,"MESO",0.969712880863481,"MDRi","MDR axis","Adverse"
"Macrophage_TIMER","DSS",65,43,1.38783299551078,0.472833972062907,1.05240635786514,1.83016798505055,0.0202424356718954,0.602331606217617,"MESO",0.129144828726743,"Benchmark infiltration","Macrophage
TIMER","Adverse"
"Macrophage/Monocyte_MCPCOUNTER","DSS",65,43,1.1197219253754,0.163140494164631,0.829670855987903,1.51117419771663,0.459752291957078,0.474740932642487,"MESO",0.688431166341978,"Benchmark infiltration","Mac/Mono
MCPcounter","Adverse"
"Monocyte_MCPCOUNTER","DSS",65,43,1.1197219253754,0.163140494164631,0.829670855987903,1.51117419771663,0.459752291957078,0.474740932642487,"MESO",0.688431166341978,"Benchmark infiltration","Monocyte
MCPcounter","Adverse"
"Myeloid dendritic cell_MCPCOUNTER","DSS",65,43,0.843034492502066,-0.246336435079835,0.62400118396823,1.13895161388732,0.26598479395675,0.575777202072539,"MESO",0.544274934253137,"Benchmark infiltration","myDC
MCPcounter","Protective"
"Macrophage_XCELL","DSS",65,43,0.902514386994235,-0.14797816468279,0.673465486505963,1.20946393698286,0.492261452163497,0.549546632124352,"MESO",0.702073131240254,"Benchmark infiltration","Macrophage
xCell","Protective"
"Macrophage M1_XCELL","DSS",65,43,0.950213536270374,-0.073676336074785,0.715838640732662,1.26132582559014,0.723792991398462,0.524611398963731,"MESO",0.87585749469136,"Benchmark infiltration","M1 macrophage
xCell","Protective"
"Macrophage M2_XCELL","DSS",65,43,0.815723978596715,-0.293847033469082,0.590974285873061,1.12594680540903,0.215495014439697,0.575453367875648,"MESO",0.489138233927526,"Benchmark infiltration","M2 macrophage
xCell","Protective"
"Monocyte_XCELL","DSS",65,43,0.892282215149635,-0.16442801029969,0.644901928333604,1.23455600998062,0.491453035444292,0.514572538860104,"MESO",0.702073131240254,"Benchmark infiltration","Monocyte
xCell","Protective"
"Myeloid dendritic cell_XCELL","DSS",65,43,0.929644702696374,-0.105248651351714,0.697605662124166,1.23886504966126,0.618521040227798,0.515867875647668,"MESO",0.804637099843855,"Benchmark infiltration","myDC
xCell","Protective"
"immune score_XCELL","DSS",65,43,0.779214621641635,-0.359907345634509,0.533289157411705,1.13854823062036,0.197277388097524,0.616580310880829,"MESO",0.464895484246215,"Benchmark infiltration","Immune score
xCell","Protective"
"stroma score_XCELL","DSS",65,43,1.13091485689519,0.177490317339309,0.858156791795216,1.4903668254734,0.38229908778026,0.527849740932642,"MESO",0.628319559736457,"Benchmark infiltration","Stroma score
xCell","Adverse"
"microenvironment score_XCELL","DSS",65,43,0.856139658590248,-0.22408193807288,0.618097169783194,1.18585741990718,0.350083500086092,0.562823834196891,"MESO",0.60179888626559,"Benchmark infiltration","Microenv score
xCell","Protective"
"Macrophage_EPIC","DSS",65,43,1.02940984527675,0.0418174856598316,0.771903241730713,1.37282054571601,0.843560689783303,0.477979274611399,"MESO",0.941529568215797,"Benchmark infiltration","Macrophage
EPIC","Adverse"
"Macrophage M1_QUANTISEQ","DSS",65,43,0.939135250900537,-0.0905951502648128,0.708982418415252,1.2440012566961,0.661533141541892,0.450129533678757,"MESO",0.83234476233389,"Benchmark infiltration","M1 macrophage
quanTIseq","Protective"
"Macrophage M2_QUANTISEQ","DSS",65,43,0.859284589211745,-0.218792073596882,0.629429859109014,1.17307749953584,0.339641604344143,0.579663212435233,"MESO",0.597554008331286,"Benchmark infiltration","M2 macrophage
quanTIseq","Protective"
"Monocyte_QUANTISEQ","DSS",65,43,0.920315342498939,-0.119799815121782,0.690689090846676,1.22628305682471,0.570692445348234,0.487046632124352,"MESO",0.766701299241202,"Benchmark infiltration","Monocyte
quanTIseq","Protective"
"Macrophage M0_CIBERSORT","DSS",65,43,0.909062274827846,-0.137548966025855,0.692614351679375,1.19315202971383,0.491982384134944,0.54630829015544,"MESO",0.702073131240254,"Benchmark infiltration","M0 macrophage
CIBERSORT","Protective"
"Macrophage M1_CIBERSORT","DSS",65,43,1.19758919066763,0.260133104931992,0.900623919457476,1.59247366033527,0.214937275156964,0.51360103626943,"MESO",0.489138233927526,"Benchmark infiltration","M1 macrophage
CIBERSORT","Adverse"
"Macrophage M2_CIBERSORT","DSS",65,43,1.23151869720888,0.300438531341348,0.913522391000904,1.6602092258662,0.171791113818668,0.564766839378238,"MESO",0.43377768035965,"Benchmark infiltration","M2 macrophage
CIBERSORT","Adverse"
"MDR_injury","PFI",83,59,1.1953479831516,0.257430668821425,0.911836405528452,1.56701003838129,0.196427526413785,0.563096111518709,"MESO",0.563710328935819,"MDRi","MDR injury","Adverse"
"MDR_resolution","PFI",83,59,1.02240613738004,0.0319684017468983,0.775983871002136,1.34708252170554,0.874865825882184,0.517241379310345,"MESO",0.962911428167451,"MDRi","MDR resolution","Adverse"
"MDR_apc_ifn","PFI",83,59,0.789174440718274,-0.341583863162076,0.604003205298016,1.03111422658049,0.0826720314469777,0.588774761555393,"MESO",0.364068821523365,"MDRi","MDR APC/IFN","Protective"
"MDR_axis","PFI",83,59,1.19682818881139,0.259216060434677,0.897911538870016,1.59525482358337,0.220389085132061,0.551724137931034,"MESO",0.597459204514922,"MDRi","MDR axis","Adverse"
"Macrophage_TIMER","PFI",83,59,1.12142529294046,0.165333514232239,0.874297000257649,1.43840672823535,0.366901412397748,0.550807043286867,"MESO",0.74098066810109,"Benchmark infiltration","Macrophage
TIMER","Adverse"
"Macrophage/Monocyte_MCPCOUNTER","PFI",83,59,1.04597107931285,0.0648429621883405,0.810018113829495,1.35065559656012,0.730404134293569,0.499633162142333,"MESO",0.91470918852047,"Benchmark infiltration","Mac/Mono
MCPcounter","Adverse"
"Monocyte_MCPCOUNTER","PFI",83,59,1.04597107931285,0.0648429621883405,0.810018113829495,1.35065559656012,0.730404134293569,0.499633162142333,"MESO",0.91470918852047,"Benchmark infiltration","Monocyte
MCPcounter","Adverse"
"Myeloid dendritic cell_MCPCOUNTER","PFI",83,59,0.867842976239272,-0.204494063616245,0.671418223417355,1.12173218590118,0.278988048511216,0.555025678650037,"MESO",0.67344589542261,"Benchmark infiltration","myDC
MCPcounter","Protective"
"Macrophage_XCELL","PFI",83,59,0.928634541106519,-0.106817151096399,0.721203196148003,1.19572696785324,0.565936238318798,0.526045487894351,"MESO",0.844004476626952,"Benchmark infiltration","Macrophage
xCell","Protective"
"Macrophage M1_XCELL","PFI",83,59,1.01260663563806,0.018073843410084,0.794780091805947,1.29013321937683,0.919255113492894,0.512655906089508,"MESO",0.97291363010231,"Benchmark infiltration","M1 macrophage
xCell","Adverse"
"Macrophage M2_XCELL","PFI",83,59,0.771649088635683,-0.373983171201482,0.581322635499498,1.02428888818453,0.0728308768163275,0.590975788701394,"MESO",0.334536494176331,"Benchmark infiltration","M2 macrophage
xCell","Protective"
"Monocyte_XCELL","PFI",83,59,0.8845323931185,-0.177013116996298,0.665440427186638,1.1757589748248,0.398141136841402,0.522743947175349,"MESO",0.76199789801035,"Benchmark infiltration","Monocyte
xCell","Protective"
"Myeloid dendritic cell_XCELL","PFI",83,59,0.888692059407062,-0.170244497349112,0.672475184671219,1.17442783682686,0.406756772746591,0.556676449009538,"MESO",0.770722800348814,"Benchmark infiltration","myDC
xCell","Protective"
"immune score_XCELL","PFI",83,59,0.815225637892061,-0.294728671599878,0.596250633698521,1.11461993181302,0.200530715161994,0.58969185619956,"MESO",0.566252716174647,"Benchmark infiltration","Immune score
xCell","Protective"
"stroma score_XCELL","PFI",83,59,0.864317656697769,-0.210366461297581,0.661436910111776,1.12942746354037,0.285394939112413,0.518525311812179,"MESO",0.678609251520881,"Benchmark infiltration","Stroma score
xCell","Protective"
"microenvironment score_XCELL","PFI",83,59,0.771675510371313,-0.373933773288699,0.561787896921282,1.05997850179792,0.10952754764356,0.57960381511372,"MESO",0.433703909921915,"Benchmark infiltration","Microenv score
xCell","Protective"
"Macrophage_EPIC","PFI",83,59,1.07896675148038,0.109650408650374,0.846969862953825,1.37451083175506,0.538344645111364,0.513206162876009,"MESO",0.830224444645301,"Benchmark infiltration","Macrophage
EPIC","Adverse"
"Macrophage M1_QUANTISEQ","PFI",83,59,0.921593891679401,-0.117796940252363,0.720634340770407,1.17859398744832,0.51529853751995,0.485326485693324,"MESO",0.827942839850564,"Benchmark infiltration","M1 macrophage
quanTIseq","Protective"
"Macrophage M2_QUANTISEQ","PFI",83,59,0.717929855593603,-0.478085200603317,0.535565178599943,0.962391316963615,0.0266675897647521,0.596478356566398,"MESO",0.202423788477827,"Benchmark infiltration","M2 macrophage
quanTIseq","Protective"
"Monocyte_QUANTISEQ","PFI",83,59,1.07265043310885,0.101179991669681,0.868957481022271,1.32409119752904,0.513940802228649,0.579236977256053,"MESO",0.827942839850564,"Benchmark infiltration","Monocyte
quanTIseq","Adverse"
"Macrophage M0_CIBERSORT","PFI",83,59,1.01946173605555,0.0278076270083856,0.815364913637523,1.27464674270179,0.865711310975042,0.520542920029347,"MESO",0.95965440339501,"Benchmark infiltration","M0 macrophage
CIBERSORT","Adverse"
"Macrophage M1_CIBERSORT","PFI",83,59,1.08788620545522,0.121527656393956,0.819533565372635,1.44410973024836,0.559983415595301,0.484042553191489,"MESO",0.839813340905089,"Benchmark infiltration","M1 macrophage
CIBERSORT","Adverse"
"Macrophage M2_CIBERSORT","PFI",83,59,1.1543553152139,0.207087359682714,0.893714231838972,1.49100925809435,0.271613416048485,0.557226705796038,"MESO",0.663263813294402,"Benchmark infiltration","M2 macrophage
CIBERSORT","Adverse"
"MDR_injury","OS",304,185,0.963117386357281,-0.0542164480184186,0.802643204344007,1.1556755166971,0.686130666740113,0.491391486924986,"OV",0.882574716553673,"MDRi","MDR injury","Protective"
"MDR_resolution","OS",304,185,0.985770892362995,-0.0206757128471174,0.805870364792982,1.20583197333452,0.889135618826738,0.469135331170071,"OV",0.970535358578482,"MDRi","MDR resolution","Protective"
"MDR_apc_ifn","OS",304,185,0.879697669529099,-0.184920304788638,0.759172726111328,1.01935694362846,0.0882041863362233,0.52876503149456,"OV",0.290307071619854,"MDRi","MDR APC/IFN","Protective"
"MDR_axis","OS",304,185,0.970948335921571,-0.0425335628811232,0.814517005933034,1.15742294410287,0.742217432537606,0.54449322389769,"OV",0.903456805426228,"MDRi","MDR axis","Protective"
"Macrophage_TIMER","OS",304,185,1.07467524116608,0.10390075400555,0.938241444946708,1.23094847301376,0.29848856965806,0.52740981103264,"OV",0.554080578407176,"Benchmark infiltration","Macrophage
TIMER","Adverse"
"Macrophage/Monocyte_MCPCOUNTER","OS",304,185,1.08812144382441,0.121839582898523,0.938171392547079,1.26203835025922,0.264280587691472,0.515251002099637,"OV",0.531993390807508,"Benchmark infiltration","Mac/Mono
MCPcounter","Adverse"
"Monocyte_MCPCOUNTER","OS",304,185,1.08812144382441,0.121839582898523,0.938171392547079,1.26203835025922,0.264280587691472,0.515251002099637,"OV",0.531993390807508,"Benchmark infiltration","Monocyte
MCPcounter","Adverse"
"Myeloid dendritic cell_MCPCOUNTER","OS",304,185,1.02624330099267,0.0373728045549037,0.871301797166344,1.20873767993764,0.756401375979846,0.497384997136858,"OV",0.910619132247581,"Benchmark infiltration","myDC
MCPcounter","Adverse"
"Macrophage_XCELL","OS",304,185,1.05017237872135,0.0706261560008645,0.907301564865834,1.21554075043653,0.511741716482549,0.516625310173697,"OV",0.757231179520717,"Benchmark infiltration","Macrophage
xCell","Adverse"
"Macrophage M1_XCELL","OS",304,185,1.00962032318108,0.013812856496349,0.874361521019339,1.16580290014583,0.896199406810624,0.50685245275816,"OV",0.976526594415794,"Benchmark infiltration","M1 macrophage
xCell","Adverse"
"Macrophage M2_XCELL","OS",304,185,1.09960393084903,0.136983969299137,0.953486492293319,1.2681131977344,0.191817181565774,0.546306547050964,"OV",0.457410202195306,"Benchmark infiltration","M2 macrophage
xCell","Adverse"
"Monocyte_XCELL","OS",304,185,1.10330820700077,0.1418358612828,0.963677708545288,1.26317023714578,0.154432309849798,0.512731437297194,"OV",0.402302655911238,"Benchmark infiltration","Monocyte
xCell","Adverse"
"Myeloid dendritic cell_XCELL","OS",304,185,0.931190174592089,-0.102852259087526,0.793436567621406,1.09286006801567,0.382762635611595,0.53084558121779,"OV",0.643124211596718,"Benchmark infiltration","myDC
xCell","Protective"
"immune score_XCELL","OS",304,185,0.984242127518739,-0.0229148268833826,0.85364296476745,1.13482170598866,0.826900723368959,0.491658713494942,"OV",0.94371345921095,"Benchmark infiltration","Immune score
xCell","Protective"
"stroma score_XCELL","OS",304,185,1.29492314810441,0.372866478499717,1.11670095820142,1.50158907555463,0.000623928369830782,0.574575300629891,"OV",0.0128945196431695,"Benchmark infiltration","Stroma score
xCell","Adverse"
"microenvironment score_XCELL","OS",304,185,1.05218906253053,0.0733939584974746,0.910133073670054,1.21641752765292,0.491786106604941,0.529719412101546,"OV",0.739119175349357,"Benchmark infiltration","Microenv score
xCell","Adverse"
"Macrophage_EPIC","OS",304,185,1.08861189076138,0.122489699625749,0.956129953387013,1.23945060450102,0.199710017032298,0.51987020423745,"OV",0.460710483499242,"Benchmark infiltration","Macrophage
EPIC","Adverse"
"Macrophage M1_QUANTISEQ","OS",304,185,1.10470487223461,0.14366099746005,0.943417706730577,1.29356577265026,0.216225926529297,0.516854361519374,"OV",0.480502058953994,"Benchmark infiltration","M1 macrophage
quanTIseq","Adverse"
"Macrophage M2_QUANTISEQ","OS",304,185,1.071059432895,0.0990385371973123,0.9281808576441,1.23593187614868,0.347354356593108,0.520595533498759,"OV",0.603279588858592,"Benchmark infiltration","M2 macrophage
quanTIseq","Adverse"
"Monocyte_QUANTISEQ","OS",304,185,1.00092313079832,0.00133118189181732,0.859524589771946,1.16558284159494,0.990525745651675,0.470585989692689,"OV",0.997350514794122,"Benchmark infiltration","Monocyte
quanTIseq","Adverse"
"Macrophage M0_CIBERSORT","OS",304,185,0.979918566208919,-0.0292662324024116,0.843044528964159,1.1390150382457,0.791571314576812,0.520366482153083,"OV",0.932743195280587,"Benchmark infiltration","M0 macrophage
CIBERSORT","Protective"
"Macrophage M1_CIBERSORT","OS",304,185,0.805716469879931,-0.311655848517805,0.694395049627701,0.934884299915206,0.00440633750200588,0.543748807024241,"OV",0.0440633750200588,"Benchmark infiltration","M1 macrophage
CIBERSORT","Protective"
"Macrophage M2_CIBERSORT","OS",304,185,1.15572840729334,0.208802408663554,1.00143841821042,1.33378960416928,0.0477457380860844,0.555182286695934,"OV",0.194752352719555,"Benchmark infiltration","M2 macrophage
CIBERSORT","Adverse"
"MDR_injury","DSS",280,156,0.936830847911874,-0.0941395132873899,0.769418356782705,1.14066948086494,0.51592686524883,0.491474871998807,"OV",0.721795492744714,"MDRi","MDR injury","Protective"
"MDR_resolution","DSS",280,156,0.962067656538698,-0.0557897410992241,0.775559913718955,1.19342704462323,0.725057682561891,0.471541482328379,"OV",0.87585749469136,"MDRi","MDR resolution","Protective"
"MDR_apc_ifn","DSS",280,156,0.868587697145109,-0.203256576580293,0.738970227823333,1.02094043741666,0.087519930450583,0.530148630511508,"OV",0.304749746197625,"MDRi","MDR APC/IFN","Protective"
"MDR_axis","DSS",280,156,0.970730048861827,-0.0428579437491169,0.797697305025429,1.18129624085072,0.766787062391538,0.538996868320326,"OV",0.897968555753838,"MDRi","MDR axis","Protective"
"Macrophage_TIMER","DSS",280,156,1.08141104307824,0.112914994020862,0.935115099251352,1.25059454716089,0.291258007523408,0.530173485112094,"OV",0.560111552929631,"Benchmark infiltration","Macrophage
TIMER","Adverse"
"Macrophage/Monocyte_MCPCOUNTER","DSS",280,156,1.06080834523858,0.0851640300983582,0.902896833832644,1.24633768018773,0.472860193016431,0.507978326788288,"OV",0.695687884029295,"Benchmark infiltration","Mac/Mono
MCPcounter","Adverse"
"Monocyte_MCPCOUNTER","DSS",280,156,1.06080834523858,0.0851640300983582,0.902896833832644,1.24633768018773,0.472860193016431,0.507978326788288,"OV",0.695687884029295,"Benchmark infiltration","Monocyte
MCPcounter","Adverse"
"Myeloid dendritic cell_MCPCOUNTER","DSS",280,156,1.05334995345689,0.0749848212071748,0.889650739278775,1.24717046303713,0.546420728155612,0.505691703534324,"OV",0.741018676154426,"Benchmark infiltration","myDC
MCPcounter","Adverse"
"Macrophage_XCELL","DSS",280,156,1.02141899712666,0.03057479675113,0.871345248385629,1.19734028460496,0.793792979108906,0.513446338917334,"OV",0.912861925975241,"Benchmark infiltration","Macrophage
xCell","Adverse"
"Macrophage M1_XCELL","DSS",280,156,0.985744497251908,-0.0207143431272265,0.842526114745218,1.15330812523984,0.857739279249026,0.497265993935477,"OV",0.941529568215797,"Benchmark infiltration","M1 macrophage
xCell","Protective"
"Macrophage M2_XCELL","DSS",280,156,1.08868717292764,0.122589464706054,0.933935116684555,1.26908148041883,0.277373176384275,0.546478103096883,"OV",0.551867046439301,"Benchmark infiltration","M2 macrophage
xCell","Adverse"
"Monocyte_XCELL","DSS",280,156,1.08326210209189,0.115382354339231,0.934778736064855,1.25533106023405,0.287652890646263,0.510911169657504,"OV",0.555034940005373,"Benchmark infiltration","Monocyte
xCell","Adverse"
"Myeloid dendritic cell_XCELL","DSS",280,156,0.943349577977752,-0.0841356039896279,0.794915143626571,1.11950116110614,0.504360153773936,0.533156037182483,"OV",0.709063785868003,"Benchmark infiltration","myDC
xCell","Protective"
"immune score_XCELL","DSS",280,156,0.972058757219929,-0.0408845730441828,0.831545020232417,1.13631638034926,0.72202810836276,0.494805388477407,"OV",0.87585749469136,"Benchmark infiltration","Immune score
xCell","Protective"
"stroma score_XCELL","DSS",280,156,1.34280856879339,0.425253648371128,1.14987649838995,1.56811175369675,0.000195588865335959,0.596659541681165,"OV",0.00950489507565494,"Benchmark infiltration","Stroma score
xCell","Adverse"
"microenvironment score_XCELL","DSS",280,156,1.05187276759494,0.0729602097055529,0.898099542955785,1.23197515006676,0.530557855970065,0.531639906546702,"OV",0.729988638160958,"Benchmark infiltration","Microenv score
xCell","Adverse"
"Macrophage_EPIC","DSS",280,156,1.05814994909555,0.0815440844347571,0.92109735165745,1.2155949778339,0.424496863017124,0.510264950042253,"OV",0.654385244597443,"Benchmark infiltration","Macrophage
EPIC","Adverse"
"Macrophage M1_QUANTISEQ","DSS",280,156,1.11912621954508,0.162372758425649,0.942222012741215,1.32924457117015,0.199829918594236,0.517969876224089,"OV",0.466150214732383,"Benchmark infiltration","M1 macrophage
quanTIseq","Adverse"
"Macrophage M2_QUANTISEQ","DSS",280,156,1.02937872185521,0.0417738662161992,0.88105936609229,1.20266646469911,0.715289740993858,0.506039667942536,"OV",0.873230575523287,"Benchmark infiltration","M2 macrophage
quanTIseq","Adverse"
"Monocyte_QUANTISEQ","DSS",280,156,1.03922718113425,0.0555110702852282,0.882886061858225,1.22325312479751,0.643679532637988,0.474871998806979,"OV",0.822479402815206,"Benchmark infiltration","Monocyte
quanTIseq","Adverse"
"Macrophage M0_CIBERSORT","DSS",280,156,0.993267260786825,-0.00974613550911919,0.842719669123667,1.17070941559593,0.935795401853713,0.518964060247552,"OV",0.981618310549099,"Benchmark infiltration","M0 macrophage
CIBERSORT","Protective"
"Macrophage M1_CIBERSORT","DSS",280,156,0.795840222050974,-0.329449279686991,0.676264670713558,0.936558845172045,0.00597821726048624,0.54230253019834,"OV",0.0572912487463264,"Benchmark infiltration","M1 macrophage
CIBERSORT","Protective"
"Macrophage M2_CIBERSORT","DSS",280,156,1.15551978246939,0.208541958919509,0.988122010159515,1.35127641520966,0.0702467817979226,0.54317244121887,"OV",0.267496023402686,"Benchmark infiltration","M2 macrophage
CIBERSORT","Adverse"
"MDR_injury","PFI",304,212,0.963437911953513,-0.0537363987897935,0.817365861501933,1.13561460529282,0.657041681635527,0.467004590665646,"OV",0.885805678515502,"MDRi","MDR injury","Protective"
"MDR_resolution","PFI",304,212,0.964184673438121,-0.0526185978752043,0.80788537390368,1.15072275662192,0.686079095798085,0.473667431777608,"OV",0.899732978945623,"MDRi","MDR resolution","Protective"
"MDR_apc_ifn","PFI",304,212,0.90796207184928,-0.139296061575815,0.784061768578742,1.05144155340109,0.197103520572702,0.511062229023208,"OV",0.563710328935819,"MDRi","MDR APC/IFN","Protective"
"MDR_axis","PFI",304,212,1.00579043131376,0.00832973337338433,0.85377908505913,1.18486668205541,0.944940047991884,0.488810252486611,"OV",0.981928520281693,"MDRi","MDR axis","Adverse"
"Macrophage_TIMER","PFI",304,212,1.02445746518177,0.0348600858179566,0.89045842402209,1.17862111206287,0.735484601509928,0.513899515429737,"OV",0.91470918852047,"Benchmark infiltration","Macrophage
TIMER","Adverse"
"Macrophage/Monocyte_MCPCOUNTER","PFI",304,212,0.987527143643674,-0.0181076915589386,0.850376969544076,1.14679711981838,0.869319913263033,0.497800306044376,"OV",0.95965440339501,"Benchmark infiltration","Mac/Mono
MCPcounter","Protective"
"Monocyte_MCPCOUNTER","PFI",304,212,0.987527143643674,-0.0181076915589386,0.850376969544076,1.14679711981838,0.869319913263033,0.497800306044376,"OV",0.95965440339501,"Benchmark infiltration","Monocyte
MCPcounter","Protective"
"Myeloid dendritic cell_MCPCOUNTER","PFI",304,212,1.02712460404781,0.0386112106117133,0.870997901896853,1.21123707639573,0.750376827494662,0.498342259627646,"OV",0.9164827584264,"Benchmark infiltration","myDC
MCPcounter","Adverse"
"Macrophage_XCELL","PFI",304,212,1.03446177887811,0.0488803417260288,0.901419463461906,1.18714007777233,0.629542116680355,0.515174700331548,"OV",0.862335026625775,"Benchmark infiltration","Macrophage
xCell","Adverse"
"Macrophage M1_XCELL","PFI",304,212,1.02805659695252,0.0399196904998087,0.895956618720138,1.17963341578677,0.693342518688309,0.50913351185922,"OV",0.903049140597816,"Benchmark infiltration","M1 macrophage
xCell","Adverse"
"Macrophage M2_XCELL","PFI",304,212,1.04235212588107,0.0598427290992232,0.914841934145105,1.18763462165089,0.533246521393865,0.530317521040551,"OV",0.830224444645301,"Benchmark infiltration","M2 macrophage
xCell","Adverse"
"Monocyte_XCELL","PFI",304,212,1.01850637672271,0.02645501283932,0.888814856297237,1.16712185004017,0.791878639036287,0.516736801836266,"OV",0.935068057643139,"Benchmark infiltration","Monocyte
xCell","Adverse"
"Myeloid dendritic cell_XCELL","PFI",304,212,0.8921178851661,-0.164693733276217,0.772529201211931,1.03021907752442,0.120053951123055,0.533266386125988,"OV",0.454737416668129,"Benchmark infiltration","myDC
xCell","Protective"
"immune score_XCELL","PFI",304,212,0.931258163259821,-0.102746927936242,0.815648413094589,1.06325440314132,0.292314314240803,0.502773527161438,"OV",0.687288591681382,"Benchmark infiltration","Immune score
xCell","Protective"
"stroma score_XCELL","PFI",304,212,1.07111515382734,0.0991135901955801,0.910092441022959,1.2606276253311,0.408501374508248,0.540742157612854,"OV",0.770722800348814,"Benchmark infiltration","Stroma score
xCell","Adverse"
"microenvironment score_XCELL","PFI",304,212,0.947758120709863,-0.0774091819428748,0.825008115594625,1.08877165980856,0.448345168919687,0.497449630196378,"OV",0.792910774410919,"Benchmark infiltration","Microenv score
xCell","Protective"
"Macrophage_EPIC","PFI",304,212,1.07402280636642,0.103024628595577,0.921615599703775,1.25163353242498,0.360420129581353,0.516928079571538,"OV",0.740154708224617,"Benchmark infiltration","Macrophage
EPIC","Adverse"
"Macrophage M1_QUANTISEQ","PFI",304,212,1.05217094468938,0.073369116246631,0.914682289160303,1.21032593499198,0.476593639837596,0.526189109920939,"OV",0.812817390650972,"Benchmark infiltration","M1 macrophage
quanTIseq","Adverse"
"Macrophage M2_QUANTISEQ","PFI",304,212,0.962311761699331,-0.0554237329167912,0.825874943701503,1.12128831824637,0.622390376522528,0.51300688599847,"OV",0.862335026625775,"Benchmark infiltration","M2 macrophage
quanTIseq","Protective"
"Monocyte_QUANTISEQ","PFI",304,212,1.0287798369592,0.0409342726968171,0.900664361919944,1.17511916501018,0.675844716766934,0.49794376434583,"OV",0.898951756471848,"Benchmark infiltration","Monocyte
quanTIseq","Adverse"
"Macrophage M0_CIBERSORT","PFI",304,212,0.90138416105334,-0.149785995367221,0.780466258115842,1.04103591583742,0.157732841449528,0.543101249681204,"OV",0.510332715851442,"Benchmark infiltration","M0 macrophage
CIBERSORT","Protective"
"Macrophage M1_CIBERSORT","PFI",304,212,0.920200661730071,-0.119979600982232,0.805227656601266,1.05158988381315,0.221987745073759,0.524595128793675,"OV",0.597459204514922,"Benchmark infiltration","M1 macrophage
CIBERSORT","Protective"
"Macrophage M2_CIBERSORT","PFI",304,212,1.22109620934719,0.288176873773251,1.05858357666933,1.40855760975767,0.00612018572421995,0.546129813823004,"OV",0.0937068436441677,"Benchmark infiltration","M2 macrophage
CIBERSORT","Adverse"
"MDR_injury","DFI",148,101,1.04182321398068,0.0591104887953047,0.846515202330991,1.2821926956542,0.69888741567345,0.529727553348544,"OV",0.875198575764806,"MDRi","MDR injury","Adverse"
"MDR_resolution","DFI",148,101,1.04923145262459,0.0693329607763347,0.860998788819633,1.27861578375266,0.633796729361787,0.517648637766743,"OV",0.852581874881247,"MDRi","MDR resolution","Adverse"
"MDR_apc_ifn","DFI",148,101,0.938468259457373,-0.091620143329149,0.774387532289193,1.13731515202139,0.517188537596394,0.533753858542477,"OV",0.805826185925771,"MDRi","MDR APC/IFN","Protective"
"MDR_axis","DFI",148,101,0.97104759206015,-0.0423860895141948,0.789944411092425,1.19367060872273,0.780266586557477,0.51738021742048,"OV",0.912295823491438,"MDRi","MDR axis","Protective"
"Macrophage_TIMER","DFI",148,101,1.03113271944928,0.0442300372339243,0.856337931593232,1.24160643350307,0.746321046388654,0.517111797074218,"OV",0.895284586698668,"Benchmark infiltration","Macrophage
TIMER","Adverse"
"Macrophage/Monocyte_MCPCOUNTER","DFI",148,101,1.00369609968024,0.00532251445545835,0.815641393268997,1.23510879760008,0.972197252862158,0.495369749026976,"OV",0.99606816755297,"Benchmark infiltration","Mac/Mono
MCPcounter","Adverse"
"Monocyte_MCPCOUNTER","DFI",148,101,1.00369609968024,0.00532251445545835,0.815641393268997,1.23510879760008,0.972197252862158,0.495369749026976,"OV",0.99606816755297,"Benchmark infiltration","Monocyte
MCPcounter","Adverse"
"Myeloid dendritic cell_MCPCOUNTER","DFI",148,101,0.993069303050198,-0.0100336926644188,0.808298690890271,1.22007699848481,0.947208179476022,0.495906589719501,"OV",0.985869737821982,"Benchmark infiltration","myDC
MCPcounter","Protective"
"Macrophage_XCELL","DFI",148,101,1.05123309823283,0.0720826049591874,0.857140317256556,1.28927668500913,0.631398251568516,0.505771037444638,"OV",0.852581874881247,"Benchmark infiltration","Macrophage
xCell","Adverse"
"Macrophage M1_XCELL","DFI",148,101,1.03567603552952,0.0505727916084189,0.84309167402307,1.27225174155948,0.738415530574057,0.487988189504764,"OV",0.895284586698668,"Benchmark infiltration","M1 macrophage
xCell","Adverse"
"Macrophage M2_XCELL","DFI",148,101,1.05773252496858,0.0809748508094314,0.875662575942595,1.27765891236369,0.560328051761309,0.534156489061871,"OV",0.826979343274729,"Benchmark infiltration","M2 macrophage
xCell","Adverse"
"Monocyte_XCELL","DFI",148,101,1.02274768294868,0.0324502687808537,0.823329403004945,1.27046698339597,0.838932934556578,0.493222386256878,"OV",0.935019730823503,"Benchmark infiltration","Monocyte
xCell","Adverse"
"Myeloid dendritic cell_XCELL","DFI",148,101,0.851133439178519,-0.232542762095427,0.67970049854907,1.06580491383229,0.1601382487866,0.547980136894377,"OV",0.641150404646577,"Benchmark infiltration","myDC
xCell","Protective"
"immune score_XCELL","DFI",148,101,0.907003213455738,-0.140820432746084,0.740167637360048,1.1114439320168,0.346618448433709,0.530398604214199,"OV",0.694750514546168,"Benchmark infiltration","Immune score
xCell","Protective"
"stroma score_XCELL","DFI",148,101,0.852403176399439,-0.230392125690749,0.628780459413738,1.15555622675252,0.303639977713108,0.484700040263052,"OV",0.686495457558148,"Benchmark infiltration","Stroma score
xCell","Protective"
"microenvironment score_XCELL","DFI",148,101,0.881153494811826,-0.182534739856309,0.712196984827739,1.09019203669739,0.244058298857772,0.534290699235002,"OV",0.671853405069745,"Benchmark infiltration","Microenv score
xCell","Protective"
"Macrophage_EPIC","DFI",148,101,1.06593563453474,0.0921203250191387,0.855908858389939,1.32749972831026,0.568473095618724,0.498859213528385,"OV",0.830984556971319,"Benchmark infiltration","Macrophage
EPIC","Adverse"
"Macrophage M1_QUANTISEQ","DFI",148,101,0.880700756510526,-0.18327618974184,0.72074434205871,1.07615665813306,0.214143850946377,0.524157831163602,"OV",0.641150404646577,"Benchmark infiltration","M1 macrophage
quanTIseq","Protective"
"Macrophage M2_QUANTISEQ","DFI",148,101,0.928898881677462,-0.106406539014052,0.754126671497035,1.14417532888576,0.487980486418005,0.516239430948866,"OV",0.793189525598296,"Benchmark infiltration","M2 macrophage
quanTIseq","Protective"
"Monocyte_QUANTISEQ","DFI",148,101,1.05085678774253,0.0715660701643414,0.863591432670067,1.27872967073127,0.62032584279811,0.501073681385049,"OV",0.852581874881247,"Benchmark infiltration","Monocyte
quanTIseq","Adverse"
"Macrophage M0_CIBERSORT","DFI",148,101,0.899387601863326,-0.15298509842055,0.732708599301179,1.10398330135193,0.310579547513447,0.529928868608241,"OV",0.686495457558148,"Benchmark infiltration","M0 macrophage
CIBERSORT","Protective"
"Macrophage M1_CIBERSORT","DFI",148,101,0.8905595664224,-0.167215983495168,0.727910664968981,1.08955175341503,0.259981085493606,0.550261709837606,"OV",0.686495457558148,"Benchmark infiltration","M1 macrophage
CIBERSORT","Protective"
"Macrophage M2_CIBERSORT","DFI",148,101,1.3222871011634,0.403035455555859,1.07334993379668,1.62895913331683,0.00866208767602579,0.554824855724064,"OV",0.321859894425908,"Benchmark infiltration","M2 macrophage
CIBERSORT","Adverse"
"MDR_injury","OS",182,95,1.41549512905259,0.501306784705496,1.12492720849064,1.78111654269608,0.00303516650569269,0.551387618176273,"PAAD",0.0342146042459903,"MDRi","MDR injury","Adverse"
"MDR_resolution","OS",182,95,1.05625461085818,0.078957639191468,0.866660713218692,1.28732476959254,0.587680112778299,0.484497306089255,"PAAD",0.829981024880513,"MDRi","MDR resolution","Adverse"
"MDR_apc_ifn","OS",182,95,1.27923094816257,0.355276747167732,1.04027881738382,1.5730704032332,0.0195812849259178,0.543560028463963,"PAAD",0.117867928680282,"MDRi","MDR APC/IFN","Adverse"
"MDR_axis","OS",182,95,1.34792599242403,0.430741287844784,1.11857456816212,1.62430340610871,0.0017039663098366,0.608518857375216,"PAAD",0.0245688165604346,"MDRi","MDR axis","Adverse"
"Macrophage_TIMER","OS",182,95,0.844736858031346,-0.243426094009073,0.661715557231809,1.07837929986387,0.175641642720531,0.555047270509302,"PAAD",0.439104106801327,"Benchmark infiltration","Macrophage
TIMER","Protective"
"Macrophage/Monocyte_MCPCOUNTER","OS",182,95,1.03684993890395,0.0522071110608912,0.846472633428116,1.27004436215648,0.72662351500848,0.48907187150554,"PAAD",0.899959051053648,"Benchmark infiltration","Mac/Mono
MCPcounter","Adverse"
"Monocyte_MCPCOUNTER","OS",182,95,1.03684993890395,0.0522071110608912,0.846472633428116,1.27004436215648,0.72662351500848,0.48907187150554,"PAAD",0.899959051053648,"Benchmark infiltration","Monocyte
MCPcounter","Adverse"
"Myeloid dendritic cell_MCPCOUNTER","OS",182,95,0.999222625608297,-0.00112195032407189,0.812149058997991,1.22938744367862,0.99413325506898,0.535020839686896,"PAAD",0.997350514794122,"Benchmark infiltration","myDC
MCPcounter","Protective"
"Macrophage_XCELL","OS",182,95,1.04920059199002,0.0692905267269995,0.861654416465429,1.27756773620202,0.632643411756117,0.496950289722476,"PAAD",0.862095496188368,"Benchmark infiltration","Macrophage
xCell","Adverse"
"Macrophage M1_XCELL","OS",182,95,1.07336972175471,0.102147097406182,0.881174687545948,1.3074848561395,0.481841889821455,0.496238690657721,"PAAD",0.73221071492476,"Benchmark infiltration","M1 macrophage
xCell","Adverse"
"Macrophage M2_XCELL","OS",182,95,0.837914982749286,-0.255124223502348,0.665166629589835,1.05552727254023,0.133301925855641,0.58198637796076,"PAAD",0.377384447627843,"Benchmark infiltration","M2 macrophage
xCell","Protective"
"Monocyte_XCELL","OS",182,95,1.03048572320715,0.043324517297433,0.83595129086091,1.27029031158043,0.778458292824252,0.490495069635051,"PAAD",0.926768844698467,"Benchmark infiltration","Monocyte
xCell","Adverse"
"Myeloid dendritic cell_XCELL","OS",182,95,1.01144522527998,0.016418192998862,0.819076235003313,1.24899417175438,0.915795809217597,0.48576801870489,"PAAD",0.978954140887776,"Benchmark infiltration","myDC
xCell","Adverse"
"immune score_XCELL","OS",182,95,0.95844676358164,-0.0612297945012285,0.754031309408422,1.21827858758389,0.728763778688625,0.534105926603639,"PAAD",0.900066818300693,"Benchmark infiltration","Immune score
xCell","Protective"
"stroma score_XCELL","OS",182,95,0.857457755562773,-0.221862499218682,0.681895916055487,1.07821998235127,0.188289819743664,0.540662803700315,"PAAD",0.452479411787098,"Benchmark infiltration","Stroma score
xCell","Protective"
"microenvironment score_XCELL","OS",182,95,0.917113329862207,-0.124828072814354,0.717145342288143,1.1728401625357,0.490508408858668,0.549354477991257,"PAAD",0.739119175349357,"Benchmark infiltration","Microenv score
xCell","Protective"
"Macrophage_EPIC","OS",182,95,0.988000580023889,-0.0174162061165359,0.775365537791368,1.25894832637016,0.922225545635852,0.513876181762733,"PAAD",0.980326773639811,"Benchmark infiltration","Macrophage
EPIC","Protective"
"Macrophage M1_QUANTISEQ","OS",182,95,1.32185789108489,0.402567085433182,1.10594835848883,1.57991851139498,0.00216416216955564,0.562874860221612,"PAAD",0.0268356109024899,"Benchmark infiltration","M1 macrophage
quanTIseq","Adverse"
"Macrophage M2_QUANTISEQ","OS",182,95,0.763411082430295,-0.389467964593815,0.596403707454031,0.977184537073513,0.0320975602576805,0.599522212056521,"PAAD",0.154267343874124,"Benchmark infiltration","M2 macrophage
quanTIseq","Protective"
"Monocyte_QUANTISEQ","OS",182,95,0.70420843876905,-0.505925579277751,0.492778353671991,1.00635411750175,0.0542054563986414,0.541526888278947,"PAAD",0.20874150911278,"Benchmark infiltration","Monocyte
quanTIseq","Protective"
"Macrophage M0_CIBERSORT","OS",182,95,1.09686318617546,0.133383586875551,0.926237434222825,1.29892056262708,0.283840698510972,0.539544576598556,"PAAD",0.549801070305693,"Benchmark infiltration","M0 macrophage
CIBERSORT","Adverse"
"Macrophage M1_CIBERSORT","OS",182,95,1.38307930863505,0.467883885985106,1.16569598059217,1.64100108932575,0.000201343129401961,0.61543153400427,"PAAD",0.00734310236642444,"Benchmark infiltration","M1 macrophage
CIBERSORT","Adverse"
"Macrophage M2_CIBERSORT","OS",182,95,0.98771493045389,-0.0178333767251132,0.803564322128636,1.21406682324724,0.906529768267979,0.501677340652638,"PAAD",0.978954140887776,"Benchmark infiltration","M2 macrophage
CIBERSORT","Protective"
"MDR_injury","DSS",176,74,1.50534170336991,0.59009100711918,1.14824812612175,1.97348777877678,0.00307093359030419,0.583481228668942,"PAAD",0.0382027165076728,"MDRi","MDR injury","Adverse"
"MDR_resolution","DSS",176,74,1.13430867202648,0.181813284905716,0.901691943991561,1.42693540960205,0.281823764054359,0.512764505119454,"PAAD",0.552843826760336,"MDRi","MDR resolution","Adverse"
"MDR_apc_ifn","DSS",176,74,1.28199483201033,0.358390446162506,1.01486767119837,1.61943354384372,0.0371821843136123,0.55221843003413,"PAAD",0.179661814960732,"MDRi","MDR APC/IFN","Adverse"
"MDR_axis","DSS",176,74,1.30453661941626,0.383537442360598,1.05335333754603,1.61561722048812,0.0148378253687228,0.599317406143345,"PAAD",0.105330241815008,"MDRi","MDR axis","Adverse"
"Macrophage_TIMER","DSS",176,74,0.902759418834374,-0.147586527445648,0.696334851781185,1.17037739272926,0.439950469059878,0.547167235494881,"PAAD",0.669619912316677,"Benchmark infiltration","Macrophage
TIMER","Protective"
"Macrophage/Monocyte_MCPCOUNTER","DSS",176,74,1.038002885411,0.0538104540641503,0.82464675805401,1.30655942025906,0.750707633432814,0.504573378839591,"PAAD",0.888182899637589,"Benchmark infiltration","Mac/Mono
MCPcounter","Adverse"
"Monocyte_MCPCOUNTER","DSS",176,74,1.038002885411,0.0538104540641503,0.82464675805401,1.30655942025906,0.750707633432814,0.504573378839591,"PAAD",0.888182899637589,"Benchmark infiltration","Monocyte
MCPcounter","Adverse"
"Myeloid dendritic cell_MCPCOUNTER","DSS",176,74,0.998716411581617,-0.00185301615536388,0.790406326546529,1.26192622359247,0.991413618448544,0.526962457337884,"PAAD",0.99941133857212,"Benchmark infiltration","myDC
MCPcounter","Protective"
"Macrophage_XCELL","DSS",176,74,1.05093937635811,0.0716794495569136,0.841468638852615,1.31255464765268,0.661333395789764,0.518088737201365,"PAAD",0.83234476233389,"Benchmark infiltration","Macrophage
xCell","Adverse"
"Macrophage M1_XCELL","DSS",176,74,1.09731265555589,0.13397464912583,0.879565454301981,1.36896584347858,0.410585562359849,0.52061433447099,"PAAD",0.640815799996991,"Benchmark infiltration","M1 macrophage
xCell","Adverse"
"Macrophage M2_XCELL","DSS",176,74,0.852761595990472,-0.229785626914174,0.658277642028543,1.10470460056227,0.227822289678194,0.578976109215017,"PAAD",0.496203850624855,"Benchmark infiltration","M2 macrophage
xCell","Protective"
"Monocyte_XCELL","DSS",176,74,1.06840387513753,0.0954571137995856,0.848459202972614,1.34536443992786,0.573695929609296,0.510853242320819,"PAAD",0.767712836380074,"Benchmark infiltration","Monocyte
xCell","Adverse"
"Myeloid dendritic cell_XCELL","DSS",176,74,1.03039250527508,0.0431940049298772,0.813534879228228,1.30505617157344,0.803882374811485,0.492150170648464,"PAAD",0.914818663929301,"Benchmark infiltration","myDC
xCell","Adverse"
"immune score_XCELL","DSS",176,74,0.98213533267257,-0.0260062614642705,0.756876874417113,1.27443424985961,0.892128492183332,0.527098976109215,"PAAD",0.964236622190631,"Benchmark infiltration","Immune score
xCell","Protective"
"stroma score_XCELL","DSS",176,74,0.922075010658488,-0.117043976441907,0.720187520537911,1.18055687030763,0.51992370178691,0.52962457337884,"PAAD",0.725621671183187,"Benchmark infiltration","Stroma score
xCell","Protective"
"microenvironment score_XCELL","DSS",176,74,0.95951967883167,-0.0596156998666779,0.737401719099097,1.248543351906,0.758388339350933,0.535290102389078,"PAAD",0.89176542970713,"Benchmark infiltration","Microenv score
xCell","Protective"
"Macrophage_EPIC","DSS",176,74,0.997610812978371,-0.00345099244458863,0.757178141328129,1.31438994319842,0.986435679063995,0.499658703071672,"PAAD",0.999002759217835,"Benchmark infiltration","Macrophage
EPIC","Protective"
"Macrophage M1_QUANTISEQ","DSS",176,74,1.28488716606091,0.361641672950871,1.04331911809006,1.58238740274433,0.0183215037027381,0.576382252559727,"PAAD",0.121090398035338,"Benchmark infiltration","M1 macrophage
quanTIseq","Adverse"
"Macrophage M2_QUANTISEQ","DSS",176,74,0.790964551153223,-0.338315056347895,0.600006657773261,1.04269663190544,0.0962340743293658,0.59296928327645,"PAAD",0.318014900801065,"Benchmark infiltration","M2 macrophage
quanTIseq","Protective"
"Monocyte_QUANTISEQ","DSS",176,74,0.712877083029351,-0.488274751726221,0.474996802466588,1.06988875055466,0.102291457344394,0.562525597269625,"PAAD",0.331087808100052,"Benchmark infiltration","Monocyte
quanTIseq","Protective"
"Macrophage M0_CIBERSORT","DSS",176,74,1.14626159515957,0.196936327665129,0.945517845456384,1.38962543208643,0.164635957390179,0.577679180887372,"PAAD",0.428351472847752,"Benchmark infiltration","M0 macrophage
CIBERSORT","Adverse"
"Macrophage M1_CIBERSORT","DSS",176,74,1.33124561622444,0.412776774569139,1.09235833697224,1.62237503091609,0.0045767694704603,0.599726962457338,"PAAD",0.0491694879936643,"Benchmark infiltration","M1 macrophage
CIBERSORT","Adverse"
"Macrophage M2_CIBERSORT","DSS",176,74,0.999387311849934,-0.000884193050681903,0.789629128626834,1.264865951467,0.995931613464084,0.515494880546075,"PAAD",0.99941133857212,"Benchmark infiltration","M2 macrophage
CIBERSORT","Protective"
"MDR_injury","PFI",182,107,1.33628125401703,0.418223691248343,1.08102411264586,1.65181106410925,0.007355573291238,0.536909542933639,"PAAD",0.0995705796442199,"MDRi","MDR injury","Adverse"
"MDR_resolution","PFI",182,107,1.03482871538137,0.0493919929229869,0.849503516560385,1.26058391672559,0.733834123531714,0.465002868617326,"PAAD",0.91470918852047,"MDRi","MDR resolution","Adverse"
"MDR_apc_ifn","PFI",182,107,1.19209202611037,0.253495612048709,0.976415703197891,1.45540817713367,0.0844235564354737,0.496557659208262,"PAAD",0.365835411220386,"MDRi","MDR APC/IFN","Adverse"
"MDR_axis","PFI",182,107,1.31520397894305,0.395286568786069,1.09610849240586,1.57809333493162,0.00320900729087887,0.606330082233697,"PAAD",0.0670001825277436,"MDRi","MDR axis","Adverse"
"Macrophage_TIMER","PFI",182,107,0.881606864091489,-0.181792638273891,0.712078696673908,1.09149545751564,0.247488903385377,0.543889845094664,"PAAD",0.630105009546154,"Benchmark infiltration","Macrophage
TIMER","Protective"
"Macrophage/Monocyte_MCPCOUNTER","PFI",182,107,0.987747036307826,-0.0177864824218669,0.809612997770796,1.20507478316338,0.903291144676561,0.535857716580608,"PAAD",0.969381887045737,"Benchmark infiltration","Mac/Mono
MCPcounter","Protective"
"Monocyte_MCPCOUNTER","PFI",182,107,0.987747036307826,-0.0177864824218669,0.809612997770796,1.20507478316338,0.903291144676561,0.535857716580608,"PAAD",0.969381887045737,"Benchmark infiltration","Monocyte
MCPcounter","Protective"
"Myeloid dendritic cell_MCPCOUNTER","PFI",182,107,0.964939230630592,-0.0514900068366877,0.790385088086624,1.17804312460398,0.725922329854674,0.548001529929241,"PAAD",0.91470918852047,"Benchmark infiltration","myDC
MCPcounter","Protective"
"Macrophage_XCELL","PFI",182,107,1.01334417664133,0.0191242606151219,0.840239868267986,1.22211104127875,0.889690047149125,0.48799961751769,"PAAD",0.965661108501431,"Benchmark infiltration","Macrophage
xCell","Adverse"
"Macrophage M1_XCELL","PFI",182,107,1.09863081502377,0.135706663069995,0.918238823683847,1.31446159385586,0.304005427378281,0.504589787722318,"PAAD",0.688289338049112,"Benchmark infiltration","M1 macrophage
xCell","Adverse"
"Macrophage M2_XCELL","PFI",182,107,0.874321174348883,-0.193764756208472,0.706173190264286,1.08250713345365,0.21777714036083,0.569659590743928,"PAAD",0.597459204514922,"Benchmark infiltration","M2 macrophage
xCell","Protective"
"Monocyte_XCELL","PFI",182,107,0.930382392287346,-0.104104301171782,0.757821234400858,1.14223692420375,0.490568261037114,0.531220118569516,"PAAD",0.818440972969624,"Benchmark infiltration","Monocyte
xCell","Protective"
"Myeloid dendritic cell_XCELL","PFI",182,107,0.953501247826816,-0.0686932683237601,0.78201347113416,1.16259458841384,0.637863322521441,0.52596098680436,"PAAD",0.870272929143115,"Benchmark infiltration","myDC
xCell","Protective"
"immune score_XCELL","PFI",182,107,0.994189575827991,-0.00840711832189307,0.815848839916925,1.21151476146695,0.953930322124189,0.515299292407726,"PAAD",0.986434683286425,"Benchmark infiltration","Immune score
xCell","Protective"
"stroma score_XCELL","PFI",182,107,0.925512613419426,-0.111675442777843,0.751324745993719,1.14008436720067,0.466846061651203,0.535379613692867,"PAAD",0.81226499110525,"Benchmark infiltration","Stroma score
xCell","Protective"
"microenvironment score_XCELL","PFI",182,107,0.973659710168634,-0.0385104501279088,0.792532268897265,1.19618250058731,0.799354261178242,0.530311723082807,"PAAD",0.935068057643139,"Benchmark infiltration","Microenv score
xCell","Protective"
"Macrophage_EPIC","PFI",182,107,0.964226645048557,-0.052555797751949,0.769554432804976,1.20814458781399,0.751542465182752,0.527825588066552,"PAAD",0.9164827584264,"Benchmark infiltration","Macrophage
EPIC","Protective"
"Macrophage M1_QUANTISEQ","PFI",182,107,1.16284760044627,0.217662033623442,0.971487522263953,1.39190109072369,0.100044940722379,0.528686173264487,"PAAD",0.403105053553915,"Benchmark infiltration","M1 macrophage
quanTIseq","Adverse"
"Macrophage M2_QUANTISEQ","PFI",182,107,0.777267402808135,-0.363517081405393,0.613685198206333,0.984453620901866,0.0366246950621974,0.604656722126602,"PAAD",0.240327760931943,"Benchmark infiltration","M2 macrophage
quanTIseq","Protective"
"Monocyte_QUANTISEQ","PFI",182,107,0.742138590670129,-0.430239466798603,0.551850015034318,0.998042353460105,0.0485037806793788,0.521036527060623,"PAAD",0.282135495128764,"Benchmark infiltration","Monocyte
quanTIseq","Protective"
"Macrophage M0_CIBERSORT","PFI",182,107,1.0693563015107,0.0967426283407482,0.907542163358222,1.26002178824311,0.423105919244783,0.538248231019315,"PAAD",0.771216873967342,"Benchmark infiltration","M0 macrophage
CIBERSORT","Adverse"
"Macrophage M1_CIBERSORT","PFI",182,107,1.16208928466361,0.216720916929148,0.965366592814157,1.39890018525837,0.112404126013825,0.53657487091222,"PAAD",0.435092375413065,"Benchmark infiltration","M1 macrophage
CIBERSORT","Adverse"
"Macrophage M2_CIBERSORT","PFI",182,107,0.983566918096462,-0.0239048836426814,0.810685518901191,1.19331585407496,0.866581219438632,0.540065021992733,"PAAD",0.95965440339501,"Benchmark infiltration","M2 macrophage
CIBERSORT","Protective"
"MDR_injury","DFI",72,24,2.12890420808441,1.09011103591951,1.19330103049026,3.79806353249982,0.010518297203461,0.649462365591398,"PAAD",0.321859894425908,"MDRi","MDR injury","Adverse"
"MDR_resolution","DFI",72,24,1.41591283288936,0.501732452264779,0.888097147403179,2.25742099972159,0.143930741095583,0.512903225806452,"PAAD",0.641150404646577,"MDRi","MDR resolution","Adverse"
"MDR_apc_ifn","DFI",72,24,1.55361084266497,0.635625174487401,0.989296209172286,2.43982199473465,0.055718347949193,0.539784946236559,"PAAD",0.554329554624311,"MDRi","MDR APC/IFN","Adverse"
"MDR_axis","DFI",72,24,1.33103365281179,0.412547047681754,0.912921642587339,1.94063816900695,0.137173650785742,0.627956989247312,"PAAD",0.641150404646577,"MDRi","MDR axis","Adverse"
"Macrophage_TIMER","DFI",72,24,1.06574280362246,0.0918593136051633,0.720351474868951,1.5767410258717,0.750023925971676,0.538709677419355,"PAAD",0.895284586698668,"Benchmark infiltration","Macrophage
TIMER","Adverse"
"Macrophage/Monocyte_MCPCOUNTER","DFI",72,24,1.1675226347407,0.223450519709342,0.789098304710495,1.7274262211626,0.438396694181211,0.480645161290323,"PAAD",0.759973182728537,"Benchmark infiltration","Mac/Mono
MCPcounter","Adverse"
"Monocyte_MCPCOUNTER","DFI",72,24,1.1675226347407,0.223450519709342,0.789098304710495,1.7274262211626,0.438396694181211,0.480645161290323,"PAAD",0.759973182728537,"Benchmark infiltration","Monocyte
MCPcounter","Adverse"
"Myeloid dendritic cell_MCPCOUNTER","DFI",72,24,0.872974257813497,-0.195988982467203,0.533053621351264,1.4296574008318,0.589356175285994,0.573118279569892,"PAAD",0.840107094584694,"Benchmark infiltration","myDC
MCPcounter","Protective"
"Macrophage_XCELL","DFI",72,24,1.22677947107243,0.294875929860871,0.846975852302875,1.77689584248806,0.279555756355847,0.549462365591398,"PAAD",0.686495457558148,"Benchmark infiltration","Macrophage
xCell","Adverse"
"Macrophage M1_XCELL","DFI",72,24,1.2387365183818,0.308869356124528,0.860749101700494,1.78271247561126,0.249057481655003,0.55,"PAAD",0.672455200468509,"Benchmark infiltration","M1 macrophage
xCell","Adverse"
"Macrophage M2_XCELL","DFI",72,24,1.05234772941469,0.073611496084119,0.680257674778718,1.627965085384,0.818708475251653,0.49247311827957,"PAAD",0.924221573914374,"Benchmark infiltration","M2 macrophage
xCell","Adverse"
"Monocyte_XCELL","DFI",72,24,0.891846596636393,-0.16513251624916,0.582914052107337,1.36450708137236,0.597817001228629,0.5,"PAAD",0.849529422798578,"Benchmark infiltration","Monocyte
xCell","Protective"
"Myeloid dendritic cell_XCELL","DFI",72,24,0.905003163713526,-0.144005259303855,0.568389139485723,1.44096828991586,0.674042753498416,0.508602150537634,"PAAD",0.865592407643933,"Benchmark infiltration","myDC
xCell","Protective"
"immune score_XCELL","DFI",72,24,0.714204019908052,-0.485591840709828,0.360554849973344,1.41472894371143,0.334474151247868,0.547311827956989,"PAAD",0.686495457558148,"Benchmark infiltration","Immune score
xCell","Protective"
"stroma score_XCELL","DFI",72,24,0.800286451593529,-0.321411609482588,0.494997226798982,1.29386261160661,0.363402772535723,0.54247311827957,"PAAD",0.712828515358533,"Benchmark infiltration","Stroma score
xCell","Protective"
"microenvironment score_XCELL","DFI",72,24,0.694878714161943,-0.525166906614948,0.370242606819384,1.30416223984429,0.257114697406768,0.567741935483871,"PAAD",0.686137477382015,"Benchmark infiltration","Microenv score
xCell","Protective"
"Macrophage_EPIC","DFI",72,24,1.20782543967872,0.272411965004636,0.826437729110692,1.76521744028424,0.329406653707646,0.545161290322581,"PAAD",0.686495457558148,"Benchmark infiltration","Macrophage
EPIC","Adverse"
"Macrophage M1_QUANTISEQ","DFI",72,24,1.46153156821888,0.547480990841512,0.994351039828121,2.14820967579977,0.053466253367368,0.578494623655914,"PAAD",0.554329554624311,"Benchmark infiltration","M1 macrophage
quanTIseq","Adverse"
"Macrophage M2_QUANTISEQ","DFI",72,24,0.964351562471998,-0.0523689059299127,0.611151888185564,1.52167399630093,0.876046475699384,0.587096774193548,"PAAD",0.954732249591688,"Benchmark infiltration","M2 macrophage
quanTIseq","Protective"
"Monocyte_QUANTISEQ","DFI",72,24,0.477806455959302,-1.06550174775376,0.147293915874329,1.54995546150849,0.218666449840033,0.547311827956989,"PAAD",0.641150404646577,"Benchmark infiltration","Monocyte
quanTIseq","Protective"
"Macrophage M0_CIBERSORT","DFI",72,24,1.23081366374494,0.299612364796158,0.908861553941225,1.66681302371297,0.179498627005786,0.632795698924731,"PAAD",0.641150404646577,"Benchmark infiltration","M0 macrophage
CIBERSORT","Adverse"
"Macrophage M1_CIBERSORT","DFI",72,24,1.47949688630958,0.565106660296308,1.04857823987653,2.08750377735997,0.0257461313998167,0.662365591397849,"PAAD",0.399887303769851,"Benchmark infiltration","M1 macrophage
CIBERSORT","Adverse"
"Macrophage M2_CIBERSORT","DFI",72,24,1.36192612844432,0.44564845297017,0.880540817132012,2.10648131608561,0.165067449794056,0.594623655913978,"PAAD",0.641150404646577,"Benchmark infiltration","M2 macrophage
CIBERSORT","Adverse"
"MDR_injury","PFI",184,22,1.03563643088517,0.0505176213480754,0.657431875285866,1.6314128616143,0.879955901623314,0.444394618834081,"PCPG",0.964587723032236,"MDRi","MDR injury","Adverse"
"MDR_resolution","PFI",184,22,0.980507412074929,-0.0283995584798051,0.626169396949552,1.53535894570608,0.931439120780556,0.515695067264574,"PCPG",0.977565756875331,"MDRi","MDR resolution","Protective"
"MDR_apc_ifn","PFI",184,22,1.04463389704252,0.0629974232031621,0.674786878915684,1.61719205418427,0.844739355369972,0.448430493273543,"PCPG",0.95965440339501,"MDRi","MDR APC/IFN","Adverse"
"MDR_axis","PFI",184,22,1.0829846782906,0.115012832317863,0.6823092270941,1.71895053861032,0.735206180673838,0.500448430493273,"PCPG",0.91470918852047,"MDRi","MDR axis","Adverse"
"Macrophage_TIMER","PFI",184,22,0.994738122165794,-0.00761132760299494,0.660499471448372,1.49811464575453,0.979853862122518,0.544394618834081,"PCPG",0.998145288522339,"Benchmark infiltration","Macrophage
TIMER","Protective"
"Macrophage/Monocyte_MCPCOUNTER","PFI",184,22,1.07677811861198,0.106720998111825,0.737621719865147,1.57187767862033,0.701529322561846,0.53542600896861,"PCPG",0.907171577579366,"Benchmark infiltration","Mac/Mono
MCPcounter","Adverse"
"Monocyte_MCPCOUNTER","PFI",184,22,1.07677811861198,0.106720998111825,0.737621719865147,1.57187767862033,0.701529322561846,0.53542600896861,"PCPG",0.907171577579366,"Benchmark infiltration","Monocyte
MCPcounter","Adverse"
"Myeloid dendritic cell_MCPCOUNTER","PFI",184,22,1.19305549793453,0.254661155130913,0.81047028416569,1.75624134402046,0.370912753912586,0.44170403587444,"PCPG",0.74098066810109,"Benchmark infiltration","myDC
MCPcounter","Adverse"
"Macrophage_XCELL","PFI",184,22,1.06309915999757,0.0882761697427081,0.740650167122961,1.52592934445381,0.740020567035702,0.427130044843049,"PCPG",0.9164827584264,"Benchmark infiltration","Macrophage
xCell","Adverse"
"Macrophage M1_XCELL","PFI",184,22,0.997477096750204,-0.00364437915061944,0.653173290100739,1.52327196108671,0.990669819647381,0.530044843049327,"PCPG",0.998145288522339,"Benchmark infiltration","M1 macrophage
xCell","Protective"
"Macrophage M2_XCELL","PFI",184,22,0.829455344060016,-0.26976378294959,0.511155879676978,1.34596156504058,0.449017484675064,0.600448430493274,"PCPG",0.792910774410919,"Benchmark infiltration","M2 macrophage
xCell","Protective"
"Monocyte_XCELL","PFI",184,22,0.999691226214942,-0.000445535196795092,0.661462578726432,1.51086785543534,0.998830627873467,0.49237668161435,"PCPG",0.998830627873467,"Benchmark infiltration","Monocyte
xCell","Protective"
"Myeloid dendritic cell_XCELL","PFI",184,22,1.11036685350601,0.151036406569643,0.785147885331328,1.57029595621282,0.553815946370042,0.516816143497758,"PCPG",0.837101782747822,"Benchmark infiltration","myDC
xCell","Adverse"
"immune score_XCELL","PFI",184,22,0.962297565644161,-0.0554450157590836,0.624748648053945,1.48222266303283,0.861572680028064,0.553363228699552,"PCPG",0.95965440339501,"Benchmark infiltration","Immune score
xCell","Protective"
"stroma score_XCELL","PFI",184,22,0.88255772205165,-0.180237456623236,0.558758627228332,1.39399750589391,0.592183419462593,0.544394618834081,"PCPG",0.862335026625775,"Benchmark infiltration","Stroma score
xCell","Protective"
"microenvironment score_XCELL","PFI",184,22,0.878576220993692,-0.186760642029331,0.546100955569775,1.41346790959228,0.593623701125193,0.561434977578475,"PCPG",0.862335026625775,"Benchmark infiltration","Microenv score
xCell","Protective"
"Macrophage_EPIC","PFI",184,22,0.996719555038442,-0.00474046134734268,0.640924954126057,1.5500252642693,0.988363242462502,0.569058295964125,"PCPG",0.998145288522339,"Benchmark infiltration","Macrophage
EPIC","Protective"
"Macrophage M1_QUANTISEQ","PFI",184,22,0.95850055628663,-0.0611488256942711,0.577794118832085,1.59005307679286,0.869631099549868,0.512556053811659,"PCPG",0.95965440339501,"Benchmark infiltration","M1 macrophage
quanTIseq","Protective"
"Macrophage M2_QUANTISEQ","PFI",184,22,0.998387487232151,-0.00232824183828874,0.602935189135591,1.65320849176307,0.994995939612949,0.583632286995516,"PCPG",0.998145288522339,"Benchmark infiltration","M2 macrophage
quanTIseq","Protective"
"Monocyte_QUANTISEQ","PFI",184,22,1.65842636469729,0.729814956868508,1.25828466155496,2.18581541296402,0.000329689655031234,0.676457399103139,"PCPG",0.0162254408797514,"Benchmark infiltration","Monocyte
quanTIseq","Adverse"
"Macrophage M0_CIBERSORT","PFI",184,22,1.22424855599083,0.291896494379459,1.00274032968084,1.49468858734612,0.046940463382156,0.535874439461883,"PCPG",0.282135495128764,"Benchmark infiltration","M0 macrophage
CIBERSORT","Adverse"
"Macrophage M1_CIBERSORT","PFI",184,22,1.23239651857142,0.301466511989376,0.897918102514374,1.69146960589608,0.195854216178007,0.547982062780269,"PCPG",0.563710328935819,"Benchmark infiltration","M1 macrophage
CIBERSORT","Adverse"
"Macrophage M2_CIBERSORT","PFI",184,22,0.779181816748598,-0.359968084295536,0.512186422361629,1.18535805918531,0.24377801946845,0.57085201793722,"PCPG",0.628234444085158,"Benchmark infiltration","M2 macrophage
CIBERSORT","Protective"
"MDR_injury","OS",548,10,0.903470816989258,-0.14645009353721,0.495925060749221,1.6459331898212,0.740117225935181,0.578947368421053,"PRAD",0.903456805426228,"MDRi","MDR injury","Protective"
"MDR_resolution","OS",548,10,0.911416798499608,-0.133817133489325,0.495489896865448,1.67648338713322,0.765478630881585,0.591057289240801,"PRAD",0.919761145632912,"MDRi","MDR resolution","Protective"
"MDR_apc_ifn","OS",548,10,0.820649162158781,-0.28516251136351,0.456446377589209,1.47545271562657,0.508998390340047,0.613414066138798,"PRAD",0.754973689021123,"MDRi","MDR APC/IFN","Protective"
"MDR_axis","OS",548,10,0.983233232373776,-0.0243944165948098,0.533369876501866,1.81252753827166,0.956788242200391,0.459711224965068,"PRAD",0.986098692741936,"MDRi","MDR axis","Protective"
"Macrophage_TIMER","OS",548,10,0.439117236236949,-1.18732193062211,0.137595153350508,1.40138618595947,0.16452835642164,0.700046576618538,"PRAD",0.418063856481217,"Benchmark infiltration","Macrophage
TIMER","Protective"
"Macrophage/Monocyte_MCPCOUNTER","OS",548,10,0.764800826568575,-0.386844012356174,0.374790865123894,1.5606578461474,0.461223656368727,0.663716814159292,"PRAD",0.712312808492496,"Benchmark infiltration","Mac/Mono
MCPcounter","Protective"
"Monocyte_MCPCOUNTER","OS",548,10,0.764800826568575,-0.386844012356174,0.374790865123894,1.5606578461474,0.461223656368727,0.663716814159292,"PRAD",0.712312808492496,"Benchmark infiltration","Monocyte
MCPcounter","Protective"
"Myeloid dendritic cell_MCPCOUNTER","OS",548,10,0.956097943814623,-0.0647696777087778,0.45960705307303,1.98892352076524,0.90438169741553,0.502561714019562,"PRAD",0.978954140887776,"Benchmark infiltration","myDC
MCPcounter","Protective"
"Macrophage_XCELL","OS",548,10,1.013384800344,0.0191820952985474,0.490500482262459,2.09367531879152,0.971351357208286,0.496972519795063,"PRAD",0.991535646306407,"Benchmark infiltration","Macrophage
xCell","Adverse"
"Macrophage M1_XCELL","OS",548,10,0.969691297345465,-0.0444025585900656,0.486784373563698,1.93165858070522,0.930249158042243,0.534699580810433,"PRAD",0.980326773639811,"Benchmark infiltration","M1 macrophage
xCell","Protective"
"Macrophage M2_XCELL","OS",548,10,1.09579991390131,0.131984395401765,0.535695140992001,2.24153134762904,0.802168246536481,0.380763856544015,"PRAD",0.936618291624516,"Benchmark infiltration","M2 macrophage
xCell","Adverse"
"Monocyte_XCELL","OS",548,10,1.20423064881207,0.268111740958583,0.755059220054964,1.92060624785533,0.435217551326108,0.71914299021891,"PRAD",0.689299242521323,"Benchmark infiltration","Monocyte
xCell","Adverse"
"Myeloid dendritic cell_XCELL","OS",548,10,1.12059535243927,0.164265414255141,0.646360088895406,1.94277766446636,0.685067494883345,0.493712156497438,"PRAD",0.882574716553673,"Benchmark infiltration","myDC
xCell","Adverse"
"immune score_XCELL","OS",548,10,0.914596768552366,-0.128792273054657,0.397058512265588,2.10671027872817,0.833905281138176,0.413134606427573,"PRAD",0.94371345921095,"Benchmark infiltration","Immune score
xCell","Protective"
"stroma score_XCELL","OS",548,10,0.47186348491444,-1.08355856183415,0.182602814626107,1.21934127275915,0.121008052818115,0.707964601769911,"PRAD",0.351219232939389,"Benchmark infiltration","Stroma score
xCell","Protective"
"microenvironment score_XCELL","OS",548,10,0.453730013697822,-1.14009399949046,0.140829357318464,1.46184665790017,0.1855459164787,0.655333022822543,"PRAD",0.449369016471853,"Benchmark infiltration","Microenv score
xCell","Protective"
"Macrophage_EPIC","OS",548,10,0.963062385979448,-0.0542988378072714,0.488137360015215,1.90005771994079,0.913553244346766,0.551001397298556,"PRAD",0.978954140887776,"Benchmark infiltration","Macrophage
EPIC","Protective"
"Macrophage M1_QUANTISEQ","OS",548,10,1.07613415643219,0.105857942908147,0.54258933194954,2.13433006225731,0.833657062272779,0.485328365160689,"PRAD",0.94371345921095,"Benchmark infiltration","M1 macrophage
quanTIseq","Adverse"
"Macrophage M2_QUANTISEQ","OS",548,10,0.73041463822124,-0.453212416260776,0.361818854504715,1.47451006791276,0.380762156837033,0.690265486725664,"PRAD",0.64150145988848,"Benchmark infiltration","M2 macrophage
quanTIseq","Protective"
"Monocyte_QUANTISEQ","OS",548,10,9.77637074739385e-77,-252.499164309091,0,Inf,0.996025689334406,0.52398695854681,"PRAD",0.997634777685512,"Benchmark infiltration","Monocyte
quanTIseq","Protective"
"Macrophage M0_CIBERSORT","OS",548,10,1.23344037920853,0.302687981792067,0.755936409534788,2.012570303365,0.400969878795288,0.737074988355845,"PRAD",0.655940171116302,"Benchmark infiltration","M0 macrophage
CIBERSORT","Adverse"
"Macrophage M1_CIBERSORT","OS",548,10,0.983958806429993,-0.0233301766837876,0.517078732137536,1.87239364641595,0.960709961124795,0.581741965533302,"PRAD",0.986098692741936,"Benchmark infiltration","M1 macrophage
CIBERSORT","Protective"
"Macrophage M2_CIBERSORT","OS",548,10,0.764288096684558,-0.387811533443355,0.378675378358074,1.54257796550308,0.453117735046396,0.579413134606428,"PRAD",0.707639787729887,"Benchmark infiltration","M2 macrophage
CIBERSORT","Protective"
"MDR_injury","PFI",548,94,1.10052331215437,0.138189705859443,0.894560590390283,1.35390668178979,0.364920844728641,0.541126366641241,"PRAD",0.74098066810109,"MDRi","MDR injury","Adverse"
"MDR_resolution","PFI",548,94,1.33676713713452,0.418748171967879,1.07705215827446,1.65910848903146,0.00845301354012348,0.594107551487414,"PRAD",0.109889176021605,"MDRi","MDR resolution","Adverse"
"MDR_apc_ifn","PFI",548,94,1.20391563762132,0.267734301192673,0.975631133594986,1.48561563135893,0.0836334728027137,0.568046020849225,"PRAD",0.3647054605131,"MDRi","MDR APC/IFN","Adverse"
"MDR_axis","PFI",548,94,0.726018714249749,-0.461921358501965,0.592093800957576,0.890235926450149,0.00208727605857234,0.591564963132469,"PRAD",0.0495908001502188,"MDRi","MDR axis","Protective"
"Macrophage_TIMER","PFI",548,94,1.06219901937051,0.0870541026379395,0.870401516677205,1.29626009965939,0.552591183403903,0.507437070938215,"PRAD",0.837101782747822,"Benchmark infiltration","Macrophage
TIMER","Adverse"
"Macrophage/Monocyte_MCPCOUNTER","PFI",548,94,1.02194649303576,0.0313196617816127,0.851215143522853,1.22692205675034,0.815944757092993,0.55301296720061,"PRAD",0.940927827737162,"Benchmark infiltration","Mac/Mono
MCPcounter","Adverse"
"Monocyte_MCPCOUNTER","PFI",548,94,1.02194649303576,0.0313196617816127,0.851215143522853,1.22692205675034,0.815944757092993,0.55301296720061,"PRAD",0.940927827737162,"Benchmark infiltration","Monocyte
MCPcounter","Adverse"
"Myeloid dendritic cell_MCPCOUNTER","PFI",548,94,1.05779061714043,0.0810540834933954,0.875522284825792,1.27800400869633,0.560390901032377,0.526347571828121,"PRAD",0.839813340905089,"Benchmark infiltration","myDC
MCPcounter","Adverse"
"Macrophage_XCELL","PFI",548,94,1.24450203583195,0.315568590368978,1.06304177168777,1.45693740212194,0.00652334392777787,0.569666920925502,"PRAD",0.0956294460901905,"Benchmark infiltration","Macrophage
xCell","Adverse"
"Macrophage M1_XCELL","PFI",548,94,1.30576460552218,0.384894840946675,1.12289434064359,1.51841642024596,0.000528926260633163,0.607519705059751,"PRAD",0.018836697562117,"Benchmark infiltration","M1 macrophage
xCell","Adverse"
"Macrophage M2_XCELL","PFI",548,94,1.2083431349839,0.273030197083915,1.00431877114018,1.453814440016,0.0448952145606571,0.585272056953979,"PRAD",0.273741617984891,"Benchmark infiltration","M2 macrophage
xCell","Adverse"
"Monocyte_XCELL","PFI",548,94,1.11036582880631,0.151035075180967,0.922510037170377,1.33647572828849,0.26827274815405,0.522199974574116,"PRAD",0.661467732391181,"Benchmark infiltration","Monocyte
xCell","Adverse"
"Myeloid dendritic cell_XCELL","PFI",548,94,1.20252483423677,0.266066688473713,1.02813613034633,1.40649271460683,0.0210505095364417,0.578820239003305,"PRAD",0.180979329770867,"Benchmark infiltration","myDC
xCell","Adverse"
"immune score_XCELL","PFI",548,94,1.15561027702024,0.208654939181491,1.01368232616957,1.31740988066847,0.0305239127939704,0.640732265446224,"PRAD",0.219072665781725,"Benchmark infiltration","Immune score
xCell","Adverse"
"stroma score_XCELL","PFI",548,94,0.925877193960978,-0.111107244180223,0.748371328139817,1.14548559794222,0.478211305755617,0.549199084668192,"PRAD",0.812817390650972,"Benchmark infiltration","Stroma score
xCell","Protective"
"microenvironment score_XCELL","PFI",548,94,1.122283267829,0.166436862678542,0.939337938643615,1.34085900444696,0.203841924790683,0.508454106280193,"PRAD",0.570923114556018,"Benchmark infiltration","Microenv score
xCell","Adverse"
"Macrophage_EPIC","PFI",548,94,1.28565859448558,0.362507587118333,1.12231214245274,1.47277923765691,0.000289646711002142,0.615624205441139,"PRAD",0.0153512756831135,"Benchmark infiltration","Macrophage
EPIC","Adverse"
"Macrophage M1_QUANTISEQ","PFI",548,94,1.02901946077856,0.0412702666859419,0.831178420648614,1.2739515660605,0.792866683477747,0.498363208746504,"PRAD",0.935068057643139,"Benchmark infiltration","M1 macrophage
quanTIseq","Adverse"
"Macrophage M2_QUANTISEQ","PFI",548,94,0.988060270587943,-0.0173290475852111,0.805304142175242,1.21229116700839,0.908359697926252,0.537248919399949,"PRAD",0.970325320730524,"Benchmark infiltration","M2 macrophage
quanTIseq","Protective"
"Monocyte_QUANTISEQ","PFI",548,94,0.939129500207656,-0.0906039844785162,0.675666713558755,1.30532435661208,0.70852032238351,0.50568904144419,"PRAD",0.909069836354262,"Benchmark infiltration","Monocyte
quanTIseq","Protective"
"Macrophage M0_CIBERSORT","PFI",548,94,1.1210801726364,0.164889454351228,0.924231062875748,1.35985556422206,0.245985692291592,0.527380498347318,"PRAD",0.630052572449468,"Benchmark infiltration","M0 macrophage
CIBERSORT","Adverse"
"Macrophage M1_CIBERSORT","PFI",548,94,1.06332068748433,0.0885767657027149,0.869595431657994,1.30020333970293,0.549630019140982,0.52745995423341,"PRAD",0.837101782747822,"Benchmark infiltration","M1 macrophage
CIBERSORT","Adverse"
"Macrophage M2_CIBERSORT","PFI",548,94,1.29815825004671,0.376466263646261,1.08282381540448,1.55631490385611,0.00480480822400116,0.592581998474447,"PRAD",0.080744216252117,"Benchmark infiltration","M2 macrophage
CIBERSORT","Adverse"
"MDR_injury","DFI",384,31,0.954542283599454,-0.0671189884178079,0.669955262890172,1.36001763348881,0.796741235011576,0.479978572385161,"PRAD",0.921787935826253,"MDRi","MDR injury","Protective"
"MDR_resolution","DFI",384,31,1.19868333706552,0.261450584203383,0.832761172200022,1.72539473563906,0.329470825405174,0.593143163251641,"PRAD",0.686495457558148,"MDRi","MDR resolution","Adverse"
"MDR_apc_ifn","DFI",384,31,1.33515869593968,0.41701122973174,0.930376410995348,1.91605109746518,0.116790117820888,0.588188027320209,"PRAD",0.623333303253342,"MDRi","MDR APC/IFN","Adverse"
"MDR_axis","DFI",384,31,0.688663561278893,-0.538128752042349,0.486692389277951,0.97445020937543,0.0351954952091698,0.640819606267577,"PRAD",0.448742563916915,"MDRi","MDR axis","Protective"
"Macrophage_TIMER","DFI",384,31,1.0201896954891,0.0288374338597887,0.710666451687369,1.464522508852,0.913709336458303,0.554774340431231,"PRAD",0.97331538004209,"Benchmark infiltration","Macrophage
TIMER","Adverse"
"Macrophage/Monocyte_MCPCOUNTER","DFI",384,31,1.06596176229677,0.0921556873144912,0.790345462662925,1.4376934294661,0.675586553518232,0.557653676175171,"PRAD",0.865592407643933,"Benchmark infiltration","Mac/Mono
MCPcounter","Adverse"
"Monocyte_MCPCOUNTER","DFI",384,31,1.06596176229677,0.0921556873144912,0.790345462662925,1.4376934294661,0.675586553518232,0.557653676175171,"PRAD",0.865592407643933,"Benchmark infiltration","Monocyte
MCPcounter","Adverse"
"Myeloid dendritic cell_MCPCOUNTER","DFI",384,31,0.769988688086213,-0.377090843575666,0.495608396145026,1.19627226736336,0.244932232712106,0.48654077942949,"PRAD",0.671853405069745,"Benchmark infiltration","myDC
MCPcounter","Protective"
"Macrophage_XCELL","DFI",384,31,1.05710725318381,0.0801217587324824,0.748334666163223,1.49328341350697,0.752684878872118,0.555912682469533,"PRAD",0.895284586698668,"Benchmark infiltration","Macrophage
xCell","Adverse"
"Macrophage M1_XCELL","DFI",384,31,1.16556192340071,0.221025653295581,0.883253217873238,1.5381031959926,0.278958029368868,0.604995312709254,"PRAD",0.686495457558148,"Benchmark infiltration","M1 macrophage
xCell","Adverse"
"Macrophage M2_XCELL","DFI",384,31,1.20305540280696,0.266703082675572,0.86857197134905,1.66634700400824,0.266042790642117,0.611557519753582,"PRAD",0.686495457558148,"Benchmark infiltration","M2 macrophage
xCell","Adverse"
"Monocyte_XCELL","DFI",384,31,0.964921972543439,-0.0515158098910324,0.616592732672965,1.51003144176037,0.87581537106879,0.537699209856703,"PRAD",0.954732249591688,"Benchmark infiltration","Monocyte
xCell","Protective"
"Myeloid dendritic cell_XCELL","DFI",384,31,1.02267424798234,0.0323466771842119,0.740295553653339,1.4127636081629,0.891823419819636,0.529864738181331,"PRAD",0.9654409190972,"Benchmark infiltration","myDC
xCell","Adverse"
"immune score_XCELL","DFI",384,31,1.12795507317922,0.173709605864062,0.894762835739175,1.42192164928228,0.308226140388989,0.609079951787867,"PRAD",0.686495457558148,"Benchmark infiltration","Immune score
xCell","Adverse"
"stroma score_XCELL","DFI",384,31,0.851619861888272,-0.231718497476722,0.574879231944495,1.26158043091844,0.423098551005364,0.601178518816124,"PRAD",0.751285662491406,"Benchmark infiltration","Stroma score
xCell","Protective"
"microenvironment score_XCELL","DFI",384,31,1.04567836526378,0.064439168798544,0.751625615185582,1.45477112739266,0.79090451233193,0.478237578679523,"PRAD",0.919051066228749,"Benchmark infiltration","Microenv score
xCell","Adverse"
"Macrophage_EPIC","DFI",384,31,1.21950760420676,0.286298754048147,0.919689532245856,1.61706613435778,0.16806748863432,0.611758403642695,"PRAD",0.641150404646577,"Benchmark infiltration","Macrophage
EPIC","Adverse"
"Macrophage M1_QUANTISEQ","DFI",384,31,0.736271024849463,-0.441691167964003,0.459011992373538,1.18100405008967,0.204119469234195,0.586179188429088,"PRAD",0.641150404646577,"Benchmark infiltration","M1 macrophage
quanTIseq","Protective"
"Macrophage M2_QUANTISEQ","DFI",384,31,0.974894334803051,-0.0366822359396604,0.685010890258845,1.38745088223626,0.887699117554732,0.530601312441409,"PRAD",0.96324797862322,"Benchmark infiltration","M2 macrophage
quanTIseq","Protective"
"Monocyte_QUANTISEQ","DFI",384,31,2.33457924365105e-77,-254.565300746883,0,Inf,0.991063938256025,0.526382750770055,"PRAD",0.998706066251557,"Benchmark infiltration","Monocyte
quanTIseq","Protective"
"Macrophage M0_CIBERSORT","DFI",384,31,0.988948162075159,-0.0160331940011665,0.677052479656634,1.44452386876692,0.954156499567966,0.497254586848801,"PRAD",0.990854826474426,"Benchmark infiltration","M0 macrophage
CIBERSORT","Protective"
"Macrophage M1_CIBERSORT","DFI",384,31,1.61330677618408,0.690020798318253,1.20324969484517,2.16310776161583,0.00139076722774348,0.631712869961162,"PRAD",0.127672431506852,"Benchmark infiltration","M1 macrophage
CIBERSORT","Adverse"
"Macrophage M2_CIBERSORT","DFI",384,31,1.00746827246551,0.0107344056242919,0.70416672720732,1.44140908794431,0.967523476913637,0.551091469130842,"PRAD",0.99606816755297,"Benchmark infiltration","M2 macrophage
CIBERSORT","Adverse"
"MDR_injury","OS",98,19,0.924287876409662,-0.113585835037203,0.57553152367457,1.48438103446258,0.744623270278714,0.427513227513228,"READ",0.903456805426228,"MDRi","MDR injury","Protective"
"MDR_resolution","OS",98,19,0.945793188634048,-0.0804033429830236,0.577299100258497,1.54949965324044,0.824884520116343,0.439153439153439,"READ",0.94371345921095,"MDRi","MDR resolution","Protective"
"MDR_apc_ifn","OS",98,19,0.803062172356302,-0.316416410659163,0.494503497158487,1.30415428075917,0.375324614216952,0.479365079365079,"READ",0.639289178061842,"MDRi","MDR APC/IFN","Protective"
"MDR_axis","OS",98,19,0.989284292549205,-0.015542924243907,0.633301527252904,1.54536720561824,0.962241466304631,0.554497354497354,"READ",0.986098692741936,"MDRi","MDR axis","Protective"
"Macrophage_TIMER","OS",98,19,1.23100619337115,0.299838020249149,0.834085620431783,1.81681138122685,0.295340057936908,0.635978835978836,"READ",0.554080578407176,"Benchmark infiltration","Macrophage
TIMER","Adverse"
"Macrophage/Monocyte_MCPCOUNTER","OS",98,19,1.24708213938087,0.318556491771255,0.816239264171099,1.90534066496068,0.307234733366948,0.576719576719577,"READ",0.560251572610317,"Benchmark infiltration","Mac/Mono
MCPcounter","Adverse"
"Monocyte_MCPCOUNTER","OS",98,19,1.24708213938087,0.318556491771255,0.816239264171099,1.90534066496068,0.307234733366948,0.576719576719577,"READ",0.560251572610317,"Benchmark infiltration","Monocyte
MCPcounter","Adverse"
"Myeloid dendritic cell_MCPCOUNTER","OS",98,19,1.28084791527177,0.357099183791257,0.878575788921936,1.86730775277692,0.198124391816245,0.564021164021164,"READ",0.460710483499242,"Benchmark infiltration","myDC
MCPcounter","Adverse"
"Macrophage_XCELL","OS",98,19,1.51227128321344,0.596716964850178,1.06759523206759,2.14216433844774,0.019904933476571,0.63015873015873,"READ",0.118664026494943,"Benchmark infiltration","Macrophage
xCell","Adverse"
"Macrophage M1_XCELL","OS",98,19,1.50054699050542,0.585488498481449,1.01577354053868,2.21667643510463,0.0414919778838854,0.662433862433862,"READ",0.178646015888951,"Benchmark infiltration","M1 macrophage
xCell","Adverse"
"Macrophage M2_XCELL","OS",98,19,1.57206320266848,0.652659220359518,1.11658994533932,2.21333061747502,0.00954862756385432,0.633333333333333,"READ",0.0758993473024318,"Benchmark infiltration","M2 macrophage
xCell","Adverse"
"Monocyte_XCELL","OS",98,19,1.32487761890338,0.405859101747199,0.922854110728472,1.90203487708963,0.127306815938017,0.626455026455026,"READ",0.364328809888445,"Benchmark infiltration","Monocyte
xCell","Adverse"
"Myeloid dendritic cell_XCELL","OS",98,19,1.4810288643584,0.566599758156082,1.07542851724441,2.03960231841633,0.0161575973634579,0.606878306878307,"READ",0.105876974525404,"Benchmark infiltration","myDC
xCell","Adverse"
"immune score_XCELL","OS",98,19,1.33038705984892,0.411846041279469,1.00532435453166,1.76055590520135,0.0458128302126091,0.570899470899471,"READ",0.189359698212118,"Benchmark infiltration","Immune score
xCell","Adverse"
"stroma score_XCELL","OS",98,19,1.34339796478934,0.425886748382984,0.931311348940132,1.93782465322041,0.114275223475782,0.646560846560847,"READ",0.344563030283337,"Benchmark infiltration","Stroma score
xCell","Adverse"
"microenvironment score_XCELL","OS",98,19,1.38588924377184,0.47081196610008,1.02616296763536,1.87171926543834,0.0333035108765903,0.615873015873016,"READ",0.157227833988959,"Benchmark infiltration","Microenv score
xCell","Adverse"
"Macrophage_EPIC","OS",98,19,1.12058128331452,0.164247301040697,0.918475829108068,1.36715890905286,0.261893188972299,0.619047619047619,"READ",0.53109532447646,"Benchmark infiltration","Macrophage
EPIC","Adverse"
"Macrophage M1_QUANTISEQ","OS",98,19,0.845057178794529,-0.242879133643487,0.531271067548562,1.34417565542828,0.477132197638883,0.467724867724868,"READ",0.727304704183236,"Benchmark infiltration","M1 macrophage
quanTIseq","Protective"
"Macrophage M2_QUANTISEQ","OS",98,19,1.42088204917253,0.506786797975022,0.912978850648374,2.21133906467487,0.119578388061974,0.661375661375661,"READ",0.349710380181244,"Benchmark infiltration","M2 macrophage
quanTIseq","Adverse"
"Macrophage M0_CIBERSORT","OS",98,19,1.27492520980962,0.35041261759274,0.844348609102717,1.92507487201932,0.24798961836414,0.6,"READ",0.514225964500892,"Benchmark infiltration","M0 macrophage
CIBERSORT","Adverse"
"Macrophage M1_CIBERSORT","OS",98,19,0.900641012663233,-0.150975919429845,0.568985911793778,1.42561391570104,0.655154733236138,0.511111111111111,"READ",0.865383373182854,"Benchmark infiltration","M1 macrophage
CIBERSORT","Protective"
"Macrophage M2_CIBERSORT","OS",98,19,1.49946889818372,0.584451598297713,0.905733624121449,2.48241526729365,0.115250794527937,0.631746031746032,"READ",0.344563030283337,"Benchmark infiltration","M2 macrophage
CIBERSORT","Adverse"
"MDR_injury","PFI",97,20,1.13414534238588,0.181605535609121,0.706772190088904,1.81994378909247,0.601888947611066,0.497061293031066,"READ",0.862335026625775,"MDRi","MDR injury","Adverse"
"MDR_resolution","PFI",97,20,1.06137539647593,0.0859350114337016,0.665679507282963,1.6922824270833,0.802391227486898,0.510495382031906,"READ",0.936718661385831,"MDRi","MDR resolution","Adverse"
"MDR_apc_ifn","PFI",97,20,0.97627232760459,-0.0346444564408725,0.624904546776749,1.52520518943669,0.915982714185996,0.540722082283795,"READ",0.97291363010231,"MDRi","MDR APC/IFN","Protective"
"MDR_axis","PFI",97,20,1.05193215980297,0.0730416667293418,0.678020612113597,1.63204665029025,0.821255117055042,0.482787573467674,"READ",0.944649041153463,"MDRi","MDR axis","Adverse"
"Macrophage_TIMER","PFI",97,20,1.28448034245597,0.361184811563529,0.87810041011447,1.87893062245663,0.197018130457833,0.52896725440806,"READ",0.563710328935819,"Benchmark infiltration","Macrophage
TIMER","Adverse"
"Macrophage/Monocyte_MCPCOUNTER","PFI",97,20,1.15101023367306,0.202900660580255,0.748256701971818,1.77054820161171,0.522121439051175,0.487825356842989,"READ",0.829884287826053,"Benchmark infiltration","Mac/Mono
MCPcounter","Adverse"
"Monocyte_MCPCOUNTER","PFI",97,20,1.15101023367306,0.202900660580255,0.748256701971818,1.77054820161171,0.522121439051175,0.487825356842989,"READ",0.829884287826053,"Benchmark infiltration","Monocyte
MCPcounter","Adverse"
"Myeloid dendritic cell_MCPCOUNTER","PFI",97,20,0.964351213016502,-0.0523694287245271,0.589376585820527,1.57789312371766,0.885112452962056,0.481108312342569,"READ",0.965661108501431,"Benchmark infiltration","myDC
MCPcounter","Protective"
"Macrophage_XCELL","PFI",97,20,1.12179632195265,0.165810757958176,0.715606850647385,1.75854519392602,0.61631826216309,0.509235936188077,"READ",0.862335026625775,"Benchmark infiltration","Macrophage
xCell","Adverse"
"Macrophage M1_XCELL","PFI",97,20,1.07417968300772,0.103235339786872,0.686812755241977,1.68002411513171,0.753838734845525,0.50335852225021,"READ",0.916989979532575,"Benchmark infiltration","M1 macrophage
xCell","Adverse"
"Macrophage M2_XCELL","PFI",97,20,1.14601996541333,0.196632178258776,0.734266881242529,1.78867084254637,0.548466243064956,0.526028547439127,"READ",0.837101782747822,"Benchmark infiltration","M2 macrophage
xCell","Adverse"
"Monocyte_XCELL","PFI",97,20,0.902700571389019,-0.147680574301378,0.54857166038747,1.48543641684023,0.687085483799206,0.484047019311503,"READ",0.899732978945623,"Benchmark infiltration","Monocyte
xCell","Protective"
"Myeloid dendritic cell_XCELL","PFI",97,20,1.14605980560515,0.196682331179197,0.735886761496797,1.78485759867749,0.546407814266522,0.561712846347607,"READ",0.836611075621409,"Benchmark infiltration","myDC
xCell","Adverse"
"immune score_XCELL","PFI",97,20,1.16489470133758,0.220199550824731,0.810173805179127,1.67492414162212,0.410055925104258,0.553316540722082,"READ",0.770722800348814,"Benchmark infiltration","Immune score
xCell","Adverse"
"stroma score_XCELL","PFI",97,20,1.02976714501072,0.0423181464208061,0.648978440369464,1.63398397694047,0.900900834446909,0.572208228379513,"READ",0.969381887045737,"Benchmark infiltration","Stroma score
xCell","Adverse"
"microenvironment score_XCELL","PFI",97,20,1.13966247527639,0.18860661619252,0.772655036141781,1.68099668907715,0.50971929182354,0.563392107472712,"READ",0.825932648892143,"Benchmark infiltration","Microenv score
xCell","Adverse"
"Macrophage_EPIC","PFI",97,20,0.855879861683998,-0.224519792556108,0.466791352988445,1.56928857603399,0.614874579148005,0.486985726280437,"READ",0.862335026625775,"Benchmark infiltration","Macrophage
EPIC","Protective"
"Macrophage M1_QUANTISEQ","PFI",97,20,0.753838646550103,-0.407672336291336,0.47815140428005,1.18847858637608,0.22377121259164,0.656591099916037,"READ",0.597590563859071,"Benchmark infiltration","M1 macrophage
quanTIseq","Protective"
"Macrophage M2_QUANTISEQ","PFI",97,20,1.47818055218381,0.563822498057338,0.960666711805137,2.27448054356821,0.0754928601494962,0.63392107472712,"READ",0.342201188440808,"Benchmark infiltration","M2 macrophage
quanTIseq","Adverse"
"Macrophage M0_CIBERSORT","PFI",97,20,1.34901434361518,0.431905688058212,0.8970237127405,2.02875316831892,0.150440445997204,0.621326616288833,"READ",0.50810523182389,"Benchmark infiltration","M0 macrophage
CIBERSORT","Adverse"
"Macrophage M1_CIBERSORT","PFI",97,20,1.18467269412628,0.244488520907649,0.78935069733472,1.77797954311972,0.41331329338147,0.505457598656591,"READ",0.771216873967342,"Benchmark infiltration","M1 macrophage
CIBERSORT","Adverse"
"Macrophage M2_CIBERSORT","PFI",97,20,1.10777972347377,0.147671037122125,0.682431646190177,1.79824004732283,0.678791038311116,0.500419815281276,"READ",0.899732978945623,"Benchmark infiltration","M2 macrophage
CIBERSORT","Adverse"
"MDR_injury","OS",264,99,0.99195096970336,-0.0116592822529892,0.817703928626725,1.20332884782386,0.934649071629431,0.475569823434992,"SARC",0.980511716430199,"MDRi","MDR injury","Protective"
"MDR_resolution","OS",264,99,0.90630577579434,-0.141930215922597,0.75659432099531,1.08564145466705,0.285541846191021,0.558138041733547,"SARC",0.549801070305693,"MDRi","MDR resolution","Protective"
"MDR_apc_ifn","OS",264,99,0.784744782909636,-0.349704562281519,0.649514647659357,0.948130079164691,0.0120073612188367,0.609309791332263,"SARC",0.089385147087504,"MDRi","MDR APC/IFN","Protective"
"MDR_axis","OS",264,99,1.16760230772276,0.223548967389007,0.951303798985317,1.43308073662025,0.138239662065363,0.564686998394864,"SARC",0.384343455069618,"MDRi","MDR axis","Adverse"
"Macrophage_TIMER","OS",264,99,0.884498887913605,-0.177067765880658,0.719740236518707,1.08697310922129,0.243211323276765,0.505842696629214,"SARC",0.509723968416553,"Benchmark infiltration","Macrophage
TIMER","Protective"
"Macrophage/Monocyte_MCPCOUNTER","OS",264,99,0.842682023550756,-0.246939745554272,0.681921768501251,1.04134084819774,0.11299433829572,0.555505617977528,"SARC",0.343414165408561,"Benchmark infiltration","Mac/Mono
MCPcounter","Protective"
"Monocyte_MCPCOUNTER","OS",264,99,0.842682023550756,-0.246939745554272,0.681921768501251,1.04134084819774,0.11299433829572,0.555505617977528,"SARC",0.343414165408561,"Benchmark infiltration","Monocyte
MCPcounter","Protective"
"Myeloid dendritic cell_MCPCOUNTER","OS",264,99,0.655108507249322,-0.61019421128233,0.487226462743838,0.880837124185662,0.00511164019642545,0.608603531300161,"SARC",0.0482213642661147,"Benchmark infiltration","myDC
MCPcounter","Protective"
"Macrophage_XCELL","OS",264,99,0.885440710867303,-0.175532387572971,0.71859194898797,1.09102983072013,0.253398046868956,0.513996789727127,"SARC",0.520221155823684,"Benchmark infiltration","Macrophage
xCell","Protective"
"Macrophage M1_XCELL","OS",264,99,0.888172243794226,-0.171088608434982,0.715682646480224,1.10223426336532,0.281737017497346,0.528218298555377,"SARC",0.549801070305693,"Benchmark infiltration","M1 macrophage
xCell","Protective"
"Macrophage M2_XCELL","OS",264,99,0.797357826808468,-0.326700793368628,0.644653936964501,0.986233803157138,0.0368192584695349,0.566998394863563,"SARC",0.165419856892113,"Benchmark infiltration","M2 macrophage
xCell","Protective"
"Monocyte_XCELL","OS",264,99,0.806707303094342,-0.309882778226154,0.647109876532674,1.00566641997912,0.0561684602580832,0.565040128410915,"SARC",0.212344179024461,"Benchmark infiltration","Monocyte
xCell","Protective"
"Myeloid dendritic cell_XCELL","OS",264,99,0.752822881468079,-0.409617616556766,0.579474379682578,0.978028210966548,0.0334743130428106,0.574895666131621,"SARC",0.157227833988959,"Benchmark infiltration","myDC
xCell","Protective"
"immune score_XCELL","OS",264,99,0.77782249013675,-0.362487145098948,0.602023251720352,1.00495757337221,0.0545891596928954,0.562118780096308,"SARC",0.208921475367871,"Benchmark infiltration","Immune score
xCell","Protective"
"stroma score_XCELL","OS",264,99,0.795149035844186,-0.330702802890432,0.64162190526163,0.985412100208962,0.0362402360576574,0.602504012841091,"SARC",0.164006907706187,"Benchmark infiltration","Stroma score
xCell","Protective"
"microenvironment score_XCELL","OS",264,99,0.718395857731695,-0.477149063359486,0.562672775182667,0.917216242137383,0.00797410392476204,0.608089887640449,"SARC",0.0677252662103077,"Benchmark infiltration","Microenv score
xCell","Protective"
"Macrophage_EPIC","OS",264,99,0.810535915088711,-0.303051981479646,0.638740276043164,1.02853772384364,0.0839102640166901,0.553643659711075,"SARC",0.28274110701276,"Benchmark infiltration","Macrophage
EPIC","Protective"
"Macrophage M1_QUANTISEQ","OS",264,99,0.689658356026628,-0.536046240431031,0.529878707397913,0.897617966898558,0.0057233875835633,0.596982343499197,"SARC",0.0514270766744785,"Benchmark infiltration","M1 macrophage
quanTIseq","Protective"
"Macrophage M2_QUANTISEQ","OS",264,99,0.844369922034314,-0.244052906662739,0.683418741651313,1.0432265341649,0.116934932182395,0.545361155698234,"SARC",0.346888315564999,"Benchmark infiltration","M2 macrophage
quanTIseq","Protective"
"Monocyte_QUANTISEQ","OS",264,99,0.855338824646198,-0.225432068098229,0.66296270483157,1.10353795110241,0.229340738241538,0.561476725521669,"SARC",0.495977826364025,"Benchmark infiltration","Monocyte
quanTIseq","Protective"
"Macrophage M0_CIBERSORT","OS",264,99,1.29708980167641,0.375278365440278,1.09891132848824,1.5310079257509,0.00210556648832059,0.561797752808989,"SARC",0.0268204766282485,"Benchmark infiltration","M0 macrophage
CIBERSORT","Adverse"
"Macrophage M1_CIBERSORT","OS",264,99,0.930114198042946,-0.104520235832541,0.763804788095351,1.13263550436538,0.471028829181914,0.579036918138042,"SARC",0.721081170599473,"Benchmark infiltration","M1 macrophage
CIBERSORT","Protective"
"Macrophage M2_CIBERSORT","OS",264,99,1.01810526052697,0.025886727415321,0.836955679735263,1.23846261708929,0.857548066453174,0.498170144462279,"SARC",0.959456600922302,"Benchmark infiltration","M2 macrophage
CIBERSORT","Adverse"
"MDR_injury","DSS",258,82,0.947548506046888,-0.0777282965723873,0.768202187283516,1.16876544505376,0.614779275120067,0.503112033195021,"SARC",0.801582955088523,"MDRi","MDR injury","Protective"
"MDR_resolution","DSS",258,82,0.920018944581203,-0.1202645261395,0.752965870274262,1.12413442866939,0.414845273956645,0.552266198531759,"SARC",0.644691979797488,"MDRi","MDR resolution","Protective"
"MDR_apc_ifn","DSS",258,82,0.800115414030609,-0.321719975837402,0.648875137330056,0.986606881569786,0.0369695971844131,0.603096074050431,"SARC",0.179661814960732,"MDRi","MDR APC/IFN","Protective"
"MDR_axis","DSS",258,82,1.08205245158694,0.11377043429437,0.862829625590376,1.35697416182735,0.494795351911906,0.535030322374721,"SARC",0.702073131240254,"MDRi","MDR axis","Adverse"
"Macrophage_TIMER","DSS",258,82,0.890762818653206,-0.166886755064466,0.711141732873134,1.11575282734329,0.314062756326186,0.504428662623683,"SARC",0.580273699808268,"Benchmark infiltration","Macrophage
TIMER","Protective"
"Macrophage/Monocyte_MCPCOUNTER","DSS",258,82,0.874489362380357,-0.193487260122307,0.695110753894137,1.10015798292896,0.252201170776016,0.544526013405682,"SARC",0.52925428173799,"Benchmark infiltration","Mac/Mono
MCPcounter","Protective"
"Monocyte_MCPCOUNTER","DSS",258,82,0.874489362380357,-0.193487260122307,0.695110753894137,1.10015798292896,0.252201170776016,0.544526013405682,"SARC",0.52925428173799,"Benchmark infiltration","Monocyte
MCPcounter","Protective"
"Myeloid dendritic cell_MCPCOUNTER","DSS",258,82,0.687945935160091,-0.539632905165322,0.500869452705854,0.944896134404965,0.0208877722984123,0.59782955633578,"SARC",0.129144828726743,"Benchmark infiltration","myDC
MCPcounter","Protective"
"Macrophage_XCELL","DSS",258,82,0.91753376612298,-0.124166843392769,0.732924114943604,1.14864307888218,0.452716944969683,0.508298755186722,"SARC",0.683234234534298,"Benchmark infiltration","Macrophage
xCell","Protective"
"Macrophage M1_XCELL","DSS",258,82,0.93391467444266,-0.0986373483588717,0.740949139228681,1.17713426328734,0.562613113899916,0.518313118416853,"SARC",0.757617190848833,"Benchmark infiltration","M1 macrophage
xCell","Protective"
"Macrophage M2_XCELL","DSS",258,82,0.837784559907994,-0.255348798829776,0.667219869740225,1.05195153899344,0.127533908859086,0.550430896903926,"SARC",0.370363624211992,"Benchmark infiltration","M2 macrophage
xCell","Protective"
"Monocyte_XCELL","DSS",258,82,0.828692405225414,-0.271091394619094,0.651905595558333,1.05342108912276,0.124817302288029,0.55529843600383,"SARC",0.365545888166579,"Benchmark infiltration","Monocyte
xCell","Protective"
"Myeloid dendritic cell_XCELL","DSS",258,82,0.765707153628939,-0.385135359117944,0.57379306323244,1.02180992188297,0.0697695780075597,0.567267794446218,"SARC",0.267496023402686,"Benchmark infiltration","myDC
xCell","Protective"
"immune score_XCELL","DSS",258,82,0.815166788089459,-0.294832821149465,0.619654677855824,1.07236645853046,0.144122933170374,0.553782317267794,"SARC",0.403032327495276,"Benchmark infiltration","Immune score
xCell","Protective"
"stroma score_XCELL","DSS",258,82,0.779557074151118,-0.35927344325297,0.615708990850982,0.987007240253429,0.038583879479676,0.597191190552186,"SARC",0.184881089173447,"Benchmark infiltration","Stroma score
xCell","Protective"
"microenvironment score_XCELL","DSS",258,82,0.736555635841304,-0.441133591322323,0.563585594147728,0.962611909039291,0.0251568883600843,0.595675071816151,"SARC",0.143219908980678,"Benchmark infiltration","Microenv score
xCell","Protective"
"Macrophage_EPIC","DSS",258,82,0.839637649884765,-0.252161235446182,0.651432046240358,1.0822178417116,0.177084749647272,0.540855410150016,"SARC",0.438895392444748,"Benchmark infiltration","Macrophage
EPIC","Protective"
"Macrophage M1_QUANTISEQ","DSS",258,82,0.736962695830524,-0.440336501214778,0.558502018729317,0.972447720567718,0.0309704427937057,0.57393073731248,"SARC",0.164888931540563,"Benchmark infiltration","M1 macrophage
quanTIseq","Protective"
"Macrophage M2_QUANTISEQ","DSS",258,82,0.870941831214968,-0.199351728095452,0.693025009272722,1.09453434322105,0.235940098372464,0.544047239067986,"SARC",0.510020889338973,"Benchmark infiltration","M2 macrophage
quanTIseq","Protective"
"Monocyte_QUANTISEQ","DSS",258,82,0.799417603329644,-0.322978753356468,0.592398862900128,1.07878077514314,0.143180225992802,0.569502074688797,"SARC",0.403032327495276,"Benchmark infiltration","Monocyte
quanTIseq","Protective"
"Macrophage M0_CIBERSORT","DSS",258,82,1.24902876280533,0.320806699907294,1.0347553137542,1.50767319537108,0.0205711206198507,0.54416693265241,"SARC",0.129144828726743,"Benchmark infiltration","M0 macrophage
CIBERSORT","Adverse"
"Macrophage M1_CIBERSORT","DSS",258,82,0.955536643542695,-0.0656168952129889,0.773778601739037,1.17998904996958,0.672655734158891,0.562360357484839,"SARC",0.835371592097975,"Benchmark infiltration","M1 macrophage
CIBERSORT","Protective"
"Macrophage M2_CIBERSORT","DSS",258,82,1.02322384996903,0.0331217970012982,0.825339320598132,1.26855345554926,0.834160064945447,0.496887966804979,"SARC",0.936800854186781,"Benchmark infiltration","M2 macrophage
CIBERSORT","Adverse"
"MDR_injury","PFI",264,141,1.08330567461441,0.115440383322064,0.914092642841101,1.28384271970973,0.355798672217081,0.55045871559633,"SARC",0.740154708224617,"MDRi","MDR injury","Adverse"
"MDR_resolution","PFI",264,141,0.977764556154883,-0.0324409861115533,0.837088732300453,1.14208146685412,0.776626150316337,0.511360713367058,"SARC",0.929518304523738,"MDRi","MDR resolution","Protective"
"MDR_apc_ifn","PFI",264,141,0.933254977721578,-0.0996567964058065,0.789667569542367,1.10295127599941,0.417718952210714,0.533396210237503,"SARC",0.771216873967342,"MDRi","MDR APC/IFN","Protective"
"MDR_axis","PFI",264,141,1.11814317515447,0.161104933136537,0.945745460287425,1.32196686385844,0.191193884228492,0.537897624967847,"SARC",0.563710328935819,"MDRi","MDR axis","Adverse"
"Macrophage_TIMER","PFI",264,141,0.87656739821272,-0.190063072551702,0.739035538016019,1.03969344379859,0.13029618833549,0.511725113607134,"SARC",0.470442283921229,"Benchmark infiltration","Macrophage
TIMER","Protective"
"Macrophage/Monocyte_MCPCOUNTER","PFI",264,141,0.896069075346328,-0.158318145173174,0.758755686096002,1.05823231707608,0.195995494829898,0.514190174054703,"SARC",0.563710328935819,"Benchmark infiltration","Mac/Mono
MCPcounter","Protective"
"Monocyte_MCPCOUNTER","PFI",264,141,0.896069075346328,-0.158318145173174,0.758755686096002,1.05823231707608,0.195995494829898,0.514190174054703,"SARC",0.563710328935819,"Benchmark infiltration","Monocyte
MCPcounter","Protective"
"Myeloid dendritic cell_MCPCOUNTER","PFI",264,141,0.86458303577645,-0.209923565895385,0.714195085437834,1.04663815390744,0.135586369547017,0.564948983966389,"SARC",0.474208165573069,"Benchmark infiltration","myDC
MCPcounter","Protective"
"Macrophage_XCELL","PFI",264,141,1.01667453827483,0.0238579120718389,0.866259945503085,1.19320663750192,0.839573290311212,0.52964503129555,"SARC",0.95965440339501,"Benchmark infiltration","Macrophage
xCell","Adverse"
"Macrophage M1_XCELL","PFI",264,141,1.01423796758013,0.0203961872220813,0.859888023996075,1.19629373380571,0.866707766767053,0.520535025293664,"SARC",0.95965440339501,"Benchmark infiltration","M1 macrophage
xCell","Adverse"
"Macrophage M2_XCELL","PFI",264,141,0.973806963209707,-0.0382922782480797,0.829237854961922,1.14358021154167,0.746159641011474,0.505894709765926,"SARC",0.9164827584264,"Benchmark infiltration","M2 macrophage
xCell","Protective"
"Monocyte_XCELL","PFI",264,141,0.962691727711645,-0.0548542013893884,0.816510354001302,1.13504422578694,0.65091781975585,0.504137014490268,"SARC",0.879377211395649,"Benchmark infiltration","Monocyte
xCell","Protective"
"Myeloid dendritic cell_XCELL","PFI",264,141,0.885439581899692,-0.175534227060349,0.730616313567526,1.07307110262361,0.214690485622948,0.550222927205693,"SARC",0.591686978376844,"Benchmark infiltration","myDC
xCell","Protective"
"immune score_XCELL","PFI",264,141,0.937545825285121,-0.0930388867425654,0.786616670814502,1.11743395115108,0.471455980892087,0.508338334905256,"SARC",0.812817390650972,"Benchmark infiltration","Immune score
xCell","Protective"
"stroma score_XCELL","PFI",264,141,0.817167821173262,-0.291295700835559,0.683890098578364,0.976418944139078,0.0262389731624383,0.592321872588528,"SARC",0.202423788477827,"Benchmark infiltration","Stroma score
xCell","Protective"
"microenvironment score_XCELL","PFI",264,141,0.85898762605505,-0.219290745779264,0.715158195655851,1.03174339075989,0.104007355744015,0.551787704707194,"SARC",0.41614039145955,"Benchmark infiltration","Microenv score
xCell","Protective"
"Macrophage_EPIC","PFI",264,141,0.907368785817143,-0.140239064162097,0.763498760070282,1.07834898566107,0.269771310307579,0.519163165566321,"SARC",0.661467732391181,"Benchmark infiltration","Macrophage
EPIC","Protective"
"Macrophage M1_QUANTISEQ","PFI",264,141,0.890136036299307,-0.167902260047815,0.750344501199196,1.05597117304428,0.181821492674667,0.509817371173797,"SARC",0.563710328935819,"Benchmark infiltration","M1 macrophage
quanTIseq","Protective"
"Macrophage M2_QUANTISEQ","PFI",264,141,0.914727594971303,-0.1285859207752,0.772247059259166,1.08349596540345,0.302211900499262,0.531638514961845,"SARC",0.688289338049112,"Benchmark infiltration","M2 macrophage
quanTIseq","Protective"
"Monocyte_QUANTISEQ","PFI",264,141,0.82295141270325,-0.281120838871439,0.668983899330444,1.01235474926691,0.0652155453141475,0.553352482208694,"SARC",0.323352869739297,"Benchmark infiltration","Monocyte
quanTIseq","Protective"
"Macrophage M0_CIBERSORT","PFI",264,141,1.14373082312815,0.193747554011013,0.97716869297475,1.3386841035514,0.0944544163042942,0.539205178770471,"SARC",0.390075796934423,"Benchmark infiltration","M0 macrophage
CIBERSORT","Adverse"
"Macrophage M1_CIBERSORT","PFI",264,141,0.967447954705476,-0.0477440434576459,0.816059157809475,1.14692119573312,0.703090888864124,0.534703764040127,"SARC",0.907171577579366,"Benchmark infiltration","M1 macrophage
CIBERSORT","Protective"
"Macrophage M2_CIBERSORT","PFI",264,141,1.01165459943985,0.0167168070954384,0.863597339353755,1.18509516174942,0.885877032283146,0.502915201920604,"SARC",0.965661108501431,"Benchmark infiltration","M2 macrophage
CIBERSORT","Adverse"
"MDR_injury","DFI",157,69,1.0759653873985,0.105631668757256,0.846115478181941,1.36825474150073,0.550408655589657,0.567976669906957,"SARC",0.822923690278999,"MDRi","MDR injury","Adverse"
"MDR_resolution","DFI",157,69,0.953550068393808,-0.0686194022570124,0.765207671686421,1.1882496302343,0.671819364766062,0.496875433967505,"SARC",0.865592407643933,"MDRi","MDR resolution","Protective"
"MDR_apc_ifn","DFI",157,69,0.991602174515172,-0.0121666597285452,0.784400863077291,1.25353619403951,0.943783443527668,0.498402999583391,"SARC",0.98453772858909,"MDRi","MDR APC/IFN","Protective"
"MDR_axis","DFI",157,69,1.16981943677632,0.226285865047637,0.923711181223333,1.48149935009696,0.193090154479602,0.541035967226774,"SARC",0.641150404646577,"MDRi","MDR axis","Adverse"
"Macrophage_TIMER","DFI",157,69,0.778675058389069,-0.360906678603752,0.582089408140448,1.04165243015541,0.0919730854230976,0.521802527426746,"SARC",0.616061904392991,"Benchmark infiltration","Macrophage
TIMER","Protective"
"Macrophage/Monocyte_MCPCOUNTER","DFI",157,69,0.855702042616163,-0.224819560493147,0.666369812186722,1.09882826674672,0.221960993876717,0.501735870018053,"SARC",0.641150404646577,"Benchmark infiltration","Mac/Mono
MCPcounter","Protective"
"Monocyte_MCPCOUNTER","DFI",157,69,0.855702042616163,-0.224819560493147,0.666369812186722,1.09882826674672,0.221960993876717,0.501735870018053,"SARC",0.641150404646577,"Benchmark infiltration","Monocyte
MCPcounter","Protective"
"Myeloid dendritic cell_MCPCOUNTER","DFI",157,69,0.809838878106219,-0.304293190444644,0.596489287596765,1.09949838518424,0.176386770103148,0.556867101791418,"SARC",0.641150404646577,"Benchmark infiltration","myDC
MCPcounter","Protective"
"Macrophage_XCELL","DFI",157,69,0.985992223507034,-0.0203518267345601,0.779824689575502,1.24666566449128,0.906174121301771,0.463130120816553,"SARC",0.971808228218488,"Benchmark infiltration","Macrophage
xCell","Protective"
"Macrophage M1_XCELL","DFI",157,69,1.01464277943414,0.020971893865152,0.798349037464663,1.28953618222833,0.905402725387751,0.539161227607277,"SARC",0.971808228218488,"Benchmark infiltration","M1 macrophage
xCell","Adverse"
"Macrophage M2_XCELL","DFI",157,69,0.956518779450925,-0.064134801428617,0.761915457148633,1.20082637365868,0.701684261179627,0.490556867101791,"SARC",0.875198575764806,"Benchmark infiltration","M2 macrophage
xCell","Protective"
"Monocyte_XCELL","DFI",157,69,0.998612737189684,-0.0020027866940203,0.787219504498301,1.26677171129419,0.990873220630053,0.477017080960978,"SARC",0.998706066251557,"Benchmark infiltration","Monocyte
xCell","Protective"
"Myeloid dendritic cell_XCELL","DFI",157,69,0.848268517873473,-0.237407075282533,0.638847604303164,1.12633979304052,0.255313132457552,0.541730315233995,"SARC",0.68531419764922,"Benchmark infiltration","myDC
xCell","Protective"
"immune score_XCELL","DFI",157,69,0.978435799450427,-0.0314509040793683,0.756743748824613,1.26507369916587,0.867921228176774,0.489376475489515,"SARC",0.954732249591688,"Benchmark infiltration","Immune score
xCell","Protective"
"stroma score_XCELL","DFI",157,69,0.763933627270152,-0.388480796636602,0.591238742126739,0.987070950010633,0.0394469205918299,0.599569504235523,"SARC",0.464259911580767,"Benchmark infiltration","Stroma score
xCell","Protective"
"microenvironment score_XCELL","DFI",157,69,0.866946644928329,-0.205984887444775,0.665261136899074,1.12977662975451,0.290600920386668,0.527982224691015,"SARC",0.686495457558148,"Benchmark infiltration","Microenv score
xCell","Protective"
"Macrophage_EPIC","DFI",157,69,0.850887446081958,-0.232959787557389,0.65642537337563,1.10295773939496,0.222564857889016,0.513539786140814,"SARC",0.641150404646577,"Benchmark infiltration","Macrophage
EPIC","Protective"
"Macrophage M1_QUANTISEQ","DFI",157,69,0.877076820473531,-0.189224885441419,0.681918325889882,1.12808780730169,0.307065909113103,0.48201638661297,"SARC",0.686495457558148,"Benchmark infiltration","M1 macrophage
quanTIseq","Protective"
"Macrophage M2_QUANTISEQ","DFI",157,69,0.797221979371507,-0.326946609129413,0.611996010027424,1.03850821570641,0.0929817713383448,0.552562144146646,"SARC",0.616061904392991,"Benchmark infiltration","M2 macrophage
quanTIseq","Protective"
"Monocyte_QUANTISEQ","DFI",157,69,0.893077472341964,-0.163142763756349,0.689211010164906,1.15724699669826,0.392371842449866,0.546035272878767,"SARC",0.733570177737611,"Benchmark infiltration","Monocyte
quanTIseq","Protective"
"Macrophage M0_CIBERSORT","DFI",157,69,1.15356724387617,0.206102104219502,0.932310987862731,1.42733208496732,0.188553872144545,0.567837800305513,"SARC",0.641150404646577,"Benchmark infiltration","M0 macrophage
CIBERSORT","Adverse"
"Macrophage M1_CIBERSORT","DFI",157,69,1.00118383272926,0.00170689946524711,0.779469512946215,1.28596314579351,0.992608860380224,0.471670601305374,"SARC",0.998706066251557,"Benchmark infiltration","M1 macrophage
CIBERSORT","Adverse"
"Macrophage M2_CIBERSORT","DFI",157,69,0.932926889964552,-0.100164068063635,0.741611189332675,1.17359688545436,0.553231555750733,0.509790306901819,"SARC",0.823551693603471,"Benchmark infiltration","M2 macrophage
CIBERSORT","Protective"
"MDR_injury","OS",103,30,1.03715141010562,0.0526265235274192,0.745830784521652,1.44226152876485,0.828342961659194,0.52258064516129,"SKCM",0.94371345921095,"MDRi","MDR injury","Adverse"
"MDR_resolution","OS",103,30,0.966063650147774,-0.0498098491726971,0.660094561642861,1.41385648415898,0.858974252910516,0.550967741935484,"SKCM",0.959456600922302,"MDRi","MDR resolution","Protective"
"MDR_apc_ifn","OS",103,30,0.70334455409535,-0.507696485662742,0.490161363273027,1.00924633976105,0.0561320067585431,0.656774193548387,"SKCM",0.212344179024461,"MDRi","MDR APC/IFN","Protective"
"MDR_axis","OS",103,30,1.05943949392273,0.0833011957230601,0.785022614209815,1.42978306734902,0.705801287468555,0.567096774193548,"SKCM",0.893693731178251,"MDRi","MDR axis","Adverse"
"Macrophage_TIMER","OS",103,30,1.31952045026191,0.400013710090336,0.965543075800182,1.80326933339193,0.0818721084874722,0.620967741935484,"SKCM",0.278904984957323,"Benchmark infiltration","Macrophage
TIMER","Adverse"
"Macrophage/Monocyte_MCPCOUNTER","OS",103,30,1.02684381179739,0.0382167570392054,0.782452346592752,1.3475686007181,0.848516896628654,0.511612903225806,"SKCM",0.953044340416241,"Benchmark infiltration","Mac/Mono
MCPcounter","Adverse"
"Monocyte_MCPCOUNTER","OS",103,30,1.02684381179739,0.0382167570392054,0.782452346592752,1.3475686007181,0.848516896628654,0.511612903225806,"SKCM",0.953044340416241,"Benchmark infiltration","Monocyte
MCPcounter","Adverse"
"Myeloid dendritic cell_MCPCOUNTER","OS",103,30,0.799289463394431,-0.323210023804089,0.531346968738557,1.20234739987329,0.282195097599977,0.531612903225806,"SKCM",0.549801070305693,"Benchmark infiltration","myDC
MCPcounter","Protective"
"Macrophage_XCELL","OS",103,30,0.875578073150687,-0.1916922689122,0.592256467173415,1.29443409177294,0.505324107206196,0.63741935483871,"SKCM",0.751321214551179,"Benchmark infiltration","Macrophage
xCell","Protective"
"Macrophage M1_XCELL","OS",103,30,0.980358217655681,-0.0286190962654949,0.683291373201779,1.4065774464874,0.914231587268502,0.594193548387097,"SKCM",0.978954140887776,"Benchmark infiltration","M1 macrophage
xCell","Protective"
"Macrophage M2_XCELL","OS",103,30,0.880572953474501,-0.183485561863347,0.633637342131717,1.22374215475075,0.448781491380203,0.586774193548387,"SKCM",0.707639787729887,"Benchmark infiltration","M2 macrophage
xCell","Protective"
"Monocyte_XCELL","OS",103,30,1.0036611386777,0.00527226125286224,0.680261827193743,1.48080583243564,0.985306936794086,0.534193548387097,"SKCM",0.997350514794122,"Benchmark infiltration","Monocyte
xCell","Adverse"
"Myeloid dendritic cell_XCELL","OS",103,30,0.789712915709077,-0.340599809137157,0.53512303319756,1.16542636094584,0.234446532800683,0.54258064516129,"SKCM",0.496367688019802,"Benchmark infiltration","myDC
xCell","Protective"
"immune score_XCELL","OS",103,30,0.848305344460476,-0.237344443721797,0.573911023652497,1.25389115696084,0.409283584601287,0.612258064516129,"SKCM",0.660623099142317,"Benchmark infiltration","Immune score
xCell","Protective"
"stroma score_XCELL","OS",103,30,1.0088085902732,0.0126524657626928,0.768156237437627,1.32485388025198,0.949709821437824,0.556129032258065,"SKCM",0.984631540641029,"Benchmark infiltration","Stroma score
xCell","Adverse"
"microenvironment score_XCELL","OS",103,30,0.860698577681561,-0.216420010134747,0.590194607570713,1.2551826670736,0.435815004948966,0.609677419354839,"SKCM",0.689299242521323,"Benchmark infiltration","Microenv score
xCell","Protective"
"Macrophage_EPIC","OS",103,30,0.784109802813869,-0.350872398604383,0.504556938064326,1.21855064609263,0.279599546520584,0.625161290322581,"SKCM",0.549801070305693,"Benchmark infiltration","Macrophage
EPIC","Protective"
"Macrophage M1_QUANTISEQ","OS",103,30,0.801544265845991,-0.319145898458824,0.514480720232603,1.24877995393126,0.328134699880845,0.570967741935484,"SKCM",0.579611150786678,"Benchmark infiltration","M1 macrophage
quanTIseq","Protective"
"Macrophage M2_QUANTISEQ","OS",103,30,1.20793180828385,0.27253901209048,0.865734473510194,1.68538887858752,0.266314104923287,0.541290322580645,"SKCM",0.534351925736046,"Benchmark infiltration","M2 macrophage
quanTIseq","Adverse"
"Monocyte_QUANTISEQ","OS",103,30,0.925387660892363,-0.111870232733753,0.575248678347243,1.48864718019381,0.749208673419109,0.512258064516129,"SKCM",0.905476369434401,"Benchmark infiltration","Monocyte
quanTIseq","Protective"
"Macrophage M0_CIBERSORT","OS",103,30,1.28532682122796,0.362135241454144,0.946954158459196,1.74460930617389,0.107331332617663,0.569354838709677,"SKCM",0.331071772253488,"Benchmark infiltration","M0 macrophage
CIBERSORT","Adverse"
"Macrophage M1_CIBERSORT","OS",103,30,0.803762760368682,-0.315158358341663,0.534209163972707,1.20932888936456,0.294603821451482,0.559032258064516,"SKCM",0.554080578407176,"Benchmark infiltration","M1 macrophage
CIBERSORT","Protective"
"Macrophage M2_CIBERSORT","OS",103,30,1.26044822862134,0.333936862468453,0.881881000998324,1.8015239417066,0.204017305858852,0.563870967741935,"SKCM",0.463336005979811,"Benchmark infiltration","M2 macrophage
CIBERSORT","Adverse"
"MDR_injury","DSS",103,22,1.02176547148213,0.0310640886842858,0.701389138883017,1.48848138762984,0.910686879419617,0.534167468719923,"SKCM",0.969712880863481,"MDRi","MDR injury","Adverse"
"MDR_resolution","DSS",103,22,1.03166262282723,0.0449712537537296,0.651958286310611,1.63250899587721,0.894097684112062,0.454282964388835,"SKCM",0.964551910627459,"MDRi","MDR resolution","Adverse"
"MDR_apc_ifn","DSS",103,22,0.648777280845493,-0.62420479534671,0.422457606360511,0.996341298639277,0.0480744129349045,0.706448508180943,"SKCM",0.211013644561604,"MDRi","MDR APC/IFN","Protective"
"MDR_axis","DSS",103,22,0.999923105970596,-0.000110938900218714,0.707709657851769,1.4127915406565,0.999652089244162,0.442733397497594,"SKCM",0.999652089244162,"MDRi","MDR axis","Protective"
"Macrophage_TIMER","DSS",103,22,1.43709317148542,0.523153599500531,1.02238415955744,2.02002032623823,0.0368524524646022,0.66121270452358,"SKCM",0.179661814960732,"Benchmark infiltration","Macrophage
TIMER","Adverse"
"Macrophage/Monocyte_MCPCOUNTER","DSS",103,22,1.04441256895464,0.0626917249420792,0.770822985908058,1.41510779275145,0.779176638784284,0.492781520692974,"SKCM",0.906045429276731,"Benchmark infiltration","Mac/Mono
MCPcounter","Adverse"
"Monocyte_MCPCOUNTER","DSS",103,22,1.04441256895464,0.0626917249420792,0.770822985908058,1.41510779275145,0.779176638784284,0.492781520692974,"SKCM",0.906045429276731,"Benchmark infiltration","Monocyte
MCPcounter","Adverse"
"Myeloid dendritic cell_MCPCOUNTER","DSS",103,22,0.757082555510137,-0.401477468479369,0.460420230386358,1.24489316070405,0.272772687050969,0.527430221366699,"SKCM",0.550330859839673,"Benchmark infiltration","myDC
MCPcounter","Protective"
"Macrophage_XCELL","DSS",103,22,0.960362643990581,-0.0583488079138775,0.6255058080629,1.47448096577839,0.853319445933192,0.640038498556304,"SKCM",0.941529568215797,"Benchmark infiltration","Macrophage
xCell","Protective"
"Macrophage M1_XCELL","DSS",103,22,1.01897941725023,0.0271249102564923,0.677402648370578,1.5327944986297,0.928084446560995,0.371511068334937,"SKCM",0.980971611714287,"Benchmark infiltration","M1 macrophage
xCell","Adverse"
"Macrophage M2_XCELL","DSS",103,22,0.859705988112349,-0.21808473974138,0.590365739744254,1.25192628270808,0.430526754347784,0.632338787295476,"SKCM",0.661906106283358,"Benchmark infiltration","M2 macrophage
xCell","Protective"
"Monocyte_XCELL","DSS",103,22,0.961530188630248,-0.0565959411147653,0.59319019003103,1.55859000904745,0.873523186536532,0.518286814244466,"SKCM",0.953085070699252,"Benchmark infiltration","Monocyte
xCell","Protective"
"Myeloid dendritic cell_XCELL","DSS",103,22,0.6872008901218,-0.54119618970686,0.412542755240181,1.14471786835586,0.149631598708654,0.596727622714148,"SKCM",0.406676964610111,"Benchmark infiltration","myDC
xCell","Protective"
"immune score_XCELL","DSS",103,22,0.845186577444511,-0.242658239124218,0.532495173544509,1.3414963856619,0.47548754508437,0.65543792107796,"SKCM",0.695687884029295,"Benchmark infiltration","Immune score
xCell","Protective"
"stroma score_XCELL","DSS",103,22,0.803140763711585,-0.316275228799675,0.521318830942189,1.23731399682886,0.320111932882611,0.446102021174206,"SKCM",0.586192233781851,"Benchmark infiltration","Stroma score
xCell","Protective"
"microenvironment score_XCELL","DSS",103,22,0.803578199951035,-0.315489668756849,0.50769776618991,1.27189435612959,0.350613264172126,0.657362848893167,"SKCM",0.60179888626559,"Benchmark infiltration","Microenv score
xCell","Protective"
"Macrophage_EPIC","DSS",103,22,0.808050582150172,-0.307482489616802,0.486027807267839,1.34343289324063,0.411236574258939,0.679499518768046,"SKCM",0.640815799996991,"Benchmark infiltration","Macrophage
EPIC","Protective"
"Macrophage M1_QUANTISEQ","DSS",103,22,0.858005216720742,-0.220941675467595,0.523849910821932,1.40531273693439,0.54296078417141,0.56400384985563,"SKCM",0.738067259807473,"Benchmark infiltration","M1 macrophage
quanTIseq","Protective"
"Macrophage M2_QUANTISEQ","DSS",103,22,1.23901549565487,0.309194230549253,0.838733333882719,1.83033073380573,0.281674480063848,0.512993262752647,"SKCM",0.552843826760336,"Benchmark infiltration","M2 macrophage
quanTIseq","Adverse"
"Monocyte_QUANTISEQ","DSS",103,22,1.04791243884772,0.0675181736332936,0.627398361693691,1.75027629419904,0.858084501199215,0.519730510105871,"SKCM",0.941529568215797,"Benchmark infiltration","Monocyte
quanTIseq","Adverse"
"Macrophage M0_CIBERSORT","DSS",103,22,0.99292778207665,-0.0102393038494445,0.645631984745496,1.52703955769523,0.974218531171951,0.462945139557267,"SKCM",0.992161402126961,"Benchmark infiltration","M0 macrophage
CIBERSORT","Protective"
"Macrophage M1_CIBERSORT","DSS",103,22,0.796138798073854,-0.328908124122574,0.491371321491546,1.28993483761829,0.354475068686778,0.558710298363811,"SKCM",0.604816511854295,"Benchmark infiltration","M1 macrophage
CIBERSORT","Protective"
"Macrophage M2_CIBERSORT","DSS",103,22,1.41802940244499,0.503887446767699,0.947535606775182,2.12214440472799,0.0895128347861224,0.6111645813282,"SKCM",0.305865977568907,"Benchmark infiltration","M2 macrophage
CIBERSORT","Adverse"
"MDR_injury","PFI",103,38,1.01798799861808,0.0257205531265303,0.754685712818931,1.37315381453243,0.907054685664781,0.535439449169704,"SKCM",0.970325320730524,"MDRi","MDR injury","Adverse"
"MDR_resolution","PFI",103,38,1.01174243873795,0.0168420670591958,0.727735676361624,1.40658592892009,0.944637464066005,0.511543134872418,"SKCM",0.981928520281693,"MDRi","MDR resolution","Adverse"
"MDR_apc_ifn","PFI",103,38,0.712209462912921,-0.489626490403956,0.522768452505783,0.97030017138821,0.031471656059876,0.616848926690968,"SKCM",0.221265010461781,"MDRi","MDR APC/IFN","Protective"
"MDR_axis","PFI",103,38,1.00869129691721,0.0124847150289492,0.7477157706279,1.36075521266873,0.954821860204965,0.533819360064804,"SKCM",0.986434683286425,"MDRi","MDR axis","Adverse"
"Macrophage_TIMER","PFI",103,38,1.47486338351267,0.560581323927372,1.09843576468241,1.98029058226755,0.00975411912525871,0.593560145808019,"SKCM",0.113908272496665,"Benchmark infiltration","Macrophage
TIMER","Adverse"
"Macrophage/Monocyte_MCPCOUNTER","PFI",103,38,1.05666124457087,0.0795129366932486,0.832946203761654,1.34046230204987,0.64978342207608,0.545970028351559,"SKCM",0.879377211395649,"Benchmark infiltration","Mac/Mono
MCPcounter","Adverse"
"Monocyte_MCPCOUNTER","PFI",103,38,1.05666124457087,0.0795129366932486,0.832946203761654,1.34046230204987,0.64978342207608,0.545970028351559,"SKCM",0.879377211395649,"Benchmark infiltration","Monocyte
MCPcounter","Adverse"
"Myeloid dendritic cell_MCPCOUNTER","PFI",103,38,0.921974134664961,-0.117201817458369,0.666923123573243,1.27456415131758,0.62295225241843,0.487646820575132,"SKCM",0.862335026625775,"Benchmark infiltration","myDC
MCPcounter","Protective"
"Macrophage_XCELL","PFI",103,38,1.01698808292882,0.0243027737871296,0.748207241328639,1.3823239119988,0.914334421978768,0.499392466585662,"SKCM",0.97291363010231,"Benchmark infiltration","Macrophage
xCell","Adverse"
"Macrophage M1_XCELL","PFI",103,38,1.01584613720693,0.0226819041786706,0.749659284916083,1.37654984770016,0.91922479638214,0.494329688132847,"SKCM",0.97291363010231,"Benchmark infiltration","M1 macrophage
xCell","Adverse"
"Macrophage M2_XCELL","PFI",103,38,0.857946736114818,-0.221040011181538,0.629863027281428,1.16862328812513,0.3312019830572,0.544957472660996,"SKCM",0.713119269770033,"Benchmark infiltration","M2 macrophage
xCell","Protective"
"Monocyte_XCELL","PFI",103,38,1.21443995994603,0.28029116710079,0.91419538922103,1.61329233739675,0.179975555331678,0.539692183070069,"SKCM",0.563650716470574,"Benchmark infiltration","Monocyte
xCell","Adverse"
"Myeloid dendritic cell_XCELL","PFI",103,38,0.755445293832282,-0.404600809615706,0.51674645369903,1.10440543498289,0.14777728254919,0.552652895909275,"SKCM",0.501569200376314,"Benchmark infiltration","myDC
xCell","Protective"
"immune score_XCELL","PFI",103,38,0.956102489755367,-0.064762818170361,0.695042601460286,1.31521718092649,0.782622920906424,0.517618469015796,"SKCM",0.929702056042286,"Benchmark infiltration","Immune score
xCell","Protective"
"stroma score_XCELL","PFI",103,38,0.632590784976042,-0.660655554786397,0.387336182194509,1.03313638031278,0.0672932184636823,0.600243013365735,"SKCM",0.325859723645748,"Benchmark infiltration","Stroma score
xCell","Protective"
"microenvironment score_XCELL","PFI",103,38,0.890267219501203,-0.167689659498419,0.639156243091032,1.24003439016009,0.491777304512953,0.531794248683678,"SKCM",0.818440972969624,"Benchmark infiltration","Microenv score
xCell","Protective"
"Macrophage_EPIC","PFI",103,38,0.853355052553476,-0.228781971184432,0.599585976408524,1.21452948262816,0.37851205906175,0.573916565411098,"SKCM",0.74098066810109,"Benchmark infiltration","Macrophage
EPIC","Protective"
"Macrophage M1_QUANTISEQ","PFI",103,38,1.06288603973507,0.0879869226238726,0.76975088982521,1.46765239039897,0.711050328511893,0.464763061968408,"SKCM",0.910620216254079,"Benchmark infiltration","M1 macrophage
quanTIseq","Adverse"
"Macrophage M2_QUANTISEQ","PFI",103,38,1.04957711755927,0.0698081723784438,0.774884810477846,1.42164630253198,0.754620200863527,0.53118671526934,"SKCM",0.916989979532575,"Benchmark infiltration","M2 macrophage
quanTIseq","Adverse"
"Monocyte_QUANTISEQ","PFI",103,38,0.943860373613547,-0.0833546391075355,0.640870452489641,1.39009748603179,0.769905816483266,0.540502227622519,"SKCM",0.928170716191447,"Benchmark infiltration","Monocyte
quanTIseq","Protective"
"Macrophage M0_CIBERSORT","PFI",103,38,1.00560428706673,0.00806270534513483,0.733449628833706,1.37874496408842,0.972312046219358,0.52025111381126,"SKCM",0.995427934390992,"Benchmark infiltration","M0 macrophage
CIBERSORT","Adverse"
"Macrophage M1_CIBERSORT","PFI",103,38,0.692189656017283,-0.530760712650216,0.474980775046857,1.00872823715877,0.0555263815153653,0.56784123126772,"SKCM",0.298888100500677,"Benchmark infiltration","M1 macrophage
CIBERSORT","Protective"
"Macrophage M2_CIBERSORT","PFI",103,38,1.36231986230612,0.446065476906874,0.980341237472232,1.8931320404507,0.065519145893117,0.570271364925071,"SKCM",0.323352869739297,"Benchmark infiltration","M2 macrophage
CIBERSORT","Adverse"
"MDR_injury","OS",417,164,1.13035799161176,0.176779755763672,0.972654590821159,1.31363096546111,0.109974149010295,0.5393724671795,"STAD",0.337544417754372,"MDRi","MDR injury","Adverse"
"MDR_resolution","OS",417,164,1.17358060525601,0.230916934157191,1.00020630955462,1.37700734726054,0.0497050809220479,0.534082360649373,"STAD",0.198820323688191,"MDRi","MDR resolution","Adverse"
"MDR_apc_ifn","OS",417,164,0.953628667321369,-0.0685004891410548,0.821053500519968,1.10761069109529,0.534134514177532,0.509597418039749,"STAD",0.777378870399225,"MDRi","MDR APC/IFN","Protective"
"MDR_axis","OS",417,164,0.926393913477693,-0.110302320213489,0.795790199911661,1.07843208300854,0.324087767682505,0.517945109078114,"STAD",0.576898900378285,"MDRi","MDR axis","Protective"
"Macrophage_TIMER","OS",417,164,1.26986935488292,0.344680079077965,1.12476633019557,1.43369172349814,0.000113787561182294,0.563481278361523,"STAD",0.00453781357299538,"Benchmark infiltration","Macrophage
TIMER","Adverse"
"Macrophage/Monocyte_MCPCOUNTER","OS",417,164,1.15758451326675,0.211117526029691,1.00643949272564,1.33142818325425,0.0403761695563515,0.542745516756048,"STAD",0.175057518356209,"Benchmark infiltration","Mac/Mono
MCPcounter","Adverse"
"Monocyte_MCPCOUNTER","OS",417,164,1.15758451326675,0.211117526029691,1.00643949272564,1.33142818325425,0.0403761695563515,0.542745516756048,"STAD",0.175057518356209,"Benchmark infiltration","Monocyte
MCPcounter","Adverse"
"Myeloid dendritic cell_MCPCOUNTER","OS",417,164,1.10351133328512,0.142101446464176,0.960730449066716,1.26751188522405,0.163535029635673,0.530782110703972,"STAD",0.417249869852335,"Benchmark infiltration","myDC
MCPcounter","Adverse"
"Macrophage_XCELL","OS",417,164,1.03509864822895,0.049768267752366,0.889320173168691,1.2047733132465,0.65601642805797,0.517532577834939,"STAD",0.865383373182854,"Benchmark infiltration","Macrophage
xCell","Adverse"
"Macrophage M1_XCELL","OS",417,164,0.995611510315196,-0.00634518540141689,0.855622476215784,1.15850425511978,0.954633929204215,0.490560314494407,"STAD",0.986098692741936,"Benchmark infiltration","M1 macrophage
xCell","Protective"
"Macrophage M2_XCELL","OS",417,164,1.09071559478812,0.125274966484148,0.937129182605484,1.26947333494236,0.262121240789995,0.51199980586765,"STAD",0.53109532447646,"Benchmark infiltration","M2 macrophage
xCell","Adverse"
"Monocyte_XCELL","OS",417,164,1.16027927010902,0.214472092516494,1.02139235893045,1.3180517485508,0.0222917065321695,0.535781018709505,"STAD",0.127885428580143,"Benchmark infiltration","Monocyte
xCell","Adverse"
"Myeloid dendritic cell_XCELL","OS",417,164,1.0411433272756,0.0581686885376525,0.893991915311843,1.21251591805771,0.604033032887828,0.51853963939916,"STAD",0.839687175763348,"Benchmark infiltration","myDC
xCell","Adverse"
"immune score_XCELL","OS",417,164,1.01332141202892,0.0190918503411949,0.874395100884019,1.17432071959021,0.8603750236159,0.522070421509864,"STAD",0.959456600922302,"Benchmark infiltration","Immune score
xCell","Adverse"
"stroma score_XCELL","OS",417,164,1.14914979295756,0.200566867149924,1.00020116997602,1.32027964602966,0.0496689596588045,0.553107330922857,"STAD",0.198820323688191,"Benchmark infiltration","Stroma score
xCell","Adverse"
"microenvironment score_XCELL","OS",417,164,1.0722903582881,0.10069561637577,0.932611492012423,1.2328891744584,0.326989958418236,0.540440195103012,"STAD",0.579239354912303,"Benchmark infiltration","Microenv score
xCell","Adverse"
"Macrophage_EPIC","OS",417,164,1.15798673940195,0.211618732507988,1.00315817417316,1.33671172019906,0.0451748909381753,0.532262369870659,"STAD",0.189246164741005,"Benchmark infiltration","Macrophage
EPIC","Adverse"
"Macrophage M1_QUANTISEQ","OS",417,164,0.855216977101794,-0.225637602285625,0.710826156329612,1.0289380482279,0.097394975701428,0.531643573005897,"STAD",0.309666076589156,"Benchmark infiltration","M1 macrophage
quanTIseq","Protective"
"Macrophage M2_QUANTISEQ","OS",417,164,1.19771491894413,0.260284557568376,1.03387650194564,1.38751681111015,0.0162230848063119,0.542029653716421,"STAD",0.105876974525404,"Benchmark infiltration","M2 macrophage
quanTIseq","Adverse"
"Monocyte_QUANTISEQ","OS",417,164,1.19956540096207,0.2625118162987,1.03360906989208,1.39216768999088,0.0166167835663064,0.517180712951054,"STAD",0.105939129977295,"Benchmark infiltration","Monocyte
quanTIseq","Adverse"
"Macrophage M0_CIBERSORT","OS",417,164,0.935005282887481,-0.0969535784710037,0.797229857062255,1.09659074015241,0.408648580810583,0.509755150573904,"STAD",0.660623099142317,"Benchmark infiltration","M0 macrophage
CIBERSORT","Protective"
"Macrophage M1_CIBERSORT","OS",417,164,0.990928828472714,-0.013146652507619,0.850599257144552,1.1544095940016,0.906890091670908,0.503312383217258,"STAD",0.978954140887776,"Benchmark infiltration","M1 macrophage
CIBERSORT","Protective"
"Macrophage M2_CIBERSORT","OS",417,164,1.13315946343066,0.180350898150938,0.975019738233471,1.31694807726549,0.103082269593442,0.533524230143901,"STAD",0.322782864383504,"Benchmark infiltration","M2 macrophage
CIBERSORT","Adverse"
"MDR_injury","DSS",393,96,1.04667065095943,0.0658075502191253,0.859357407959657,1.27481236727905,0.650264814117239,0.515237485128581,"STAD",0.828016389911495,"MDRi","MDR injury","Adverse"
"MDR_resolution","DSS",393,96,1.13051129169189,0.176975401984659,0.919272060182107,1.39029111837653,0.245084227065775,0.506314633476709,"STAD",0.521938631714151,"MDRi","MDR resolution","Adverse"
"MDR_apc_ifn","DSS",393,96,1.0052482566123,0.00755183409502554,0.824908405663259,1.22501365058774,0.958616598415505,0.494005674018486,"STAD",0.986871162123105,"MDRi","MDR APC/IFN","Adverse"
"MDR_axis","DSS",393,96,0.904771665974279,-0.144374344603011,0.741551568939726,1.1039175181307,0.324167508533624,0.516289924041365,"STAD",0.588146535884499,"MDRi","MDR axis","Protective"
"Macrophage_TIMER","DSS",393,96,1.20898522171403,0.273796609607563,1.02406556320081,1.42729657049928,0.0250429287233246,0.534158506451908,"STAD",0.143219908980678,"Benchmark infiltration","Macrophage
TIMER","Adverse"
"Macrophage/Monocyte_MCPCOUNTER","DSS",393,96,1.12903967973933,0.17509619005883,0.941735487348135,1.35359728453628,0.189741093953433,0.529102223849181,"STAD",0.456747753841904,"Benchmark infiltration","Mac/Mono
MCPcounter","Adverse"
"Monocyte_MCPCOUNTER","DSS",393,96,1.12903967973933,0.17509619005883,0.941735487348135,1.35359728453628,0.189741093953433,0.529102223849181,"STAD",0.456747753841904,"Benchmark infiltration","Monocyte
MCPcounter","Adverse"
"Myeloid dendritic cell_MCPCOUNTER","DSS",393,96,1.07236624543634,0.100797713851227,0.89127978584127,1.29024508646944,0.459089014480647,0.508373753088679,"STAD",0.688431166341978,"Benchmark infiltration","myDC
MCPcounter","Adverse"
"Macrophage_XCELL","DSS",393,96,0.994852940895963,-0.00744481256794543,0.815551148126052,1.2135748644135,0.959410399350983,0.509105884506269,"STAD",0.986871162123105,"Benchmark infiltration","Macrophage
xCell","Protective"
"Macrophage M1_XCELL","DSS",393,96,0.982158393915792,-0.0259723863459174,0.806384874727908,1.19624653310212,0.857988085442912,0.511988651963027,"STAD",0.941529568215797,"Benchmark infiltration","M1 macrophage
xCell","Protective"
"Macrophage M2_XCELL","DSS",393,96,1.03317420873737,0.0470835348334452,0.840255647280596,1.27038592249251,0.756955744848713,0.483138098288643,"STAD",0.89176542970713,"Benchmark infiltration","M2 macrophage
xCell","Adverse"
"Monocyte_XCELL","DSS",393,96,1.0286133978378,0.0407008502362865,0.851459146216778,1.24262629265603,0.769876613750728,0.50555962295232,"STAD",0.89975417257453,"Benchmark infiltration","Monocyte
xCell","Adverse"
"Myeloid dendritic cell_XCELL","DSS",393,96,0.986710710062158,-0.0193009264512812,0.802271510896437,1.21355178655602,0.899165826653877,0.50626887526311,"STAD",0.966670891477048,"Benchmark infiltration","myDC
xCell","Protective"
"immune score_XCELL","DSS",393,96,1.06024644537228,0.084399646101162,0.88432266669661,1.27116782963815,0.527408878007996,0.516839022604557,"STAD",0.729988638160958,"Benchmark infiltration","Immune score
xCell","Adverse"
"stroma score_XCELL","DSS",393,96,1.1022534416661,0.140455981618545,0.912623068977016,1.33128636669973,0.312143503345416,0.550562826027272,"STAD",0.580197724147057,"Benchmark infiltration","Stroma score
xCell","Adverse"
"microenvironment score_XCELL","DSS",393,96,1.09203392777557,0.127017679218571,0.913104209521737,1.30602628591272,0.334894847025173,0.521780909673286,"STAD",0.594334990862576,"Benchmark infiltration","Microenv score
xCell","Adverse"
"Macrophage_EPIC","DSS",393,96,1.17499892895646,0.232659441735032,0.978905584185467,1.41037348785544,0.0834328873479694,0.51596961654617,"STAD",0.296135248302978,"Benchmark infiltration","Macrophage
EPIC","Adverse"
"Macrophage M1_QUANTISEQ","DSS",393,96,0.734570402080279,-0.445027327911528,0.552198301772817,0.977173732479858,0.0341284799894808,0.556442756474787,"STAD",0.175213178517423,"Benchmark infiltration","M1 macrophage
quanTIseq","Protective"
"Macrophage M2_QUANTISEQ","DSS",393,96,1.13868245044588,0.187365472207543,0.93615465476819,1.38502513056937,0.193699374055058,0.524183215887252,"STAD",0.458342140253739,"Benchmark infiltration","M2 macrophage
quanTIseq","Adverse"
"Monocyte_QUANTISEQ","DSS",393,96,1.2562224810925,0.329091992847797,1.02314296182073,1.54239923538535,0.0293716158739858,0.505353710991123,"STAD",0.159327161580583,"Benchmark infiltration","Monocyte
quanTIseq","Adverse"
"Macrophage M0_CIBERSORT","DSS",393,96,0.926168284141451,-0.110653740885359,0.750256688524763,1.14332561597844,0.475431028150325,0.501121076233184,"STAD",0.695687884029295,"Benchmark infiltration","M0 macrophage
CIBERSORT","Protective"
"Macrophage M1_CIBERSORT","DSS",393,96,1.08522459265417,0.117993646519917,0.896461168713865,1.31373500337002,0.401536011297003,0.514162167108996,"STAD",0.640460230180925,"Benchmark infiltration","M1 macrophage
CIBERSORT","Adverse"
"Macrophage M2_CIBERSORT","DSS",393,96,1.06206892227349,0.0868773919384518,0.870396950091592,1.2959493890006,0.553164156727907,0.498489978951222,"STAD",0.746641760841659,"Benchmark infiltration","M2 macrophage
CIBERSORT","Adverse"
"MDR_injury","PFI",419,139,0.970019337052988,-0.0439145875954473,0.820919428546219,1.14619959223409,0.720733980596986,0.498487668683108,"STAD",0.91470918852047,"MDRi","MDR injury","Protective"
"MDR_resolution","PFI",419,139,0.998184395523564,-0.00262174432058448,0.84613281014814,1.17755992382839,0.982805160091573,0.505351326198232,"STAD",0.998145288522339,"MDRi","MDR resolution","Protective"
"MDR_apc_ifn","PFI",419,139,1.0126124702526,0.0180821561594926,0.859853927750571,1.19250954356111,0.880588792144087,0.505525825965565,"STAD",0.964587723032236,"MDRi","MDR APC/IFN","Adverse"
"MDR_axis","PFI",419,139,0.976767820085589,-0.0339124238082424,0.828026806171983,1.15222764195944,0.780338937168208,0.501017915309446,"STAD",0.929702056042286,"MDRi","MDR axis","Protective"
"Macrophage_TIMER","PFI",419,139,1.12097173303469,0.16474989890619,0.966546826651446,1.30006906195755,0.131033953093094,0.525273382968823,"STAD",0.470442283921229,"Benchmark infiltration","Macrophage
TIMER","Adverse"
"Macrophage/Monocyte_MCPCOUNTER","PFI",419,139,1.05486867207981,0.0770633989962702,0.89462911160413,1.24380919523196,0.525151740917502,0.515850395532806,"STAD",0.829884287826053,"Benchmark infiltration","Mac/Mono
MCPcounter","Adverse"
"Monocyte_MCPCOUNTER","PFI",419,139,1.05486867207981,0.0770633989962702,0.89462911160413,1.24380919523196,0.525151740917502,0.515850395532806,"STAD",0.829884287826053,"Benchmark infiltration","Monocyte
MCPcounter","Adverse"
"Myeloid dendritic cell_MCPCOUNTER","PFI",419,139,1.02654682651225,0.0377994382951949,0.873670894917459,1.20617316331904,0.750136792809087,0.505583992554677,"STAD",0.9164827584264,"Benchmark infiltration","myDC
MCPcounter","Adverse"
"Macrophage_XCELL","PFI",419,139,0.953597255637151,-0.0685480110214008,0.799476547478215,1.13742889497767,0.597312776098796,0.508972196370405,"STAD",0.862335026625775,"Benchmark infiltration","Macrophage
xCell","Protective"
"Macrophage M1_XCELL","PFI",419,139,0.921224663107357,-0.118375059281594,0.77294299241623,1.09795274456704,0.359484883764844,0.51291298278269,"STAD",0.740154708224617,"Benchmark infiltration","M1 macrophage
xCell","Protective"
"Macrophage M2_XCELL","PFI",419,139,1.02608992736112,0.0371571754601709,0.862102441126186,1.2212708012479,0.771903948298547,0.490911470451373,"STAD",0.928170716191447,"Benchmark infiltration","M2 macrophage
xCell","Adverse"
"Monocyte_XCELL","PFI",419,139,0.944580872992735,-0.0822537725239206,0.785315679996669,1.13614569064443,0.545075614247763,0.498778501628665,"STAD",0.836430062843449,"Benchmark infiltration","Monocyte
xCell","Protective"
"Myeloid dendritic cell_XCELL","PFI",419,139,0.968555341352711,-0.0460936109384428,0.815272321764014,1.15065779153779,0.716252438838538,0.499898208469055,"STAD",0.913885056221765,"Benchmark infiltration","myDC
xCell","Protective"
"immune score_XCELL","PFI",419,139,1.06479713329296,0.0905785922625186,0.916584756517925,1.23697555191311,0.411648752581079,0.511051651931131,"STAD",0.770722800348814,"Benchmark infiltration","Immune score
xCell","Adverse"
"stroma score_XCELL","PFI",419,139,1.03700531718307,0.0524232915030975,0.882787349091769,1.21816429400845,0.658247470827195,0.537517449976733,"STAD",0.885805678515502,"Benchmark infiltration","Stroma score
xCell","Adverse"
"microenvironment score_XCELL","PFI",419,139,1.07127639826244,0.0993307554911683,0.920579094724851,1.24664260577975,0.37340102160878,0.510644485807352,"STAD",0.74098066810109,"Benchmark infiltration","Microenv score
xCell","Adverse"
"Macrophage_EPIC","PFI",419,139,1.05834546401415,0.0818106273268842,0.896100460119082,1.24996601502746,0.504203743716034,0.506630991158678,"STAD",0.824816496430961,"Benchmark infiltration","Macrophage
EPIC","Adverse"
"Macrophage M1_QUANTISEQ","PFI",419,139,0.789541346656358,-0.34091327585167,0.631898295155762,0.986512454391531,0.0375749278090743,0.527760004653327,"STAD",0.241954441686469,"Benchmark infiltration","M1 macrophage
quanTIseq","Protective"
"Macrophage M2_QUANTISEQ","PFI",419,139,1.06085608455603,0.0852289539153218,0.893641630802865,1.25935900180529,0.499650759733775,0.507328990228013,"STAD",0.824816496430961,"Benchmark infiltration","M2 macrophage
quanTIseq","Adverse"
"Monocyte_QUANTISEQ","PFI",419,139,1.1404782771504,0.189638967697085,0.942049953066132,1.38070247381099,0.177709300878877,0.496364588180549,"STAD",0.559094558472815,"Benchmark infiltration","Monocyte
quanTIseq","Adverse"
"Macrophage M0_CIBERSORT","PFI",419,139,0.842080282197666,-0.247970311468472,0.699884168818219,1.0131665113435,0.0685531488093381,0.509888320148906,"STAD",0.328007774511347,"Benchmark infiltration","M0 macrophage
CIBERSORT","Protective"
"Macrophage M1_CIBERSORT","PFI",419,139,1.08520108552786,0.117962395862598,0.923540446336086,1.2751595240933,0.320467707502733,0.541225570032573,"STAD",0.705438499902182,"Benchmark infiltration","M1 macrophage
CIBERSORT","Adverse"
"Macrophage M2_CIBERSORT","PFI",419,139,1.04251852522888,0.0600730201383991,0.881506145542909,1.23294078089043,0.626632843968858,0.509655653792462,"STAD",0.862335026625775,"Benchmark infiltration","M2 macrophage
CIBERSORT","Adverse"
"MDR_injury","DFI",256,48,0.922862014648721,-0.115813141126487,0.695461489428137,1.22461748210071,0.578108116838988,0.501348700343305,"STAD",0.835962744234266,"MDRi","MDR injury","Protective"
"MDR_resolution","DFI",256,48,1.06734365837831,0.0940247632408832,0.799628395221945,1.42468988331034,0.658250026002046,0.510176557135851,"STAD",0.863247891242683,"MDRi","MDR resolution","Adverse"
"MDR_apc_ifn","DFI",256,48,1.16004236503154,0.214177493891505,0.873383120478243,1.54078806552971,0.305303318227432,0.553334968121628,"STAD",0.686495457558148,"MDRi","MDR APC/IFN","Adverse"
"MDR_axis","DFI",256,48,0.86444373057936,-0.210156037620355,0.646400663035651,1.15603681442503,0.325978778800055,0.529916625796959,"STAD",0.686495457558148,"MDRi","MDR axis","Protective"
"Macrophage_TIMER","DFI",256,48,1.17256467883311,0.229667504197523,0.929449554970788,1.47927116506092,0.179329091711103,0.554193231976459,"STAD",0.641150404646577,"Benchmark infiltration","Macrophage
TIMER","Adverse"
"Macrophage/Monocyte_MCPCOUNTER","DFI",256,48,1.06773700471406,0.0945563392362712,0.811980954450402,1.4040505568353,0.638972036948037,0.519127023050515,"STAD",0.852581874881247,"Benchmark infiltration","Mac/Mono
MCPcounter","Adverse"
"Monocyte_MCPCOUNTER","DFI",256,48,1.06773700471406,0.0945563392362712,0.811980954450402,1.4040505568353,0.638972036948037,0.519127023050515,"STAD",0.852581874881247,"Benchmark infiltration","Monocyte
MCPcounter","Adverse"
"Myeloid dendritic cell_MCPCOUNTER","DFI",256,48,1.01397328526682,0.0200196427546841,0.7833510153727,1.31249184983265,0.916061534157261,0.500858263854831,"STAD",0.97331538004209,"Benchmark infiltration","myDC
MCPcounter","Adverse"
"Macrophage_XCELL","DFI",256,48,1.08500303553028,0.117699078926307,0.830984901261995,1.41667024914905,0.548847458126568,0.5410127513487,"STAD",0.822923690278999,"Benchmark infiltration","Macrophage
xCell","Adverse"
"Macrophage M1_XCELL","DFI",256,48,1.00744146257121,0.010696013332189,0.756588675745254,1.34146641767785,0.959528170140978,0.517103972535557,"STAD",0.992056449279796,"Benchmark infiltration","M1 macrophage
xCell","Adverse"
"Macrophage M2_XCELL","DFI",256,48,1.19050549145773,0.251574275358827,0.92160239279484,1.5378685388315,0.181890779545643,0.541319274153997,"STAD",0.641150404646577,"Benchmark infiltration","M2 macrophage
xCell","Adverse"
"Monocyte_XCELL","DFI",256,48,0.866975508134303,-0.205936856679319,0.636388574198209,1.18111255006698,0.365556328047168,0.507724374693477,"STAD",0.714001508824044,"Benchmark infiltration","Monocyte
xCell","Protective"
"Myeloid dendritic cell_XCELL","DFI",256,48,0.959124411845296,-0.0602101297892548,0.719522847805491,1.2785134484656,0.775964507981493,0.499632172633644,"STAD",0.911628350791213,"Benchmark infiltration","myDC
xCell","Protective"
"immune score_XCELL","DFI",256,48,1.07398191116906,0.102969694546365,0.840690943731066,1.37201090855016,0.567865575866727,0.520353114271702,"STAD",0.830984556971319,"Benchmark infiltration","Immune score
xCell","Adverse"
"stroma score_XCELL","DFI",256,48,1.14606048742095,0.196683189469457,0.891037878424725,1.47407273319245,0.288418595088395,0.566025012260912,"STAD",0.686495457558148,"Benchmark infiltration","Stroma score
xCell","Adverse"
"microenvironment score_XCELL","DFI",256,48,1.12022037083183,0.163782568562021,0.884512722446585,1.41874011235873,0.346270491953839,0.542545365375184,"STAD",0.694750514546168,"Benchmark infiltration","Microenv score
xCell","Adverse"
"Macrophage_EPIC","DFI",256,48,1.06512065693152,0.0910168682886532,0.813602354699064,1.39439371981888,0.646210707908022,0.540215792054929,"STAD",0.857809574399324,"Benchmark infiltration","Macrophage
EPIC","Adverse"
"Macrophage M1_QUANTISEQ","DFI",256,48,0.805474847262077,-0.312088556603368,0.545827246864314,1.18863565954073,0.275900213828286,0.51495831289848,"STAD",0.686495457558148,"Benchmark infiltration","M1 macrophage
quanTIseq","Protective"
"Macrophage M2_QUANTISEQ","DFI",256,48,1.14113624796195,0.190471055013102,0.869014522521601,1.49846970639126,0.34217885454456,0.538867091711623,"STAD",0.691894688264111,"Benchmark infiltration","M2 macrophage
quanTIseq","Adverse"
"Monocyte_QUANTISEQ","DFI",256,48,1.12963179786512,0.175852604536752,0.886449464235474,1.43952706863953,0.324387344121409,0.490926924963217,"STAD",0.686495457558148,"Benchmark infiltration","Monocyte
quanTIseq","Adverse"
"Macrophage M0_CIBERSORT","DFI",256,48,0.851230524579888,-0.2323782090031,0.624970058212911,1.1594049930144,0.306904797842383,0.515755272192251,"STAD",0.686495457558148,"Benchmark infiltration","M0 macrophage
CIBERSORT","Protective"
"Macrophage M1_CIBERSORT","DFI",256,48,1.12208309612613,0.16617951902159,0.85113753509886,1.47927969651317,0.413992297238817,0.576385483079941,"STAD",0.745186135029872,"Benchmark infiltration","M1 macrophage
CIBERSORT","Adverse"
"Macrophage M2_CIBERSORT","DFI",256,48,1.30080531513672,0.379405057440806,0.990990454444375,1.70747806933889,0.0581245541519008,0.602256007846984,"STAD",0.554329554624311,"Benchmark infiltration","M2 macrophage
CIBERSORT","Adverse"
"MDR_injury","PFI",137,38,1.29129362959186,0.368817094981869,0.918105532428609,1.81617382635061,0.141835505653973,0.60475100171723,"TGCT",0.488623316977938,"MDRi","MDR injury","Adverse"
"MDR_resolution","PFI",137,38,1.21278791407791,0.278327281653676,0.853718288846001,1.72288042056782,0.281466135725719,0.598168288494562,"TGCT",0.675714869390314,"MDRi","MDR resolution","Adverse"
"MDR_apc_ifn","PFI",137,38,0.926126783928013,-0.11071838733739,0.688427082022932,1.24589930045819,0.612063351824371,0.560961648540355,"TGCT",0.862335026625775,"MDRi","MDR APC/IFN","Protective"
"MDR_axis","PFI",137,38,1.10445470301372,0.143334250673672,0.803938636509588,1.51730509719639,0.539778941551214,0.558385804235833,"TGCT",0.830224444645301,"MDRi","MDR axis","Adverse"
"Macrophage_TIMER","PFI",137,38,0.958391662947176,-0.0613127367158804,0.691300765147824,1.32867577458886,0.798741473875388,0.471665712650258,"TGCT",0.935068057643139,"Benchmark infiltration","Macrophage
TIMER","Protective"
"Macrophage/Monocyte_MCPCOUNTER","PFI",137,38,0.749662241117324,-0.415687356373236,0.483826152086931,1.16156076585144,0.197175891543588,0.528334287349742,"TGCT",0.563710328935819,"Benchmark infiltration","Mac/Mono
MCPcounter","Protective"
"Monocyte_MCPCOUNTER","PFI",137,38,0.749662241117324,-0.415687356373236,0.483826152086931,1.16156076585144,0.197175891543588,0.528334287349742,"TGCT",0.563710328935819,"Benchmark infiltration","Monocyte
MCPcounter","Protective"
"Myeloid dendritic cell_MCPCOUNTER","PFI",137,38,0.806577650415167,-0.3101146644497,0.527974499211503,1.23219493956779,0.320114206186363,0.510303377218088,"TGCT",0.705438499902182,"Benchmark infiltration","myDC
MCPcounter","Protective"
"Macrophage_XCELL","PFI",137,38,0.910741327426024,-0.134886742980287,0.64456667511471,1.28683315086698,0.596034175738852,0.474813966800229,"TGCT",0.862335026625775,"Benchmark infiltration","Macrophage
xCell","Protective"
"Macrophage M1_XCELL","PFI",137,38,1.0182860995328,0.026142960615601,0.740751305668248,1.39980391876098,0.911130669343407,0.552232398397252,"TGCT",0.971778686033448,"Benchmark infiltration","M1 macrophage
xCell","Adverse"
"Macrophage M2_XCELL","PFI",137,38,0.713494689083568,-0.487025403884732,0.465439016952357,1.09375160398847,0.121425711908113,0.51774470520893,"TGCT",0.454737416668129,"Benchmark infiltration","M2 macrophage
xCell","Protective"
"Monocyte_XCELL","PFI",137,38,0.871062738489521,-0.199151461886374,0.588009495527673,1.29037081910382,0.49114524976761,0.492701774470521,"TGCT",0.818440972969624,"Benchmark infiltration","Monocyte
xCell","Protective"
"Myeloid dendritic cell_XCELL","PFI",137,38,0.864239404900889,-0.21049708293789,0.595642164910511,1.25395714572298,0.442307837623302,0.488265598168289,"TGCT",0.78860523188442,"Benchmark infiltration","myDC
xCell","Protective"
"immune score_XCELL","PFI",137,38,0.776222112298919,-0.365458563014193,0.532032379511432,1.13248890636148,0.18871401465195,0.590011448196909,"TGCT",0.563710328935819,"Benchmark infiltration","Immune score
xCell","Protective"
"stroma score_XCELL","PFI",137,38,1.17516028626209,0.232857546938713,0.904584848302274,1.5266690581867,0.226704708784412,0.589582140812822,"TGCT",0.6002068666097,"Benchmark infiltration","Stroma score
xCell","Adverse"
"microenvironment score_XCELL","PFI",137,38,0.828912106646231,-0.270708960630921,0.574431668402662,1.19613057277172,0.315944114886534,0.585575271894677,"TGCT",0.702211274699426,"Benchmark infiltration","Microenv score
xCell","Protective"
"Macrophage_EPIC","PFI",137,38,0.856905062342329,-0.222792719808588,0.587385309363605,1.25009303801531,0.422857208084792,0.495134516313681,"TGCT",0.771216873967342,"Benchmark infiltration","Macrophage
EPIC","Protective"
"Macrophage M1_QUANTISEQ","PFI",137,38,0.840124988545605,-0.251324115875989,0.542588796304439,1.30081933351004,0.434826190376665,0.497853463079565,"TGCT",0.780195950962297,"Benchmark infiltration","M1 macrophage
quanTIseq","Protective"
"Macrophage M2_QUANTISEQ","PFI",137,38,0.915844003901137,-0.126826210499619,0.654763851489192,1.28102710247973,0.607637026671011,0.47853463079565,"TGCT",0.862335026625775,"Benchmark infiltration","M2 macrophage
quanTIseq","Protective"
"Monocyte_QUANTISEQ","PFI",137,38,1.06947386762281,0.0969012309727222,0.821945126174978,1.39154587952943,0.617020754867502,0.586863194046938,"TGCT",0.862335026625775,"Benchmark infiltration","Monocyte
quanTIseq","Adverse"
"Macrophage M0_CIBERSORT","PFI",137,38,0.960676589239203,-0.0578772639188406,0.706118804115886,1.30700316112925,0.798407174143864,0.487263880938752,"TGCT",0.935068057643139,"Benchmark infiltration","M0 macrophage
CIBERSORT","Protective"
"Macrophage M1_CIBERSORT","PFI",137,38,1.03855983713411,0.0545843401591829,0.763288286379276,1.41310505421812,0.809710720540364,0.555380652547224,"TGCT",0.939209909852376,"Benchmark infiltration","M1 macrophage
CIBERSORT","Adverse"
"Macrophage M2_CIBERSORT","PFI",137,38,1.32277856654698,0.403571574328623,0.975180586587062,1.79427601429172,0.0721154411427368,0.610475100171723,"TGCT",0.333473415753998,"Benchmark infiltration","M2 macrophage
CIBERSORT","Adverse"
"MDR_injury","DFI",108,30,1.34929227065778,0.432202884800336,0.928289681102703,1.96123006505272,0.116415400992139,0.643672456575682,"TGCT",0.623333303253342,"MDRi","MDR injury","Adverse"
"MDR_resolution","DFI",108,30,1.19974761922088,0.262730950172979,0.832206100206168,1.72961283204916,0.329167530967005,0.622332506203474,"TGCT",0.686495457558148,"MDRi","MDR resolution","Adverse"
"MDR_apc_ifn","DFI",108,30,0.961389320975362,-0.0568073166471002,0.709717106637183,1.30230681752182,0.799284528232785,0.573200992555831,"TGCT",0.921787935826253,"MDRi","MDR APC/IFN","Protective"
"MDR_axis","DFI",108,30,1.19095903121434,0.252123785594554,0.840488757253635,1.68756976436625,0.325726693723602,0.596029776674938,"TGCT",0.686495457558148,"MDRi","MDR axis","Adverse"
"Macrophage_TIMER","DFI",108,30,1.04205391976316,0.0594299299794815,0.744112031223708,1.45929151274172,0.810522764051617,0.553598014888337,"TGCT",0.924221573914374,"Benchmark infiltration","Macrophage
TIMER","Adverse"
"Macrophage/Monocyte_MCPCOUNTER","DFI",108,30,0.722343340494963,-0.46924336041954,0.45622066187794,1.14370072457837,0.165356987318966,0.545409429280397,"TGCT",0.641150404646577,"Benchmark infiltration","Mac/Mono
MCPcounter","Protective"
"Monocyte_MCPCOUNTER","DFI",108,30,0.722343340494963,-0.46924336041954,0.45622066187794,1.14370072457837,0.165356987318966,0.545409429280397,"TGCT",0.641150404646577,"Benchmark infiltration","Monocyte
MCPcounter","Protective"
"Myeloid dendritic cell_MCPCOUNTER","DFI",108,30,0.854902189327794,-0.226168726402033,0.577745044163598,1.26501778024859,0.432970915262936,0.50818858560794,"TGCT",0.759973182728537,"Benchmark infiltration","myDC
MCPcounter","Protective"
"Macrophage_XCELL","DFI",108,30,0.932705961828359,-0.100505755794596,0.648158202034413,1.34217295792853,0.707541451410861,0.446650124069479,"TGCT",0.875480891758541,"Benchmark infiltration","Macrophage
xCell","Protective"
"Macrophage M1_XCELL","DFI",108,30,1.04912324010573,0.0691841607045413,0.748037672909618,1.47139591064811,0.78111603187829,0.581389578163772,"TGCT",0.912295823491438,"Benchmark infiltration","M1 macrophage
xCell","Adverse"
"Macrophage M2_XCELL","DFI",108,30,0.844116270477535,-0.244486362201143,0.565827381472727,1.25927500403097,0.406334752826196,0.465508684863524,"TGCT",0.743058372698104,"Benchmark infiltration","M2 macrophage
xCell","Protective"
"Monocyte_XCELL","DFI",108,30,0.78425635092264,-0.350602787799678,0.481187949642241,1.27820745390608,0.32951650666631,0.528287841191067,"TGCT",0.686495457558148,"Benchmark infiltration","Monocyte
xCell","Protective"
"Myeloid dendritic cell_XCELL","DFI",108,30,0.867985271755617,-0.204257532108627,0.595466842691938,1.26522314589133,0.46149402062577,0.506451612903226,"TGCT",0.780601020665024,"Benchmark infiltration","myDC
xCell","Protective"
"immune score_XCELL","DFI",108,30,0.749679888813019,-0.415653394487482,0.492090032434841,1.14210794498285,0.179810298580914,0.604218362282878,"TGCT",0.641150404646577,"Benchmark infiltration","Immune score
xCell","Protective"
"stroma score_XCELL","DFI",108,30,1.07260768416834,0.101122493987711,0.784300945856799,1.4668951379118,0.660781769566523,0.579652605459057,"TGCT",0.864025221116915,"Benchmark infiltration","Stroma score
xCell","Adverse"
"microenvironment score_XCELL","DFI",108,30,0.747279687395746,-0.420279787483354,0.486035176836122,1.1489434464999,0.184394886719747,0.617866004962779,"TGCT",0.641150404646577,"Benchmark infiltration","Microenv score
xCell","Protective"
"Macrophage_EPIC","DFI",108,30,0.786087506377599,-0.347238174273682,0.49517948754553,1.24789815253835,0.307372097770338,0.516129032258065,"TGCT",0.686495457558148,"Benchmark infiltration","Macrophage
EPIC","Protective"
"Macrophage M1_QUANTISEQ","DFI",108,30,0.834584438922123,-0.260870073518231,0.542547026420427,1.28381716565009,0.410546473695292,0.482133995037221,"TGCT",0.743522199769978,"Benchmark infiltration","M1 macrophage
quanTIseq","Protective"
"Macrophage M2_QUANTISEQ","DFI",108,30,0.903320173058478,-0.146690667298733,0.624745593013313,1.30611139026796,0.588878969816636,0.460545905707196,"TGCT",0.840107094584694,"Benchmark infiltration","M2 macrophage
quanTIseq","Protective"
"Monocyte_QUANTISEQ","DFI",108,30,1.055629082443,0.078103002383803,0.788674513566752,1.41294379434151,0.715893020133387,0.619602977667494,"TGCT",0.878595979254612,"Benchmark infiltration","Monocyte
quanTIseq","Adverse"
"Macrophage M0_CIBERSORT","DFI",108,30,1.00013607778968,0.000196305396251878,0.721593007368043,1.38619992694351,0.999348138027922,0.541191066997519,"TGCT",0.999794372333174,"Benchmark infiltration","M0 macrophage
CIBERSORT","Adverse"
"Macrophage M1_CIBERSORT","DFI",108,30,1.07798809050497,0.108341239440765,0.773085961203834,1.50314244674813,0.657970555492578,0.570223325062035,"TGCT",0.863247891242683,"Benchmark infiltration","M1 macrophage
CIBERSORT","Adverse"
"Macrophage M2_CIBERSORT","DFI",108,30,1.25103839616125,0.323126068561569,0.897919444918131,1.74302614508188,0.185625490677857,0.624813895781638,"TGCT",0.641150404646577,"Benchmark infiltration","M2 macrophage
CIBERSORT","Adverse"
"MDR_injury","OS",566,20,1.11453288289776,0.156439182137088,0.686982231747248,1.80817419964568,0.66050410641701,0.576190476190476,"THCA",0.869453388489482,"MDRi","MDR injury","Adverse"
"MDR_resolution","OS",566,20,0.879275579100759,-0.185612694829173,0.564401891453493,1.36981387856791,0.5694983064129,0.550666666666667,"THCA",0.809837041229353,"MDRi","MDR resolution","Protective"
"MDR_apc_ifn","OS",566,20,0.648643667431907,-0.624501943947731,0.414331508816045,1.01546370079789,0.0583762498052361,0.572380952380952,"THCA",0.219353181086342,"MDRi","MDR APC/IFN","Protective"
"MDR_axis","OS",566,20,1.60612507437419,0.683584244756414,0.943275514260617,2.73476594646426,0.081000353069734,0.576571428571429,"THCA",0.27745977294605,"MDRi","MDR axis","Adverse"
"Macrophage_TIMER","OS",566,20,1.08291232032683,0.114916437636487,0.684210504945812,1.71394488251611,0.733839901708726,0.46047619047619,"THCA",0.90240360439747,"Benchmark infiltration","Macrophage
TIMER","Adverse"
"Macrophage/Monocyte_MCPCOUNTER","OS",566,20,1.21414216892846,0.279937362614357,0.847815220152719,1.73875293970867,0.289614953704688,0.577904761904762,"THCA",0.551039707636448,"Benchmark infiltration","Mac/Mono
MCPcounter","Adverse"
"Monocyte_MCPCOUNTER","OS",566,20,1.21414216892846,0.279937362614357,0.847815220152719,1.73875293970867,0.289614953704688,0.577904761904762,"THCA",0.551039707636448,"Benchmark infiltration","Monocyte
MCPcounter","Adverse"
"Myeloid dendritic cell_MCPCOUNTER","OS",566,20,1.20486813403654,0.268875260329396,0.88745451884237,1.63581027488638,0.232232959828732,0.601333333333333,"THCA",0.496367688019802,"Benchmark infiltration","myDC
MCPcounter","Adverse"
"Macrophage_XCELL","OS",566,20,0.894466133292479,-0.160901235590556,0.530505454143318,1.50812712170733,0.675625989837532,0.595809523809524,"THCA",0.878172146120062,"Benchmark infiltration","Macrophage
xCell","Protective"
"Macrophage M1_XCELL","OS",566,20,0.717577529324373,-0.478793381385861,0.357276497740598,1.44122973060805,0.3509573342727,0.631428571428571,"THCA",0.607803204606352,"Benchmark infiltration","M1 macrophage
xCell","Protective"
"Macrophage M2_XCELL","OS",566,20,1.15806942071941,0.21172173858253,0.788474557879954,1.70091066325768,0.45431124234729,0.400952380952381,"THCA",0.70772103079226,"Benchmark infiltration","M2 macrophage
xCell","Adverse"
"Monocyte_XCELL","OS",566,20,1.31161229538753,0.391341331097559,0.870566916838713,1.97609945902697,0.194584431827005,0.524,"THCA",0.459264965229492,"Benchmark infiltration","Monocyte
xCell","Adverse"
"Myeloid dendritic cell_XCELL","OS",566,20,1.08195712466919,0.113643329799921,0.685457517291515,1.70781002482546,0.735177319234368,0.487238095238095,"THCA",0.90240360439747,"Benchmark infiltration","myDC
xCell","Adverse"
"immune score_XCELL","OS",566,20,0.835417900712914,-0.259430038060028,0.427736384774148,1.63166635730577,0.598546316749378,0.568190476190476,"THCA",0.835807919785168,"Benchmark infiltration","Immune score
xCell","Protective"
"stroma score_XCELL","OS",566,20,1.20271970813928,0.266300463965904,0.818394109584424,1.76752823536472,0.347372279391157,0.592,"THCA",0.603279588858592,"Benchmark infiltration","Stroma score
xCell","Adverse"
"microenvironment score_XCELL","OS",566,20,0.922498138416412,-0.116382095042372,0.495969900677294,1.71583560659552,0.798891423371134,0.527809523809524,"THCA",0.934552231113402,"Benchmark infiltration","Microenv score
xCell","Protective"
"Macrophage_EPIC","OS",566,20,0.588195758383546,-0.765631714234448,0.284830358366213,1.21466774877827,0.151471590862562,0.637523809523809,"THCA",0.401303732289232,"Benchmark infiltration","Macrophage
EPIC","Protective"
"Macrophage M1_QUANTISEQ","OS",566,20,0.815559762412091,-0.294137496581089,0.509998384119885,1.30419575194049,0.394672278556924,0.53152380952381,"THCA",0.6507893954928,"Benchmark infiltration","M1 macrophage
quanTIseq","Protective"
"Macrophage M2_QUANTISEQ","OS",566,20,1.00322937801926,0.00465150096203589,0.627666627477109,1.6035091573474,0.989249014680947,0.406285714285714,"THCA",0.997350514794122,"Benchmark infiltration","M2 macrophage
quanTIseq","Adverse"
"Monocyte_QUANTISEQ","OS",566,20,1.25615417865853,0.329013549528075,1.03310683702599,1.52735734970417,0.0222236530657329,0.542857142857143,"THCA",0.127885428580143,"Benchmark infiltration","Monocyte
quanTIseq","Adverse"
"Macrophage M0_CIBERSORT","OS",566,20,1.27718720439898,0.352970004338682,0.935371483164152,1.74391371176133,0.12367095998595,0.592380952380952,"THCA",0.356632535773437,"Benchmark infiltration","M0 macrophage
CIBERSORT","Adverse"
"Macrophage M1_CIBERSORT","OS",566,20,0.471914143603546,-1.08340368416506,0.244424241599945,0.911132862580674,0.0252717001333028,0.683714285714286,"THCA",0.135394507849661,"Benchmark infiltration","M1 macrophage
CIBERSORT","Protective"
"Macrophage M2_CIBERSORT","OS",566,20,0.845534531287771,-0.242064419967854,0.53222709410009,1.34327743086597,0.477440346133189,0.604,"THCA",0.727304704183236,"Benchmark infiltration","M2 macrophage
CIBERSORT","Protective"
"MDR_injury","DSS",560,10,0.808667872899547,-0.3063807982946,0.438951947922011,1.48978431866092,0.495724680493119,0.477582846003899,"THCA",0.702073131240254,"MDRi","MDR injury","Protective"
"MDR_resolution","DSS",560,10,0.462181237046583,-1.11346940230228,0.256567286793514,0.83257494962647,0.0101657803505684,0.677063027940221,"THCA",0.081185051410789,"MDRi","MDR resolution","Protective"
"MDR_apc_ifn","DSS",560,10,0.525949582800832,-0.927003584589078,0.277803134356852,0.995751773243254,0.0484914008775591,0.59551656920078,"THCA",0.211231481095428,"MDRi","MDR APC/IFN","Protective"
"MDR_axis","DSS",560,10,2.82172798692052,1.49657891960232,1.38191405799661,5.7616816227439,0.00439876515864483,0.626380766731644,"THCA",0.0491694879936643,"MDRi","MDR axis","Adverse"
"Macrophage_TIMER","DSS",560,10,0.816301128764398,-0.292826642648229,0.382030136895711,1.74422766286612,0.600321581833104,0.577972709551657,"THCA",0.795356934456301,"Benchmark infiltration","Macrophage
TIMER","Protective"
"Macrophage/Monocyte_MCPCOUNTER","DSS",560,10,1.31829960783071,0.398678286590498,0.829468916119163,2.09521275871044,0.242395253463824,0.64327485380117,"THCA",0.518131117998879,"Benchmark infiltration","Mac/Mono
MCPcounter","Adverse"
"Monocyte_MCPCOUNTER","DSS",560,10,1.31829960783071,0.398678286590498,0.829468916119163,2.09521275871044,0.242395253463824,0.64327485380117,"THCA",0.518131117998879,"Benchmark infiltration","Monocyte
MCPcounter","Adverse"
"Myeloid dendritic cell_MCPCOUNTER","DSS",560,10,1.16948741373702,0.22587633519449,0.749011520154642,1.82600771027784,0.491010369192279,0.641650422352177,"THCA",0.702073131240254,"Benchmark infiltration","myDC
MCPcounter","Adverse"
"Macrophage_XCELL","DSS",560,10,0.0274303578664319,-5.18808274554119,0.000621745258139304,1.210181377068,0.0627120590857718,0.769980506822612,"THCA",0.246982424481635,"Benchmark infiltration","Macrophage
xCell","Protective"
"Macrophage M1_XCELL","DSS",560,10,1.58767618610792e-06,-19.2646518711589,2.47663330225233e-13,10.1779931233331,0.0949549930547413,0.77729044834308,"THCA",0.318014900801065,"Benchmark infiltration","M1 macrophage
xCell","Protective"
"Macrophage M2_XCELL","DSS",560,10,0.203148722040334,-2.29939180593673,0.0310837970694962,1.32768217391048,0.0961042241422031,0.757634827810266,"THCA",0.318014900801065,"Benchmark infiltration","M2 macrophage
xCell","Protective"
"Monocyte_XCELL","DSS",560,10,0.741589225293198,-0.431307811993222,0.279331970430487,1.96882074838556,0.548428632851539,0.549870045484081,"THCA",0.741991679740317,"Benchmark infiltration","Monocyte
xCell","Protective"
"Myeloid dendritic cell_XCELL","DSS",560,10,0.825676113081799,-0.276352126422339,0.367540035026074,1.85487560196131,0.642746400345941,0.613060428849903,"THCA",0.822479402815206,"Benchmark infiltration","myDC
xCell","Protective"
"immune score_XCELL","DSS",560,10,0.197033637448418,-2.34348614826458,0.0220936030639707,1.75717171046059,0.145661384619124,0.674139051332034,"THCA",0.404614957275344,"Benchmark infiltration","Immune score
xCell","Protective"
"stroma score_XCELL","DSS",560,10,1.10478775067623,0.143769228929613,0.621269603177573,1.9646156319278,0.734382495718647,0.586094866796621,"THCA",0.883409905937703,"Benchmark infiltration","Stroma score
xCell","Adverse"
"microenvironment score_XCELL","DSS",560,10,0.227230934692856,-2.13776884151497,0.0303772042673748,1.69975805630158,0.148944880598164,0.600389863547758,"THCA",0.406676964610111,"Benchmark infiltration","Microenv score
xCell","Protective"
"Macrophage_EPIC","DSS",560,10,0.0552417804601253,-4.17809637091014,0.00455024700829206,0.670656846286268,0.0229901241283277,0.757634827810266,"THCA",0.136281663647304,"Benchmark infiltration","Macrophage
EPIC","Protective"
"Macrophage M1_QUANTISEQ","DSS",560,10,0.44217001508316,-1.17732690003074,0.177539865471475,1.10124180684397,0.0796323762032345,0.624269005847953,"THCA",0.288023203536584,"Benchmark infiltration","M1 macrophage
quanTIseq","Protective"
"Macrophage M2_QUANTISEQ","DSS",560,10,0.662178338418117,-0.594708277701085,0.300299837151279,1.46014115768331,0.306908398263254,0.655945419103314,"THCA",0.572962107147309,"Benchmark infiltration","M2 macrophage
quanTIseq","Protective"
"Monocyte_QUANTISEQ","DSS",560,10,1.32500190394154,0.405994432736244,1.10070928188082,1.59499885605469,0.00293915784786598,0.586094866796621,"THCA",0.0382027165076728,"Benchmark infiltration","Monocyte
quanTIseq","Adverse"
"Macrophage M0_CIBERSORT","DSS",560,10,1.22438614634906,0.292058626303432,0.761394065686568,1.96891662666126,0.403584094391523,0.565789473684211,"THCA",0.640460230180925,"Benchmark infiltration","M0 macrophage
CIBERSORT","Adverse"
"Macrophage M1_CIBERSORT","DSS",560,10,0.250636350449148,-1.9963324271965,0.0683279055292793,0.919369321800005,0.0369116335690063,0.769005847953216,"THCA",0.179661814960732,"Benchmark infiltration","M1 macrophage
CIBERSORT","Protective"
"Macrophage M2_CIBERSORT","DSS",560,10,0.788886729298087,-0.342109926221732,0.408162807507292,1.52474027573302,0.480614950241863,0.653021442495127,"THCA",0.698745076302699,"Benchmark infiltration","M2 macrophage
CIBERSORT","Protective"
"MDR_injury","PFI",566,64,1.08667980099662,0.119926901205908,0.835694224329568,1.41304433549412,0.535002533251311,0.536915615906887,"THCA",0.830224444645301,"MDRi","MDR injury","Adverse"
"MDR_resolution","PFI",566,64,0.851204296096866,-0.232422662631434,0.666705403298939,1.08675998440781,0.196193225716242,0.549447138700291,"THCA",0.563710328935819,"MDRi","MDR resolution","Protective"
"MDR_apc_ifn","PFI",566,64,1.06700340794385,0.0935647840497167,0.829084616724379,1.37319671550758,0.614375390460707,0.572337536372454,"THCA",0.862335026625775,"MDRi","MDR APC/IFN","Adverse"
"MDR_axis","PFI",566,64,1.5297932148451,0.613336654173232,1.16389916012606,2.01071309299048,0.00230221829199053,0.609738118331717,"THCA",0.0512354419270183,"MDRi","MDR axis","Adverse"
"Macrophage_TIMER","PFI",566,64,0.79897123565586,-0.323784530311881,0.599354652117515,1.06507062746597,0.125978798683116,0.575344325897187,"THCA",0.464167873222819,"Benchmark infiltration","Macrophage
TIMER","Protective"
"Macrophage/Monocyte_MCPCOUNTER","PFI",566,64,1.0919602941191,0.126920397907095,0.869034831537117,1.37207076248443,0.450182745321055,0.534354995150339,"THCA",0.792910774410919,"Benchmark infiltration","Mac/Mono
MCPcounter","Adverse"
"Monocyte_MCPCOUNTER","PFI",566,64,1.0919602941191,0.126920397907095,0.869034831537117,1.37207076248443,0.450182745321055,0.534354995150339,"THCA",0.792910774410919,"Benchmark infiltration","Monocyte
MCPcounter","Adverse"
"Myeloid dendritic cell_MCPCOUNTER","PFI",566,64,1.02238448631016,0.0319378500700741,0.807844183175371,1.29390055609372,0.853838270188497,0.51262851600388,"THCA",0.95965440339501,"Benchmark infiltration","myDC
MCPcounter","Adverse"
"Macrophage_XCELL","PFI",566,64,1.02428893904326,0.0346227388975713,0.798586964621546,1.31378031088144,0.85011644626031,0.517963142580019,"THCA",0.95965440339501,"Benchmark infiltration","Macrophage
xCell","Adverse"
"Macrophage M1_XCELL","PFI",566,64,0.92835133337528,-0.107257200100737,0.696712880705991,1.2370033941476,0.611700506369611,0.512686711930165,"THCA",0.862335026625775,"Benchmark infiltration","M1 macrophage
xCell","Protective"
"Macrophage M2_XCELL","PFI",566,64,0.971374180563556,-0.0419009553117736,0.73598081070663,1.28205489183825,0.837473048088339,0.493268671193017,"THCA",0.95965440339501,"Benchmark infiltration","M2 macrophage
xCell","Protective"
"Monocyte_XCELL","PFI",566,64,1.09439745804684,0.130136784397595,0.852555198747139,1.40484252273571,0.47896061045616,0.509660523763337,"THCA",0.812817390650972,"Benchmark infiltration","Monocyte
xCell","Adverse"
"Myeloid dendritic cell_XCELL","PFI",566,64,1.06524037937829,0.0911790220057788,0.834843424846523,1.35922142055155,0.611265762558448,0.540407371483996,"THCA",0.862335026625775,"Benchmark infiltration","myDC
xCell","Adverse"
"immune score_XCELL","PFI",566,64,1.1487109590678,0.200015829856941,0.903580483437069,1.46034237311453,0.257606972498711,0.553753637245393,"THCA",0.645422560187679,"Benchmark infiltration","Immune score
xCell","Adverse"
"stroma score_XCELL","PFI",566,64,0.770842191662986,-0.375492555898915,0.586319830575892,1.0134361034048,0.0622711343907442,0.574859359844811,"THCA",0.321380104896992,"Benchmark infiltration","Stroma score
xCell","Protective"
"microenvironment score_XCELL","PFI",566,64,1.09139818132672,0.126177544761344,0.844363301423816,1.41070791233429,0.504164720664241,0.535945683802134,"THCA",0.824816496430961,"Benchmark infiltration","Microenv score
xCell","Adverse"
"Macrophage_EPIC","PFI",566,64,0.772422547479771,-0.372537816846244,0.560014868554773,1.06539419818419,0.115516094381502,0.547352085354025,"THCA",0.444640162172375,"Benchmark infiltration","Macrophage
EPIC","Protective"
"Macrophage M1_QUANTISEQ","PFI",566,64,1.07388045392955,0.102833399168413,0.846690690766064,1.3620313083737,0.556710430392189,0.542308438409311,"THCA",0.839329292210544,"Benchmark infiltration","M1 macrophage
quanTIseq","Adverse"
"Macrophage M2_QUANTISEQ","PFI",566,64,0.888938610123027,-0.16984430454908,0.678511268312279,1.16462598260604,0.392997636344905,0.551542192046557,"THCA",0.758474429808513,"Benchmark infiltration","M2 macrophage
quanTIseq","Protective"
"Monocyte_QUANTISEQ","PFI",566,64,1.16509039541318,0.220441893038375,1.03207474617164,1.31524934072777,0.0134964287292149,0.535906886517944,"THCA",0.144920892025531,"Benchmark infiltration","Monocyte
quanTIseq","Adverse"
"Macrophage M0_CIBERSORT","PFI",566,64,1.3550060027989,0.438299242862559,1.12763160677942,1.62822792176329,0.00118836115939053,0.592356935014549,"THCA",0.0327512335528031,"Benchmark infiltration","M0 macrophage
CIBERSORT","Adverse"
"Macrophage M1_CIBERSORT","PFI",566,64,1.1248140726704,0.169686549349541,0.88355363446551,1.43195234417517,0.339641648962383,0.554161008729389,"THCA",0.726748745761124,"Benchmark infiltration","M1 macrophage
CIBERSORT","Adverse"
"Macrophage M2_CIBERSORT","PFI",566,64,0.879609866487681,-0.185064308051216,0.684019273871436,1.13112823976931,0.317453821689014,0.562327837051406,"THCA",0.703298016539328,"Benchmark infiltration","M2 macrophage
CIBERSORT","Protective"
"MDR_injury","DFI",395,30,1.2408715245212,0.311353751623702,0.828958028499459,1.85746694938797,0.294382045427209,0.57671721677074,"THCA",0.686495457558148,"MDRi","MDR injury","Adverse"
"MDR_resolution","DFI",395,30,0.963892573121223,-0.0530557294088152,0.671269035165054,1.38407828135526,0.842093337712037,0.512934879571811,"THCA",0.935019730823503,"MDRi","MDR resolution","Protective"
"MDR_apc_ifn","DFI",395,30,1.16238588310735,0.217089087010872,0.803840514548599,1.68085698194247,0.423928075349181,0.585526315789474,"THCA",0.751285662491406,"MDRi","MDR APC/IFN","Adverse"
"MDR_axis","DFI",395,30,1.57993825096364,0.659868174371127,1.06268556738476,2.34895904627851,0.0237940152226338,0.615075825156111,"THCA",0.399887303769851,"MDRi","MDR axis","Adverse"
"Macrophage_TIMER","DFI",395,30,0.927478100470608,-0.108614877537155,0.631809344871076,1.36151140187409,0.700693608444572,0.525814005352364,"THCA",0.875198575764806,"Benchmark infiltration","Macrophage
TIMER","Protective"
"Macrophage/Monocyte_MCPCOUNTER","DFI",395,30,1.37303647839881,0.457369955059643,1.06449398818892,1.77100969280366,0.0146369176544545,0.611061552185549,"THCA",0.340954607376935,"Benchmark infiltration","Mac/Mono
MCPcounter","Adverse"
"Monocyte_MCPCOUNTER","DFI",395,30,1.37303647839881,0.457369955059643,1.06449398818892,1.77100969280366,0.0146369176544545,0.611061552185549,"THCA",0.340954607376935,"Benchmark infiltration","Monocyte
MCPcounter","Adverse"
"Myeloid dendritic cell_MCPCOUNTER","DFI",395,30,1.10962534025947,0.150072639646212,0.83795965532242,1.4693647694437,0.467808679855543,0.542707404103479,"THCA",0.784022771767278,"Benchmark infiltration","myDC
MCPcounter","Adverse"
"Macrophage_XCELL","DFI",395,30,1.00716171308722,0.0102953456466551,0.703669236600531,1.44155046653637,0.968886084597952,0.513102140945584,"THCA",0.99606816755297,"Benchmark infiltration","Macrophage
xCell","Adverse"
"Macrophage M1_XCELL","DFI",395,30,0.885876868572313,-0.174821907896052,0.581811752924743,1.34885179325863,0.572139056908843,0.519012042818912,"THCA",0.833688340067171,"Benchmark infiltration","M1 macrophage
xCell","Protective"
"Macrophage M2_XCELL","DFI",395,30,0.873108367521515,-0.195767367054202,0.547784896231889,1.39163789779516,0.568332062455748,0.493086529884032,"THCA",0.830984556971319,"Benchmark infiltration","M2 macrophage
xCell","Protective"
"Monocyte_XCELL","DFI",395,30,1.3037314318988,0.382646705632265,0.980398481774114,1.7336987746504,0.0681767034641302,0.550958965209634,"THCA",0.570932348270158,"Benchmark infiltration","Monocyte
xCell","Adverse"
"Myeloid dendritic cell_XCELL","DFI",395,30,1.22032491525871,0.287265320922061,0.909066087082306,1.63815691726089,0.185047221251755,0.584076717216771,"THCA",0.641150404646577,"Benchmark infiltration","myDC
xCell","Adverse"
"immune score_XCELL","DFI",395,30,1.30149360314724,0.380168220900358,0.980341935172859,1.727851822165,0.0683578471396497,0.554973238180196,"THCA",0.570932348270158,"Benchmark infiltration","Immune score
xCell","Adverse"
"stroma score_XCELL","DFI",395,30,0.784448618819263,-0.350249140749762,0.524550762779664,1.17311741633274,0.237061826417023,0.587756467439786,"THCA",0.663484014179352,"Benchmark infiltration","Stroma score
xCell","Protective"
"microenvironment score_XCELL","DFI",395,30,1.26647400661997,0.34081746717651,0.94418584246883,1.69877193376471,0.114874327428997,0.573260481712756,"THCA",0.623333303253342,"Benchmark infiltration","Microenv score
xCell","Adverse"
"Macrophage_EPIC","DFI",395,30,0.936019364386489,-0.0953897182673836,0.624124507483877,1.40377799621836,0.749156369974114,0.515722569134701,"THCA",0.895284586698668,"Benchmark infiltration","Macrophage
EPIC","Protective"
"Macrophage M1_QUANTISEQ","DFI",395,30,1.17533839932681,0.233076192315771,0.854003829947268,1.61758098089258,0.321467264050827,0.554136931311329,"THCA",0.686495457558148,"Benchmark infiltration","M1 macrophage
quanTIseq","Adverse"
"Macrophage M2_QUANTISEQ","DFI",395,30,1.04623444718478,0.0652061765283928,0.717814658242638,1.52491524923143,0.814103235085074,0.510370205173952,"THCA",0.924221573914374,"Benchmark infiltration","M2 macrophage
quanTIseq","Adverse"
"Monocyte_QUANTISEQ","DFI",395,30,8.18205406310153e-49,-159.742013579584,0,Inf,0.993564544969034,0.517618198037467,"THCA",0.998706066251557,"Benchmark infiltration","Monocyte
quanTIseq","Protective"
"Macrophage M0_CIBERSORT","DFI",395,30,1.31621732825071,0.396397720458453,1.00626078407242,1.72164918141414,0.0449075145721471,0.53328501338091,"THCA",0.502745102161354,"Benchmark infiltration","M0 macrophage
CIBERSORT","Adverse"
"Macrophage M1_CIBERSORT","DFI",395,30,1.13005523540673,0.176393291135888,0.797280462374234,1.60172598644559,0.492079358055557,0.543878233719893,"THCA",0.793189525598296,"Benchmark infiltration","M1 macrophage
CIBERSORT","Adverse"
"Macrophage M2_CIBERSORT","DFI",395,30,0.79550144274315,-0.330063547817525,0.547715642358233,1.15538519711025,0.229571668164479,0.549843889384478,"THCA",0.646462550230037,"Benchmark infiltration","M2 macrophage
CIBERSORT","Protective"
"MDR_injury","PFI",120,23,1.18467749209788,0.244494363868204,0.780439060825971,1.79829640868819,0.426129038306002,0.556766055045872,"THYM",0.774677855917771,"MDRi","MDR injury","Adverse"
"MDR_resolution","PFI",120,23,1.01695639826944,0.0242578253616546,0.66900089141631,1.54588779962862,0.937276943141648,0.462729357798165,"THYM",0.978735862489708,"MDRi","MDR resolution","Adverse"
"MDR_apc_ifn","PFI",120,23,1.60816480115999,0.685415258278898,1.08630082237494,2.38073466798621,0.0176197020187051,0.655963302752294,"THYM",0.164053712039025,"MDRi","MDR APC/IFN","Adverse"
"MDR_axis","PFI",120,23,1.17423199789253,0.231717475860762,0.788884013584052,1.74781179632535,0.428683191784003,0.596330275229358,"THYM",0.777270313524152,"MDRi","MDR axis","Adverse"
"Macrophage_TIMER","PFI",120,23,0.854508659860582,-0.226832982184766,0.542016012104171,1.34716509009035,0.498446338134233,0.577121559633027,"THYM",0.824816496430961,"Benchmark infiltration","Macrophage
TIMER","Protective"
"Macrophage/Monocyte_MCPCOUNTER","PFI",120,23,1.54399957496501,0.626672355458349,1.15370937692499,2.06632167092729,0.00348141400616965,0.563646788990826,"THYM",0.0685341214357397,"Benchmark infiltration","Mac/Mono
MCPcounter","Adverse"
"Monocyte_MCPCOUNTER","PFI",120,23,1.54399957496501,0.626672355458349,1.15370937692499,2.06632167092729,0.00348141400616965,0.563646788990826,"THYM",0.0685341214357397,"Benchmark infiltration","Monocyte
MCPcounter","Adverse"
"Myeloid dendritic cell_MCPCOUNTER","PFI",120,23,0.812098155238347,-0.300273983834745,0.524426086435903,1.25757171658571,0.35091587548664,0.538990825688073,"THYM",0.737950950061987,"Benchmark infiltration","myDC
MCPcounter","Protective"
"Macrophage_XCELL","PFI",120,23,1.46214924627155,0.548090579324836,1.12671376687427,1.89744767591095,0.00427333141199125,0.598910550458716,"THYM",0.0754955216118455,"Benchmark infiltration","Macrophage
xCell","Adverse"
"Macrophage M1_XCELL","PFI",120,23,1.57135019256082,0.652004736819029,1.19872039738915,2.05981430952438,0.00106636314099197,0.563073394495413,"THYM",0.0306135085059777,"Benchmark infiltration","M1 macrophage
xCell","Adverse"
"Macrophage M2_XCELL","PFI",120,23,1.0754169449726,0.104896108951557,0.776792009401011,1.48884333455748,0.661322928259181,0.540137614678899,"THYM",0.8882095469212,"Benchmark infiltration","M2 macrophage
xCell","Adverse"
"Monocyte_XCELL","PFI",120,23,1.46163368603506,0.547581789020361,1.14898460893571,1.8593573974253,0.00199529290874661,0.454415137614679,"THYM",0.049098457647372,"Benchmark infiltration","Monocyte
xCell","Adverse"
"Myeloid dendritic cell_XCELL","PFI",120,23,0.933394319636153,-0.0994414073771294,0.60276790035789,1.44537384192448,0.757371697447483,0.484231651376147,"THYM",0.91769142390179,"Benchmark infiltration","myDC
xCell","Protective"
"immune score_XCELL","PFI",120,23,1.23158784537798,0.300519534512711,0.801408779153243,1.89267781978308,0.34203552537573,0.549311926605505,"THYM",0.727901900588653,"Benchmark infiltration","Immune score
xCell","Adverse"
"stroma score_XCELL","PFI",120,23,1.07127296771902,0.0993261355481523,0.822195133882494,1.39580705853402,0.610104283832269,0.454701834862385,"THYM",0.862335026625775,"Benchmark infiltration","Stroma score
xCell","Adverse"
"microenvironment score_XCELL","PFI",120,23,1.2686313562696,0.34327290625835,0.850235362570518,1.89291764252745,0.243876761799847,0.543004587155963,"THYM",0.628234444085158,"Benchmark infiltration","Microenv score
xCell","Adverse"
"Macrophage_EPIC","PFI",120,23,1.33952206570197,0.421718346627555,0.956243652405677,1.87642486304448,0.089170824388078,0.509747706422018,"THYM",0.379251222243122,"Benchmark infiltration","Macrophage
EPIC","Adverse"
"Macrophage M1_QUANTISEQ","PFI",120,23,1.63693131119867,0.71099378481013,1.30106519045502,2.05950027503654,2.59679956839034e-05,0.614392201834862,"THYM",0.00223649362827618,"Benchmark infiltration","M1 macrophage
quanTIseq","Adverse"
"Macrophage M2_QUANTISEQ","PFI",120,23,1.23061579103114,0.29938041016265,0.795149939619391,1.90456560414265,0.351714938218647,0.478497706422018,"THYM",0.737950950061987,"Benchmark infiltration","M2 macrophage
quanTIseq","Adverse"
"Monocyte_QUANTISEQ","PFI",120,23,1.15397614460051,0.206613400393903,0.821179265158076,1.62164462597665,0.409362014107699,0.598910550458716,"THYM",0.770722800348814,"Benchmark infiltration","Monocyte
quanTIseq","Adverse"
"Macrophage M0_CIBERSORT","PFI",120,23,0.897334606030919,-0.156282044584376,0.585220335619971,1.37590809165516,0.619390211266494,0.492259174311927,"THYM",0.862335026625775,"Benchmark infiltration","M0 macrophage
CIBERSORT","Protective"
"Macrophage M1_CIBERSORT","PFI",120,23,1.24972754224003,0.321613601844366,0.87301666210613,1.78899097534458,0.223226555913746,0.521215596330275,"THYM",0.597590563859071,"Benchmark infiltration","M1 macrophage
CIBERSORT","Adverse"
"Macrophage M2_CIBERSORT","PFI",120,23,1.12013724975903,0.163675515689333,0.789646130215926,1.58894903715242,0.524774601184208,0.545584862385321,"THYM",0.829884287826053,"Benchmark infiltration","M2 macrophage
CIBERSORT","Adverse"
"MDR_injury","OS",186,36,0.950368554118856,-0.0734409939836635,0.673179098353799,1.34169404675021,0.772327353016517,0.483948394839484,"UCEC",0.924407256506256,"MDRi","MDR injury","Protective"
"MDR_resolution","OS",186,36,1.05132038764067,0.072202394535748,0.741449144796851,1.49069503313241,0.77878478723855,0.543654365436544,"UCEC",0.926768844698467,"MDRi","MDR resolution","Adverse"
"MDR_apc_ifn","OS",186,36,0.771203410122386,-0.374816663968117,0.548262247344502,1.08479966050021,0.13559416475868,0.532553255325533,"UCEC",0.382129009774461,"MDRi","MDR APC/IFN","Protective"
"MDR_axis","OS",186,36,0.90375116152464,-0.146002498633,0.643499989970165,1.26925590472038,0.559209156707145,0.552955295529553,"UCEC",0.800966695469147,"MDRi","MDR axis","Protective"
"Macrophage_TIMER","OS",182,35,0.910485889250886,-0.135291436461218,0.656421032197021,1.26288542545688,0.574269316696397,0.492285894206549,"UCEC",0.814752806296947,"Benchmark infiltration","Macrophage
TIMER","Protective"
"Macrophage/Monocyte_MCPCOUNTER","OS",182,35,1.07036207939291,0.0980989104409636,0.75385822811815,1.51974859233445,0.703811120489084,0.521410579345088,"UCEC",0.893693731178251,"Benchmark infiltration","Mac/Mono
MCPcounter","Adverse"
"Monocyte_MCPCOUNTER","OS",182,35,1.07036207939291,0.0980989104409636,0.75385822811815,1.51974859233445,0.703811120489084,0.521410579345088,"UCEC",0.893693731178251,"Benchmark infiltration","Monocyte
MCPcounter","Adverse"
"Myeloid dendritic cell_MCPCOUNTER","OS",182,35,0.776624726350701,-0.364710454064287,0.460557535394336,1.30959960314813,0.343006157216595,0.549748110831234,"UCEC",0.602447074997986,"Benchmark infiltration","myDC
MCPcounter","Protective"
"Macrophage_XCELL","OS",182,35,0.974039701114304,-0.0379475182333048,0.697465501569468,1.36028712131556,0.877332341959229,0.434508816120907,"UCEC",0.968840345787428,"Benchmark infiltration","Macrophage
xCell","Protective"
"Macrophage M1_XCELL","OS",182,35,1.04322197930538,0.0610461706755308,0.781331632314631,1.39289394297503,0.774189372920717,0.558879093198992,"UCEC",0.924850503296425,"Benchmark infiltration","M1 macrophage
xCell","Adverse"
"Macrophage M2_XCELL","OS",182,35,0.949457720994792,-0.0748243357650226,0.644270355882184,1.39921068186082,0.793210690398692,0.509130982367758,"UCEC",0.932743195280587,"Benchmark infiltration","M2 macrophage
xCell","Protective"
"Monocyte_XCELL","OS",182,35,0.99833242039232,-0.00240781700199554,0.744350585578323,1.33897606976695,0.991109825870093,0.465050377833753,"UCEC",0.997350514794122,"Benchmark infiltration","Monocyte
xCell","Protective"
"Myeloid dendritic cell_XCELL","OS",182,35,0.792772304539104,-0.335021531961869,0.513183337949486,1.22468498169772,0.29531384095288,0.574307304785894,"UCEC",0.554080578407176,"Benchmark infiltration","myDC
xCell","Protective"
"immune score_XCELL","OS",182,35,0.868328408581672,-0.203687310484107,0.578998928251782,1.30223768708273,0.494732996403199,0.544395465994962,"UCEC",0.739119175349357,"Benchmark infiltration","Immune score
xCell","Protective"
"stroma score_XCELL","OS",182,35,0.920497075589013,-0.119514956734159,0.600182216520487,1.41176269946846,0.704209824207137,0.457493702770781,"UCEC",0.893693731178251,"Benchmark infiltration","Stroma score
xCell","Protective"
"microenvironment score_XCELL","OS",182,35,0.849123776078667,-0.23595322530321,0.569826836256636,1.2653163052808,0.421600759502763,0.496851385390428,"UCEC",0.673691935287921,"Benchmark infiltration","Microenv score
xCell","Protective"
"Macrophage_EPIC","OS",182,35,0.935561151531184,-0.0960961387730539,0.668370144337957,1.30956577828793,0.697873700757468,0.467254408060453,"UCEC",0.892127205092021,"Benchmark infiltration","Macrophage
EPIC","Protective"
"Macrophage M1_QUANTISEQ","OS",182,35,1.28878002131889,0.36600603465714,0.985910876062675,1.68468974597773,0.0634323425338448,0.459068010075567,"UCEC",0.230069850489342,"Benchmark infiltration","M1 macrophage
quanTIseq","Adverse"
"Macrophage M2_QUANTISEQ","OS",182,35,1.016104030112,0.0230481147513552,0.70660257178017,1.4611713022905,0.931310434957821,0.512594458438287,"UCEC",0.980326773639811,"Benchmark infiltration","M2 macrophage
quanTIseq","Adverse"
"Monocyte_QUANTISEQ","OS",182,35,1.17209667216669,0.229091565241203,0.838912708664594,1.63760853151349,0.352062995787205,0.57147355163728,"UCEC",0.608019658462583,"Benchmark infiltration","Monocyte
quanTIseq","Adverse"
"Macrophage M0_CIBERSORT","OS",182,35,1.09600957304342,0.132260399504602,0.794886505287501,1.51120565793018,0.575921884885135,0.483784634760705,"UCEC",0.815231891846538,"Benchmark infiltration","M0 macrophage
CIBERSORT","Adverse"
"Macrophage M1_CIBERSORT","OS",182,35,1.16756967495305,0.223508645617945,0.818120338086788,1.66628169769978,0.393254800952327,0.537468513853904,"UCEC",0.650181270907848,"Benchmark infiltration","M1 macrophage
CIBERSORT","Adverse"
"Macrophage M2_CIBERSORT","OS",182,35,1.36430053702001,0.448161485644045,0.976270342303112,1.90655792218585,0.0688637206374894,0.584697732997481,"UCEC",0.245376475834732,"Benchmark infiltration","M2 macrophage
CIBERSORT","Adverse"
"MDR_injury","DSS",184,24,1.12002975201148,0.163537055951911,0.735811079949355,1.70487599273068,0.596938099369287,0.557222460351479,"UCEC",0.793579618970171,"MDRi","MDR injury","Adverse"
"MDR_resolution","DSS",184,24,1.28669887010085,0.363674454922505,0.827377858731993,2.00101315843295,0.263191742609678,0.558508358336905,"UCEC",0.544274934253137,"MDRi","MDR resolution","Adverse"
"MDR_apc_ifn","DSS",184,24,1.01668384207629,0.0238711144156651,0.665774762038793,1.55254613673502,0.938939253568703,0.519931418774111,"UCEC",0.981618310549099,"MDRi","MDR APC/IFN","Adverse"
"MDR_axis","DSS",184,24,0.869122492604059,-0.202368572601921,0.575767165399514,1.31194335582883,0.504355308534119,0.558508358336905,"UCEC",0.709063785868003,"MDRi","MDR axis","Protective"
"Macrophage_TIMER","DSS",180,23,1.02208106703618,0.0315096291256114,0.716819138763747,1.4573407029777,0.903959563787659,0.54677565849228,"UCEC",0.969712880863481,"Benchmark infiltration","Macrophage
TIMER","Adverse"
"Macrophage/Monocyte_MCPCOUNTER","DSS",180,23,1.26062282064607,0.334136684721568,0.865354636900246,1.83643771948361,0.22759643323922,0.568574023614896,"UCEC",0.496203850624855,"Benchmark infiltration","Mac/Mono
MCPcounter","Adverse"
"Monocyte_MCPCOUNTER","DSS",180,23,1.26062282064607,0.334136684721568,0.865354636900246,1.83643771948361,0.22759643323922,0.568574023614896,"UCEC",0.496203850624855,"Benchmark infiltration","Monocyte
MCPcounter","Adverse"
"Myeloid dendritic cell_MCPCOUNTER","DSS",180,23,0.817331924931738,-0.291006007698679,0.458128457405744,1.4581750264882,0.494652051871609,0.545413260672116,"UCEC",0.702073131240254,"Benchmark infiltration","myDC
MCPcounter","Protective"
"Macrophage_XCELL","DSS",180,23,1.16398984213587,0.219078468242636,0.859584996819628,1.57619357900426,0.326221245037709,0.661444141689373,"UCEC",0.589865458794599,"Benchmark infiltration","Macrophage
xCell","Adverse"
"Macrophage M1_XCELL","DSS",180,23,1.2026080987282,0.266166579225916,0.921644319877559,1.56922384040601,0.174164943034647,0.665758401453224,"UCEC",0.437313721593546,"Benchmark infiltration","M1 macrophage
xCell","Adverse"
"Macrophage M2_XCELL","DSS",180,23,1.22054637731406,0.287527114496228,0.809401439386974,1.84053720030789,0.341621179540569,0.569482288828338,"UCEC",0.597554008331286,"Benchmark infiltration","M2 macrophage
xCell","Adverse"
"Monocyte_XCELL","DSS",180,23,1.10139988723926,0.139338365899084,0.830179400567008,1.46122839326311,0.503102983857467,0.613987284287012,"UCEC",0.709063785868003,"Benchmark infiltration","Monocyte
xCell","Adverse"
"Myeloid dendritic cell_XCELL","DSS",180,23,0.817558862239762,-0.290605490020616,0.489675293156937,1.36499125556771,0.441168791267514,0.558810172570391,"UCEC",0.669619912316677,"Benchmark infiltration","myDC
xCell","Protective"
"immune score_XCELL","DSS",180,23,0.970289458132148,-0.0435128965400556,0.671893945736886,1.40120570893052,0.872205617889436,0.474568574023615,"UCEC",0.953085070699252,"Benchmark infiltration","Immune score
xCell","Protective"
"stroma score_XCELL","DSS",180,23,0.862883883968815,-0.212761662126491,0.487480773752283,1.52738043693897,0.612727376185239,0.451407811080836,"UCEC",0.800723275696619,"Benchmark infiltration","Stroma score
xCell","Protective"
"microenvironment score_XCELL","DSS",180,23,0.909486851203088,-0.136875314450099,0.589631886410814,1.4028521041262,0.66787261287607,0.450499545867393,"UCEC",0.834685990873072,"Benchmark infiltration","Microenv score
xCell","Protective"
"Macrophage_EPIC","DSS",180,23,1.03949296031977,0.0558799879739135,0.76515365719393,1.41219427548326,0.80432303091464,0.589009990917348,"UCEC",0.914818663929301,"Benchmark infiltration","Macrophage
EPIC","Adverse"
"Macrophage M1_QUANTISEQ","DSS",180,23,1.43655476916942,0.522612997188468,1.10049392290991,1.87523943736702,0.00771600451810444,0.499545867393279,"UCEC",0.0688601532570331,"Benchmark infiltration","M1 macrophage
quanTIseq","Adverse"
"Macrophage M2_QUANTISEQ","DSS",180,23,0.978459522824681,-0.0314159245952832,0.630179529523452,1.51922268647838,0.922722139834733,0.490463215258856,"UCEC",0.978902639123563,"Benchmark infiltration","M2 macrophage
quanTIseq","Protective"
"Monocyte_QUANTISEQ","DSS",180,23,0.944186205707783,-0.0828566891561607,0.563033244964727,1.58336581191526,0.827637477645349,0.49227974568574,"UCEC",0.931294617702692,"Benchmark infiltration","Monocyte
quanTIseq","Protective"
"Macrophage M0_CIBERSORT","DSS",180,23,0.996575789799242,-0.0049485683883217,0.65729294492852,1.51099036202494,0.987112251934037,0.534514078110808,"UCEC",0.999002759217835,"Benchmark infiltration","M0 macrophage
CIBERSORT","Protective"
"Macrophage M1_CIBERSORT","DSS",180,23,1.35804500584623,0.441531291537918,0.924829318840073,1.99419092835097,0.118452914302492,0.574704813805631,"UCEC",0.357527315478159,"Benchmark infiltration","M1 macrophage
CIBERSORT","Adverse"
"Macrophage M2_CIBERSORT","DSS",180,23,1.44094516442082,0.527015434386068,0.957082826404985,2.16942871565973,0.0801455870710494,0.619436875567666,"UCEC",0.288023203536584,"Benchmark infiltration","M2 macrophage
CIBERSORT","Adverse"
"MDR_injury","PFI",186,47,0.890048841505551,-0.168043588623529,0.66097651179605,1.19850997142514,0.44294662516585,0.525327951564077,"UCEC",0.78860523188442,"MDRi","MDR injury","Protective"
"MDR_resolution","PFI",186,47,0.889557679099718,-0.168839941724008,0.663895051483661,1.19192463127548,0.433084636095392,0.514833501513623,"UCEC",0.779100037257768,"MDRi","MDR resolution","Protective"
"MDR_apc_ifn","PFI",186,47,0.878267960200384,-0.187266920647698,0.650146945152729,1.18643118400463,0.397602940866143,0.50635721493441,"UCEC",0.76199789801035,"MDRi","MDR APC/IFN","Protective"
"MDR_axis","PFI",186,47,1.01342281710185,0.0192362164569254,0.764904618692995,1.34268480163913,0.925991567382851,0.455499495459132,"UCEC",0.977016703060538,"MDRi","MDR axis","Adverse"
"Macrophage_TIMER","PFI",182,45,0.813834374095076,-0.297192877772388,0.585457722310727,1.13129669866614,0.220255192581316,0.5447458351132,"UCEC",0.597459204514922,"Benchmark infiltration","Macrophage
TIMER","Protective"
"Macrophage/Monocyte_MCPCOUNTER","PFI",182,45,0.853678945985655,-0.22823449590932,0.600803230819108,1.2129890543791,0.377421710008804,0.557881247330201,"UCEC",0.74098066810109,"Benchmark infiltration","Mac/Mono
MCPcounter","Protective"
"Monocyte_MCPCOUNTER","PFI",182,45,0.853678945985655,-0.22823449590932,0.600803230819108,1.2129890543791,0.377421710008804,0.557881247330201,"UCEC",0.74098066810109,"Benchmark infiltration","Monocyte
MCPcounter","Protective"
"Myeloid dendritic cell_MCPCOUNTER","PFI",182,45,0.563602922459845,-0.82724900238922,0.316304836478639,1.00424722473926,0.0517047875969498,0.605724049551474,"UCEC",0.292004907002446,"Benchmark infiltration","myDC
MCPcounter","Protective"
"Macrophage_XCELL","PFI",182,45,0.966772816667268,-0.0487511863377253,0.719468664238501,1.29908323392515,0.822626458315908,0.447778727039727,"UCEC",0.944649382966101,"Benchmark infiltration","Macrophage
xCell","Protective"
"Macrophage M1_XCELL","PFI",182,45,1.02364000244707,0.033708432134731,0.78628400904324,1.33264678228017,0.862184827301835,0.571337035454934,"UCEC",0.95965440339501,"Benchmark infiltration","M1 macrophage
xCell","Adverse"
"Macrophage M2_XCELL","PFI",182,45,0.977960265634863,-0.0321522449819024,0.706488942276494,1.35374557750164,0.893138517188066,0.485689876121316,"UCEC",0.966047783897296,"Benchmark infiltration","M2 macrophage
xCell","Protective"
"Monocyte_XCELL","PFI",182,45,0.919934400889447,-0.12039710641956,0.676784293968876,1.25044169830978,0.594122699163863,0.461982058949167,"UCEC",0.862335026625775,"Benchmark infiltration","Monocyte
xCell","Protective"
"Myeloid dendritic cell_XCELL","PFI",182,45,0.827638729325987,-0.272926937244789,0.580918264238593,1.17914327788978,0.294865091432085,0.587996582656984,"UCEC",0.687288591681382,"Benchmark infiltration","myDC
xCell","Protective"
"immune score_XCELL","PFI",182,45,0.819538493926248,-0.28711638022738,0.551803767252407,1.21717788620982,0.324072453047263,0.503417343015805,"UCEC",0.708844190950998,"Benchmark infiltration","Immune score
xCell","Protective"
"stroma score_XCELL","PFI",182,45,0.805570937859125,-0.311916457921529,0.522166612617863,1.24279209019085,0.328387039281074,0.494660401537804,"UCEC",0.713119269770033,"Benchmark infiltration","Stroma score
xCell","Protective"
"microenvironment score_XCELL","PFI",182,45,0.748147701094274,-0.418604976377759,0.50137428137821,1.11638152063572,0.155359374443781,0.515378043571123,"UCEC",0.510332715851442,"Benchmark infiltration","Microenv score
xCell","Protective"
"Macrophage_EPIC","PFI",182,45,0.840938806274658,-0.24992727311817,0.579908801993298,1.21946429070897,0.360927880319271,0.498504912430585,"UCEC",0.740154708224617,"Benchmark infiltration","Macrophage
EPIC","Protective"
"Macrophage M1_QUANTISEQ","PFI",182,45,1.12316771923949,0.167573377113422,0.841796532378774,1.49858745791794,0.429844863930894,0.440944041008116,"UCEC",0.777331000651932,"Benchmark infiltration","M1 macrophage
quanTIseq","Adverse"
"Macrophage M2_QUANTISEQ","PFI",182,45,0.891977534726634,-0.164920719883732,0.648139132068793,1.2275511276683,0.482916653280647,0.547415634344297,"UCEC",0.81551366203521,"Benchmark infiltration","M2 macrophage
quanTIseq","Protective"
"Monocyte_QUANTISEQ","PFI",182,45,1.14485678912745,0.195167141957547,0.826915175459929,1.58504415750045,0.415077775912915,0.552862024775737,"UCEC",0.771216873967342,"Benchmark infiltration","Monocyte
quanTIseq","Adverse"
"Macrophage M0_CIBERSORT","PFI",182,45,0.985167157404889,-0.0215595614870229,0.731247557665277,1.32725821488965,0.921719716898326,0.513135412217001,"UCEC",0.974025897151758,"Benchmark infiltration","M0 macrophage
CIBERSORT","Protective"
"Macrophage M1_CIBERSORT","PFI",182,45,1.15300388810218,0.20539737798212,0.841793758892019,1.5792680237123,0.375080285429895,0.533532678342589,"UCEC",0.74098066810109,"Benchmark infiltration","M1 macrophage
CIBERSORT","Adverse"
"Macrophage M2_CIBERSORT","PFI",182,45,1.38806214173484,0.473072156940575,1.03366138258149,1.86397261403506,0.029251911837749,0.591627509611277,"UCEC",0.215588341221653,"Benchmark infiltration","M2 macrophage
CIBERSORT","Adverse"
"MDR_injury","DFI",123,17,0.731843858673649,-0.450392217342446,0.456543013819878,1.17315437377308,0.194745297780192,0.584544758990054,"UCEC",0.641150404646577,"MDRi","MDR injury","Protective"
"MDR_resolution","DFI",123,17,0.824263402572424,-0.27882265449298,0.534835797176332,1.27031541345441,0.381160624571154,0.552410099464422,"UCEC",0.728772642018197,"MDRi","MDR resolution","Protective"
"MDR_apc_ifn","DFI",123,17,0.799563548961971,-0.32271539185245,0.50800505415556,1.25845572519225,0.333746598036896,0.560061208875287,"UCEC",0.686495457558148,"MDRi","MDR APC/IFN","Protective"
"MDR_axis","DFI",123,17,0.93305979932774,-0.0999585492562561,0.589892849911954,1.47586225066377,0.767107440551497,0.546289211935731,"UCEC",0.907480193848291,"MDRi","MDR axis","Protective"
"Macrophage_TIMER","DFI",120,16,0.682485407331523,-0.551129895734749,0.342231203299892,1.36102823684465,0.278045065093963,0.613192182410423,"UCEC",0.686495457558148,"Benchmark infiltration","Macrophage
TIMER","Protective"
"Macrophage/Monocyte_MCPCOUNTER","DFI",120,16,0.809677026260829,-0.304581551744279,0.444362139018291,1.4753212060391,0.490413958738668,0.618078175895765,"UCEC",0.793189525598296,"Benchmark infiltration","Mac/Mono
MCPcounter","Protective"
"Monocyte_MCPCOUNTER","DFI",120,16,0.809677026260829,-0.304581551744279,0.444362139018291,1.4753212060391,0.490413958738668,0.618078175895765,"UCEC",0.793189525598296,"Benchmark infiltration","Monocyte
MCPcounter","Protective"
"Myeloid dendritic cell_MCPCOUNTER","DFI",120,16,0.312903345790324,-1.67621100988059,0.0770436826940062,1.27081806558549,0.104203202639232,0.666123778501629,"UCEC",0.616397744132872,"Benchmark infiltration","myDC
MCPcounter","Protective"
"Macrophage_XCELL","DFI",120,16,1.08555001868392,0.118426202272476,0.729254036745914,1.61592364757145,0.685902388803091,0.502035830618893,"UCEC",0.869443564115773,"Benchmark infiltration","Macrophage
xCell","Adverse"
"Macrophage M1_XCELL","DFI",120,16,1.10852734158086,0.148644354397057,0.766929389764548,1.6022764069709,0.583579175902101,0.470684039087948,"UCEC",0.837071380434576,"Benchmark infiltration","M1 macrophage
xCell","Adverse"
"Macrophage M2_XCELL","DFI",120,16,0.997849759640628,-0.00310548106636012,0.6063105707153,1.64223450968399,0.993243457065904,0.545602605863192,"UCEC",0.998706066251557,"Benchmark infiltration","M2 macrophage
xCell","Protective"
"Monocyte_XCELL","DFI",120,16,1.02503692434395,0.0356758800804081,0.669649027508738,1.56903191538615,0.909360697079415,0.482084690553746,"UCEC",0.972952354217836,"Benchmark infiltration","Monocyte
xCell","Adverse"
"Myeloid dendritic cell_XCELL","DFI",120,16,0.713072629350279,-0.487879066371,0.369824324006545,1.37490300589185,0.312725791523257,0.600162866449511,"UCEC",0.686495457558148,"Benchmark infiltration","myDC
xCell","Protective"
"immune score_XCELL","DFI",120,16,0.948828090132145,-0.0757813732681415,0.588714161822721,1.52922216417636,0.829219124030647,0.493485342019544,"UCEC",0.928320921780651,"Benchmark infiltration","Immune score
xCell","Protective"
"stroma score_XCELL","DFI",120,16,0.32747492309397,-1.61054366064381,0.0743157843739108,1.44302890911892,0.140133039442605,0.578990228013029,"UCEC",0.641150404646577,"Benchmark infiltration","Stroma score
xCell","Protective"
"microenvironment score_XCELL","DFI",120,16,0.66358627986236,-0.591644037073333,0.301096033488866,1.46247941468764,0.309086827858996,0.584690553745928,"UCEC",0.686495457558148,"Benchmark infiltration","Microenv score
xCell","Protective"
"Macrophage_EPIC","DFI",120,16,0.873772751150175,-0.194669979255701,0.490757181305205,1.55571604397519,0.646627696606026,0.563517915309446,"UCEC",0.857809574399324,"Benchmark infiltration","Macrophage
EPIC","Protective"
"Macrophage M1_QUANTISEQ","DFI",120,16,0.832809742070944,-0.263941149742788,0.454063297971665,1.52747881096427,0.55441715321018,0.588762214983713,"UCEC",0.823551693603471,"Benchmark infiltration","M1 macrophage
quanTIseq","Protective"
"Macrophage M2_QUANTISEQ","DFI",120,16,1.10916244074628,0.149470668743439,0.667358112176158,1.84345001209413,0.6893755244431,0.443811074918567,"UCEC",0.869443564115773,"Benchmark infiltration","M2 macrophage
quanTIseq","Adverse"
"Monocyte_QUANTISEQ","DFI",120,16,0.698774137267966,-0.51710188206161,0.32437652446435,1.50530404665043,0.359977065879517,0.536644951140065,"UCEC",0.709139370123169,"Benchmark infiltration","Monocyte
quanTIseq","Protective"
"Macrophage M0_CIBERSORT","DFI",120,16,0.806147206066604,-0.310884789544878,0.461900505867122,1.40695519834729,0.448227920842825,0.580618892508143,"UCEC",0.766256464270156,"Benchmark infiltration","M0 macrophage
CIBERSORT","Protective"
"Macrophage M1_CIBERSORT","DFI",120,16,1.05184415070957,0.0729209597111652,0.630979662280875,1.75342595573142,0.846287529274129,0.486156351791531,"UCEC",0.936014399847772,"Benchmark infiltration","M1 macrophage
CIBERSORT","Adverse"
"Macrophage M2_CIBERSORT","DFI",120,16,1.56802746539034,0.648950829756318,0.985451389384797,2.49500904732946,0.0576800759582871,0.613192182410423,"UCEC",0.554329554624311,"Benchmark infiltration","M2 macrophage
CIBERSORT","Adverse"
"MDR_injury","OS",56,35,1.04325970146345,0.0610983365496748,0.727625624614015,1.49581153807629,0.817808331155731,0.557029177718833,"UCS",0.940707171273753,"MDRi","MDR injury","Adverse"
"MDR_resolution","OS",56,35,1.01795212604171,0.0256697135292348,0.726142215440384,1.42702973175083,0.917775513284462,0.550839964633068,"UCS",0.979381786981698,"MDRi","MDR resolution","Adverse"
"MDR_apc_ifn","OS",56,35,0.890388799040541,-0.167492650983666,0.63868207528114,1.24129397730143,0.493431616898955,0.522546419098143,"UCS",0.739119175349357,"MDRi","MDR APC/IFN","Protective"
"MDR_axis","OS",56,35,1.01206206023731,0.0172977596482449,0.717813010893952,1.42693096701631,0.94546283763376,0.46684350132626,"UCS",0.983535166665992,"MDRi","MDR axis","Adverse"
"Macrophage_TIMER","OS",56,35,0.958355702302671,-0.0613668703429216,0.702425888344514,1.30753388702778,0.788432833496554,0.51105216622458,"UCS",0.932743195280587,"Benchmark infiltration","Macrophage
TIMER","Protective"
"Macrophage/Monocyte_MCPCOUNTER","OS",56,35,1.1916442729419,0.252953629881012,0.855155863046516,1.66053480376828,0.300345743654903,0.562334217506631,"UCS",0.554209407934642,"Benchmark infiltration","Mac/Mono
MCPcounter","Adverse"
"Monocyte_MCPCOUNTER","OS",56,35,1.1916442729419,0.252953629881012,0.855155863046516,1.66053480376828,0.300345743654903,0.562334217506631,"UCS",0.554209407934642,"Benchmark infiltration","Monocyte
MCPcounter","Adverse"
"Myeloid dendritic cell_MCPCOUNTER","OS",56,35,0.978137344334898,-0.0318910406720734,0.690011546026032,1.38657486225083,0.901186874824231,0.539345711759505,"UCS",0.978954140887776,"Benchmark infiltration","myDC
MCPcounter","Protective"
"Macrophage_XCELL","OS",56,35,0.999980129973905,-2.86666729146929e-05,0.678883826689182,1.47294753686988,0.999919765751457,0.497347480106101,"UCS",0.999919765751457,"Benchmark infiltration","Macrophage
xCell","Protective"
"Macrophage M1_XCELL","OS",56,35,0.892690147773812,-0.163768591256137,0.606208461172714,1.31455720428387,0.565373824548259,0.513704686118479,"UCS",0.805820163723956,"Benchmark infiltration","M1 macrophage
xCell","Protective"
"Macrophage M2_XCELL","OS",56,35,1.25776168827014,0.330858596525435,0.889257136427482,1.77897303229476,0.194817235250575,0.557029177718833,"UCS",0.459264965229492,"Benchmark infiltration","M2 macrophage
xCell","Adverse"
"Monocyte_XCELL","OS",56,35,1.29673284384885,0.374881282554318,0.957805951393487,1.75559158498643,0.0927499858213784,0.526083112290009,"UCS",0.297953322327744,"Benchmark infiltration","Monocyte
xCell","Adverse"
"Myeloid dendritic cell_XCELL","OS",56,35,1.09601356326861,0.13226565189268,0.768509387970603,1.5630853047103,0.612722736394123,0.4447391688771,"UCS",0.849861513566792,"Benchmark infiltration","myDC
xCell","Adverse"
"immune score_XCELL","OS",56,35,1.01829911102695,0.0261613950203876,0.69400366351178,1.49413199675518,0.926143709245623,0.459770114942529,"UCS",0.980326773639811,"Benchmark infiltration","Immune score
xCell","Adverse"
"stroma score_XCELL","OS",56,35,1.02899248357996,0.04123244390193,0.731965585827492,1.44655097420605,0.869367472679785,0.543324491600354,"UCS",0.964235837319261,"Benchmark infiltration","Stroma score
xCell","Adverse"
"microenvironment score_XCELL","OS",56,35,1.03029655731083,0.0430596579730156,0.703357196146229,1.50920613569135,0.878206894084733,0.47922192749779,"UCS",0.968840345787428,"Benchmark infiltration","Microenv score
xCell","Adverse"
"Macrophage_EPIC","OS",56,35,1.04528858916066,0.0639013046717589,0.731799562576668,1.49307035765686,0.807629349351343,0.52343059239611,"UCS",0.939001976292716,"Benchmark infiltration","Macrophage
EPIC","Adverse"
"Macrophage M1_QUANTISEQ","OS",56,35,1.10403260835809,0.142782783730004,0.804391215324629,1.51529253067,0.540133428832239,0.510610079575597,"UCS",0.784268678866483,"Benchmark infiltration","M1 macrophage
quanTIseq","Adverse"
"Macrophage M2_QUANTISEQ","OS",56,35,1.06823911346384,0.0952346144383882,0.745726887355621,1.53023154037065,0.718860274788742,0.511936339522546,"UCS",0.898575343485928,"Benchmark infiltration","M2 macrophage
quanTIseq","Adverse"
"Monocyte_QUANTISEQ","OS",56,35,1.24837225506775,0.320048198991862,0.893857881253696,1.74349112974998,0.19305189570867,0.53448275862069,"UCS",0.458590710112549,"Benchmark infiltration","Monocyte
quanTIseq","Adverse"
"Macrophage M0_CIBERSORT","OS",56,35,1.0595372572163,0.0834343190514139,0.767132078195103,1.46339754435861,0.725585490788777,0.530061892130858,"UCS",0.899959051053648,"Benchmark infiltration","M0 macrophage
CIBERSORT","Adverse"
"Macrophage M1_CIBERSORT","OS",56,35,1.05024999628842,0.0707327807259512,0.733884484535997,1.50299546855963,0.788626691654837,0.52210433244916,"UCS",0.932743195280587,"Benchmark infiltration","M1 macrophage
CIBERSORT","Adverse"
"Macrophage M2_CIBERSORT","OS",56,35,0.92915269065963,-0.106012396065992,0.674247845667555,1.28042637155967,0.653343398615621,0.48894783377542,"UCS",0.865383373182854,"Benchmark infiltration","M2 macrophage
CIBERSORT","Protective"
"MDR_injury","DSS",54,31,0.997198095753327,-0.00404796702170258,0.679116700843764,1.46426091559605,0.98857838259991,0.466533466533467,"UCS",0.999002759217835,"MDRi","MDR injury","Protective"
"MDR_resolution","DSS",54,31,0.914369078716602,-0.129151478229652,0.626745269025353,1.33398823003996,0.642253546455568,0.471528471528472,"UCS",0.822479402815206,"MDRi","MDR resolution","Protective"
"MDR_apc_ifn","DSS",54,31,0.676403767318219,-0.564043399840566,0.440124872084644,1.03952783735042,0.0745613515052903,0.57042957042957,"UCS",0.280214229513346,"MDRi","MDR APC/IFN","Protective"
"MDR_axis","DSS",54,31,1.08885818088594,0.122816061441208,0.764167457455195,1.55150828069875,0.6374978864084,0.495504495504495,"UCS",0.822479402815206,"MDRi","MDR axis","Adverse"
"Macrophage_TIMER","DSS",54,31,0.906923860374324,-0.14094665865534,0.631800176086873,1.30185289534198,0.596313449567454,0.538461538461538,"UCS",0.793579618970171,"Benchmark infiltration","Macrophage
TIMER","Protective"
"Macrophage/Monocyte_MCPCOUNTER","DSS",54,31,1.09551775221362,0.131612862532653,0.769838094780361,1.55897604126436,0.61229182079211,0.547452547452547,"UCS",0.800723275696619,"Benchmark infiltration","Mac/Mono
MCPcounter","Adverse"
"Monocyte_MCPCOUNTER","DSS",54,31,1.09551775221362,0.131612862532653,0.769838094780361,1.55897604126436,0.61229182079211,0.547452547452547,"UCS",0.800723275696619,"Benchmark infiltration","Monocyte
MCPcounter","Adverse"
"Myeloid dendritic cell_MCPCOUNTER","DSS",54,31,0.792234973058598,-0.335999704747436,0.504022309733101,1.24525490323933,0.312802251279283,0.563436563436563,"UCS",0.580197724147057,"Benchmark infiltration","myDC
MCPcounter","Protective"
"Macrophage_XCELL","DSS",54,31,0.958887825510538,-0.0605660419434959,0.629951879090494,1.45958110838533,0.844729412846977,0.50999000999001,"UCS",0.941529568215797,"Benchmark infiltration","Macrophage
xCell","Protective"
"Macrophage M1_XCELL","DSS",54,31,0.832987427636175,-0.263633373874956,0.543784685765293,1.27599778508551,0.401004817553091,0.534465534465534,"UCS",0.640460230180925,"Benchmark infiltration","M1 macrophage
xCell","Protective"
"Macrophage M2_XCELL","DSS",54,31,1.18679746284893,0.247073747721865,0.817133418900148,1.72369430162391,0.36844800800559,0.527472527472527,"UCS",0.619389118149555,"Benchmark infiltration","M2 macrophage
xCell","Adverse"
"Monocyte_XCELL","DSS",54,31,1.19324992646821,0.254896247486744,0.831253910498628,1.71288864814157,0.338104509543462,0.518481518481518,"UCS",0.597554008331286,"Benchmark infiltration","Monocyte
xCell","Adverse"
"Myeloid dendritic cell_XCELL","DSS",54,31,0.888450594424647,-0.17063654278685,0.542644441283092,1.45462553134625,0.638216574774849,0.572427572427572,"UCS",0.822479402815206,"Benchmark infiltration","myDC
xCell","Protective"
"immune score_XCELL","DSS",54,31,0.894168567612113,-0.161381262658293,0.534669376510225,1.49538661167404,0.669860204727985,0.584415584415584,"UCS",0.834685990873072,"Benchmark infiltration","Immune score
xCell","Protective"
"stroma score_XCELL","DSS",54,31,0.985891666986199,-0.020498967643579,0.686099536818906,1.41667837809571,0.938767477388869,0.463036963036963,"UCS",0.981618310549099,"Benchmark infiltration","Stroma score
xCell","Protective"
"microenvironment score_XCELL","DSS",54,31,0.913988155787095,-0.129752625115985,0.579580132841981,1.44134400332672,0.69877117238323,0.545454545454545,"UCS",0.860371357859437,"Benchmark infiltration","Microenv score
xCell","Protective"
"Macrophage_EPIC","DSS",54,31,0.903767674470464,-0.145976138581225,0.590145696182952,1.38405823290887,0.641712039753539,0.50949050949051,"UCS",0.822479402815206,"Benchmark infiltration","Macrophage
EPIC","Protective"
"Macrophage M1_QUANTISEQ","DSS",54,31,1.09195299768788,0.126910757849339,0.782885412301607,1.52303431693039,0.604340558922504,0.497002997002997,"UCS",0.798822788572084,"Benchmark infiltration","M1 macrophage
quanTIseq","Adverse"
"Macrophage M2_QUANTISEQ","DSS",54,31,0.969642588034337,-0.0444750295370792,0.636781029220261,1.47649930727555,0.885746443203797,0.523976023976024,"UCS",0.962767873047606,"Benchmark infiltration","M2 macrophage
quanTIseq","Protective"
"Monocyte_QUANTISEQ","DSS",54,31,1.3333281594663,0.415031901033749,0.931050085161856,1.90941820333623,0.116402239257814,0.557942057942058,"UCS",0.35601748709172,"Benchmark infiltration","Monocyte
quanTIseq","Adverse"
"Macrophage M0_CIBERSORT","DSS",54,31,1.15600225538087,0.209144212564913,0.833348515252509,1.60358024282403,0.385293587206437,0.555944055944056,"UCS",0.628319559736457,"Benchmark infiltration","M0 macrophage
CIBERSORT","Adverse"
"Macrophage M1_CIBERSORT","DSS",54,31,0.924584992908673,-0.113122148744335,0.62005233016076,1.37868590686579,0.700500683664184,0.511488511488511,"UCS",0.860657891254072,"Benchmark infiltration","M1 macrophage
CIBERSORT","Protective"
"Macrophage M2_CIBERSORT","DSS",54,31,0.84795204108385,-0.237945424494057,0.590999280629715,1.21662189370543,0.370556272423386,0.514485514485514,"UCS",0.619389118149555,"Benchmark infiltration","M2 macrophage
CIBERSORT","Protective"
"MDR_injury","PFI",56,37,1.04788488414878,0.0674802376868245,0.735271197959342,1.49341186418703,0.795822904887445,0.545669291338583,"UCS",0.935068057643139,"MDRi","MDR injury","Adverse"
"MDR_resolution","PFI",56,37,0.919873220924419,-0.120493055616784,0.659964653390794,1.28213948766255,0.622024043789113,0.497637795275591,"UCS",0.862335026625775,"MDRi","MDR resolution","Protective"
"MDR_apc_ifn","PFI",56,37,0.818799954542697,-0.288417072620113,0.598548180171712,1.12009924642455,0.211111704126778,0.570866141732283,"UCS",0.58416049856767,"MDRi","MDR APC/IFN","Protective"
"MDR_axis","PFI",56,37,1.12858161565558,0.174510753703808,0.820861570085409,1.55165805004519,0.456460793761047,0.531496062992126,"UCS",0.800258236390233,"MDRi","MDR axis","Adverse"
"Macrophage_TIMER","PFI",56,37,0.957547413347002,-0.0625841704533575,0.67625326352316,1.35584861214667,0.806878413524276,0.52992125984252,"UCS",0.939086531956463,"Benchmark infiltration","Macrophage
TIMER","Protective"
"Macrophage/Monocyte_MCPCOUNTER","PFI",56,37,0.92228548896464,-0.116714695902793,0.665198446298763,1.2787319752288,0.627505228554932,0.502362204724409,"UCS",0.862335026625775,"Benchmark infiltration","Mac/Mono
MCPcounter","Protective"
"Monocyte_MCPCOUNTER","PFI",56,37,0.92228548896464,-0.116714695902793,0.665198446298763,1.2787319752288,0.627505228554932,0.502362204724409,"UCS",0.862335026625775,"Benchmark infiltration","Monocyte
MCPcounter","Protective"
"Myeloid dendritic cell_MCPCOUNTER","PFI",56,37,0.806730951665059,-0.309840486337265,0.538596656270304,1.20835289413269,0.297481043037622,0.558267716535433,"UCS",0.688289338049112,"Benchmark infiltration","myDC
MCPcounter","Protective"
"Macrophage_XCELL","PFI",56,37,0.873158845337523,-0.195683961611652,0.600962819831715,1.26864149333672,0.476708362022114,0.498425196850394,"UCS",0.812817390650972,"Benchmark infiltration","Macrophage
xCell","Protective"
"Macrophage M1_XCELL","PFI",56,37,0.852350238833896,-0.230481725468203,0.601303729510021,1.20820958524937,0.369476496961097,0.533858267716535,"UCS",0.74098066810109,"Benchmark infiltration","M1 macrophage
xCell","Protective"
"Macrophage M2_XCELL","PFI",56,37,1.05600494859441,0.0786165953932356,0.764088807836205,1.45944612722942,0.74133480177966,0.542125984251969,"UCS",0.9164827584264,"Benchmark infiltration","M2 macrophage
xCell","Adverse"
"Monocyte_XCELL","PFI",56,37,0.997903289498497,-0.00302808946669346,0.705362439550935,1.41177204704279,0.990539545312495,0.524803149606299,"UCS",0.998145288522339,"Benchmark infiltration","Monocyte
xCell","Protective"
"Myeloid dendritic cell_XCELL","PFI",56,37,0.76662420308972,-0.38340854871043,0.484434953310781,1.21319212155592,0.256469525176405,0.577165354330709,"UCS",0.645422560187679,"Benchmark infiltration","myDC
xCell","Protective"
"immune score_XCELL","PFI",56,37,0.796626057260135,-0.328025424543599,0.498257912158701,1.27366381871663,0.342293491713677,0.562204724409449,"UCS",0.727901900588653,"Benchmark infiltration","Immune score
xCell","Protective"
"stroma score_XCELL","PFI",56,37,1.06241309207857,0.0873448301864582,0.78942670399681,1.42979908394956,0.689490584736269,0.529133858267717,"UCS",0.899732978945623,"Benchmark infiltration","Stroma score
xCell","Adverse"
"microenvironment score_XCELL","PFI",56,37,0.88686341170126,-0.173216166725139,0.620144776173945,1.26829530979357,0.51066372776205,0.518110236220472,"UCS",0.825932648892143,"Benchmark infiltration","Microenv score
xCell","Protective"
"Macrophage_EPIC","PFI",56,37,0.822268358743319,-0.282318780489178,0.567200623252118,1.192038982457,0.301687160456314,0.533070866141732,"UCS",0.688289338049112,"Benchmark infiltration","Macrophage
EPIC","Protective"
"Macrophage M1_QUANTISEQ","PFI",56,37,1.06474600472562,0.0905093164359359,0.740817796140472,1.5303142830605,0.734624159606926,0.488976377952756,"UCS",0.91470918852047,"Benchmark infiltration","M1 macrophage
quanTIseq","Adverse"
"Macrophage M2_QUANTISEQ","PFI",56,37,1.0022317276445,0.00321611499233059,0.703162636140631,1.42850086775144,0.990163400480892,0.479133858267716,"UCS",0.998145288522339,"Benchmark infiltration","M2 macrophage
quanTIseq","Adverse"
"Monocyte_QUANTISEQ","PFI",56,37,1.00721959285831,0.0103782523520475,0.710472918095363,1.42790989269135,0.967776569459372,0.509842519685039,"UCS",0.992259012436767,"Benchmark infiltration","Monocyte
quanTIseq","Adverse"
"Macrophage M0_CIBERSORT","PFI",56,37,1.1153533808489,0.157500876087894,0.818267420415705,1.52030147251748,0.489680639541689,0.541732283464567,"UCS",0.818440972969624,"Benchmark infiltration","M0 macrophage
CIBERSORT","Adverse"
"Macrophage M1_CIBERSORT","PFI",56,37,0.974624722624668,-0.0370812760554404,0.697621523901499,1.36161703360135,0.880245170955248,0.501968503937008,"UCS",0.964587723032236,"Benchmark infiltration","M1 macrophage
CIBERSORT","Protective"
"Macrophage M2_CIBERSORT","PFI",56,37,0.99186448146867,-0.0117850763607916,0.732898098700274,1.34233551887197,0.957800875353582,0.493700787401575,"UCS",0.986434683286425,"Benchmark infiltration","M2 macrophage
CIBERSORT","Protective"
"MDR_injury","OS",79,22,2.08663045076918,1.06117511700425,1.32360412297304,3.28952332688213,0.0015395157014701,0.68076109936575,"UVM",0.0239508896103172,"MDRi","MDR injury","Adverse"
"MDR_resolution","OS",79,22,1.84523090159464,0.883801358151392,1.19872967068652,2.84040444101944,0.00537597021888677,0.645877378435518,"UVM",0.0497477841150716,"MDRi","MDR resolution","Adverse"
"MDR_apc_ifn","OS",79,22,1.93978138978753,0.955894072185288,1.33820126741413,2.811798144114,0.000468784744862063,0.698731501057082,"UVM",0.0107646867338696,"MDRi","MDR APC/IFN","Adverse"
"MDR_axis","OS",79,22,0.958802954493174,-0.0606937403161664,0.622973245786286,1.47567028241243,0.848345126040541,0.453488372093023,"UVM",0.953044340416241,"MDRi","MDR axis","Protective"
"Macrophage_TIMER","OS",79,22,0.989497365792978,-0.0152322283042828,0.449048283643209,2.18040035465137,0.979103976394592,0.554968287526427,"UVM",0.99515486125352,"Benchmark infiltration","Macrophage
TIMER","Protective"
"Macrophage/Monocyte_MCPCOUNTER","OS",79,22,1.28172736531071,0.35808942065908,0.87077199111888,1.88663054822815,0.208244307336197,0.572938689217759,"UVM",0.468342292260736,"Benchmark infiltration","Mac/Mono
MCPcounter","Adverse"
"Monocyte_MCPCOUNTER","OS",79,22,1.28172736531071,0.35808942065908,0.87077199111888,1.88663054822815,0.208244307336197,0.572938689217759,"UVM",0.468342292260736,"Benchmark infiltration","Monocyte
MCPcounter","Adverse"
"Myeloid dendritic cell_MCPCOUNTER","OS",79,22,1.29104092167438,0.368534729972012,0.965252480930899,1.72678826976997,0.0851392453224554,0.669133192389006,"UVM",0.283797484408185,"Benchmark infiltration","myDC
MCPcounter","Adverse"
"Macrophage_XCELL","OS",79,22,1.72323456249997,0.785119091071393,1.17826361703367,2.52026568118127,0.00502073909916114,0.663319238900634,"UVM",0.0482213642661147,"Benchmark infiltration","Macrophage
xCell","Adverse"
"Macrophage M1_XCELL","OS",79,22,1.4009869414679,0.486443508540109,0.885022469490544,2.21775658565306,0.150215699898414,0.486257928118393,"UVM",0.401303732289232,"Benchmark infiltration","M1 macrophage
xCell","Adverse"
"Macrophage M2_XCELL","OS",79,22,1.7995331663084,0.847622692108552,1.2487499188877,2.59324911070138,0.00162398077376071,0.644291754756871,"UVM",0.0240257390641403,"Benchmark infiltration","M2 macrophage
xCell","Adverse"
"Monocyte_XCELL","OS",79,22,1.47549590538126,0.561199917181751,1.0107404301336,2.15395377674671,0.0438720099686797,0.466173361522199,"UVM",0.187590663314355,"Benchmark infiltration","Monocyte
xCell","Adverse"
"Myeloid dendritic cell_XCELL","OS",79,22,1.50894153742315,0.593536911031205,1.13957855619189,1.99802334906128,0.00407736246011187,0.670718816067653,"UVM",0.042431985475025,"Benchmark infiltration","myDC
xCell","Adverse"
"immune score_XCELL","OS",79,22,1.76082136473409,0.816248555231323,1.24217028193095,2.49602805960252,0.00148235482470587,0.642706131078224,"UVM",0.0239508896103172,"Benchmark infiltration","Immune score
xCell","Adverse"
"stroma score_XCELL","OS",79,22,1.31777375920152,0.398102703809584,0.903297059189718,1.92243256276936,0.152107059819306,0.476215644820296,"UVM",0.401303732289232,"Benchmark infiltration","Stroma score
xCell","Adverse"
"microenvironment score_XCELL","OS",79,22,1.84904377781705,0.886779382282343,1.30301000600291,2.62389611479032,0.000577082027948768,0.659619450317125,"UVM",0.0127782449045799,"Benchmark infiltration","Microenv score
xCell","Adverse"
"Macrophage_EPIC","OS",79,22,1.24978435012284,0.32167917980866,0.898484527340587,1.7384394213612,0.185429686736571,0.604651162790698,"UVM",0.449369016471853,"Benchmark infiltration","Macrophage
EPIC","Adverse"
"Macrophage M1_QUANTISEQ","OS",79,22,1.38007297070086,0.464744550833188,1.01588033183853,1.87482850564906,0.0393264526554396,0.560782241014799,"UVM",0.174160004616947,"Benchmark infiltration","M1 macrophage
quanTIseq","Adverse"
"Macrophage M2_QUANTISEQ","OS",79,22,1.68583533166298,0.75346362418315,1.20960993248255,2.34955144560556,0.00204571917683833,0.643763213530655,"UVM",0.0268204766282485,"Benchmark infiltration","M2 macrophage
quanTIseq","Adverse"
"Monocyte_QUANTISEQ","OS",79,22,1.20975817515873,0.274718688519199,0.883767521852378,1.65599527723744,0.234573762241616,0.498414376321353,"UVM",0.496367688019802,"Benchmark infiltration","Monocyte
quanTIseq","Adverse"
"Macrophage M0_CIBERSORT","OS",79,22,1.29431464091527,0.372188371356361,0.911515701652893,1.83787332094204,0.149279171965819,0.608879492600423,"UVM",0.400832803147635,"Benchmark infiltration","M0 macrophage
CIBERSORT","Adverse"
"Macrophage M1_CIBERSORT","OS",79,22,1.52426980398669,0.608118290247476,1.10739253393139,2.09808027790945,0.00971769353021841,0.625792811839323,"UVM",0.076265442895385,"Benchmark infiltration","M1 macrophage
CIBERSORT","Adverse"
"Macrophage M2_CIBERSORT","OS",79,22,0.784541402777897,-0.35007851001877,0.526336983738908,1.16941281287206,0.23345686002992,0.578224101479915,"UVM",0.496367688019802,"Benchmark infiltration","M2 macrophage
CIBERSORT","Protective"
"MDR_injury","DSS",79,20,2.06646460549235,1.04716465337228,1.28229614165265,3.33017922072904,0.00287063897773443,0.666666666666667,"UVM",0.0382027165076728,"MDRi","MDR injury","Adverse"
"MDR_resolution","DSS",79,20,1.77992424736939,0.831815842163528,1.14287545806695,2.77206961091985,0.0107480187610705,0.628378378378378,"UVM",0.0846590518851447,"MDRi","MDR resolution","Adverse"
"MDR_apc_ifn","DSS",79,20,1.8886746298105,0.91737418378548,1.28622332872998,2.77330676377327,0.00117797736270068,0.682432432432432,"UVM",0.026051422444342,"MDRi","MDR APC/IFN","Adverse"
"MDR_axis","DSS",79,20,0.971850945639625,-0.0411930325750395,0.624169185962736,1.51320232043147,0.899424220765601,0.441441441441441,"UVM",0.966670891477048,"MDRi","MDR axis","Protective"
"Macrophage_TIMER","DSS",79,20,1.03316384431108,0.0470690621711504,0.473759060626093,2.25310208902601,0.934635056139676,0.445945945945946,"UVM",0.981618310549099,"Benchmark infiltration","Macrophage
TIMER","Adverse"
"Macrophage/Monocyte_MCPCOUNTER","DSS",79,20,1.25423415594047,0.326806713433694,0.835027254339856,1.88389457919113,0.275116282477983,0.554054054054054,"UVM",0.551191158274705,"Benchmark infiltration","Mac/Mono
MCPcounter","Adverse"
"Monocyte_MCPCOUNTER","DSS",79,20,1.25423415594047,0.326806713433694,0.835027254339856,1.88389457919113,0.275116282477983,0.554054054054054,"UVM",0.551191158274705,"Benchmark infiltration","Monocyte
MCPcounter","Adverse"
"Myeloid dendritic cell_MCPCOUNTER","DSS",79,20,1.2606680957598,0.334188498006288,0.924408954338353,1.71924345843682,0.143357343517849,0.652027027027027,"UVM",0.403032327495276,"Benchmark infiltration","myDC
MCPcounter","Adverse"
"Macrophage_XCELL","DSS",79,20,1.6563789418092,0.728032766392897,1.11294194644761,2.46517009052107,0.0128674329642652,0.646959459459459,"UVM",0.0948560763391342,"Benchmark infiltration","Macrophage
xCell","Adverse"
"Macrophage M1_XCELL","DSS",79,20,1.27505969012995,0.350564786408654,0.770595256648306,2.10976799995574,0.344284212161909,0.457207207207207,"UVM",0.597554008331286,"Benchmark infiltration","M1 macrophage
xCell","Adverse"
"Macrophage M2_XCELL","DSS",79,20,1.83212810706156,0.873520383871946,1.25644248199166,2.67158540784461,0.0016542480454466,0.635698198198198,"UVM",0.0297247695666186,"Benchmark infiltration","M2 macrophage
xCell","Adverse"
"Monocyte_XCELL","DSS",79,20,1.33499746036247,0.416836997399003,0.866417698180917,2.05699655364391,0.190230884651152,0.434684684684685,"UVM",0.456747753841904,"Benchmark infiltration","Monocyte
xCell","Adverse"
"Myeloid dendritic cell_XCELL","DSS",79,20,1.42300615304942,0.50894190006165,1.04500660798102,1.93773560487694,0.025128117727856,0.653716216216216,"UVM",0.143219908980678,"Benchmark infiltration","myDC
xCell","Adverse"
"immune score_XCELL","DSS",79,20,1.59329962010164,0.672017591275612,1.07558831722961,2.3602001237376,0.0201563174568063,0.621621621621622,"UVM",0.129144828726743,"Benchmark infiltration","Immune score
xCell","Adverse"
"stroma score_XCELL","DSS",79,20,1.37032529487976,0.454518408224389,0.938843410564921,2.00011140585989,0.102493269290103,0.490427927927928,"UVM",0.331087808100052,"Benchmark infiltration","Stroma score
xCell","Adverse"
"microenvironment score_XCELL","DSS",79,20,1.68252139924915,0.750624853955533,1.13970167489443,2.48387654531923,0.00884634831596965,0.63963963963964,"UVM",0.0736083801797143,"Benchmark infiltration","Microenv score
xCell","Adverse"
"Macrophage_EPIC","DSS",79,20,1.24984138340108,0.321745014966774,0.889145558934677,1.75685911937022,0.199256540366259,0.594594594594595,"UVM",0.466150214732383,"Benchmark infiltration","Macrophage
EPIC","Adverse"
"Macrophage M1_QUANTISEQ","DSS",79,20,1.35954059930495,0.443119234511883,0.987155782349163,1.87240015629539,0.0599986706189492,0.539977477477477,"UVM",0.24205403263484,"Benchmark infiltration","M1 macrophage
quanTIseq","Adverse"
"Macrophage M2_QUANTISEQ","DSS",79,20,1.73084253328509,0.791474478729794,1.23071252444064,2.43421255210704,0.00161549577122424,0.63963963963964,"UVM",0.0297247695666186,"Benchmark infiltration","M2 macrophage
quanTIseq","Adverse"
"Monocyte_QUANTISEQ","DSS",79,20,1.21394990121556,0.279708883900625,0.888513978602326,1.65858320538684,0.223372582339474,0.5,"UVM",0.496203850624855,"Benchmark infiltration","Monocyte
quanTIseq","Adverse"
"Macrophage M0_CIBERSORT","DSS",79,20,1.32637177948414,0.407485216808028,0.933470274806867,1.88464715470014,0.11505990998517,0.633445945945946,"UVM",0.35379384086349,"Benchmark infiltration","M0 macrophage
CIBERSORT","Adverse"
"Macrophage M1_CIBERSORT","DSS",79,20,1.40301843772576,0.48853396821707,0.986591800119236,1.99521295064538,0.059453107032438,0.603603603603604,"UVM",0.24205403263484,"Benchmark infiltration","M1 macrophage
CIBERSORT","Adverse"
"Macrophage M2_CIBERSORT","DSS",79,20,0.829081567255595,-0.270414049998323,0.546320223176597,1.25819293520972,0.378457355316735,0.560810810810811,"UVM",0.627126741519085,"Benchmark infiltration","M2 macrophage
CIBERSORT","Protective"
"MDR_injury","PFI",78,28,1.67043944293133,0.740227682782891,1.12278930302792,2.48521064902892,0.0113624123212057,0.625318606627018,"UVM",0.126269388537269,"MDRi","MDR injury","Adverse"
"MDR_resolution","PFI",78,28,1.45020495151638,0.536256804820568,0.985564351858107,2.13389861092035,0.0592709829006599,0.604927782497876,"UVM",0.309376569837535,"MDRi","MDR resolution","Adverse"
"MDR_apc_ifn","PFI",78,28,1.5833671078244,0.662995786893635,1.13794729253434,2.2031349031612,0.00639686814500886,0.639762107051827,"UVM",0.0956294460901905,"MDRi","MDR APC/IFN","Adverse"
"MDR_axis","PFI",78,28,1.07349541814885,0.102316033555291,0.73532896915962,1.56717940013108,0.713335880296574,0.536108751062022,"UVM",0.911852359043301,"MDRi","MDR axis","Adverse"
"Macrophage_TIMER","PFI",78,28,0.708478869310247,-0.497203270108118,0.284140767730381,1.766526895343,0.4597178775515,0.547153780798641,"UVM",0.803922887393359,"Benchmark infiltration","Macrophage
TIMER","Protective"
"Macrophage/Monocyte_MCPCOUNTER","PFI",78,28,1.30243187775708,0.381207915926285,0.923520335266562,1.83680719462253,0.131969169849818,0.590484282073067,"UVM",0.470442283921229,"Benchmark infiltration","Mac/Mono
MCPcounter","Adverse"
"Monocyte_MCPCOUNTER","PFI",78,28,1.30243187775708,0.381207915926285,0.923520335266562,1.83680719462253,0.131969169849818,0.590484282073067,"UVM",0.470442283921229,"Benchmark infiltration","Monocyte
MCPcounter","Adverse"
"Myeloid dendritic cell_MCPCOUNTER","PFI",78,28,1.46355782491039,0.549479747498222,1.13935756231322,1.88000815346111,0.00287186950136359,0.604927782497876,"UVM",0.0618349402012347,"Benchmark infiltration","myDC
MCPcounter","Adverse"
"Macrophage_XCELL","PFI",78,28,1.26464568174426,0.338733238838985,0.859450397076132,1.86087376978981,0.233495941801197,0.566694987255735,"UVM",0.611706098482985,"Benchmark infiltration","Macrophage
xCell","Adverse"
"Macrophage M1_XCELL","PFI",78,28,1.02538264006143,0.0361623779314369,0.633241930958932,1.66035997797427,0.918810415622131,0.478759558198811,"UVM",0.97291363010231,"Benchmark infiltration","M1 macrophage
xCell","Adverse"
"Macrophage M2_XCELL","PFI",78,28,1.19615012545495,0.258398469517037,0.81143138214871,1.76327309258996,0.36567295109514,0.534834324553951,"UVM",0.74098066810109,"Benchmark infiltration","M2 macrophage
xCell","Adverse"
"Monocyte_XCELL","PFI",78,28,1.25473533178673,0.327383080680216,0.85138447474133,1.84917719261005,0.251446559857953,0.45964316057774,"UVM",0.636936322581359,"Benchmark infiltration","Monocyte
xCell","Adverse"
"Myeloid dendritic cell_XCELL","PFI",78,28,1.19426749079824,0.256126006139802,0.869414433048684,1.64050053157751,0.273060881450788,0.563721325403568,"UVM",0.663263813294402,"Benchmark infiltration","myDC
xCell","Adverse"
"immune score_XCELL","PFI",78,28,1.23276000304455,0.30189195941718,0.821551165070291,1.84979011620824,0.312190118358935,0.530161427357689,"UVM",0.696113241259891,"Benchmark infiltration","Immune score
xCell","Adverse"
"stroma score_XCELL","PFI",78,28,0.998451232072882,-0.00223613187993667,0.639917442758801,1.55786480601313,0.994551483107865,0.535259133389975,"UVM",0.998145288522339,"Benchmark infiltration","Stroma score
xCell","Protective"
"microenvironment score_XCELL","PFI",78,28,1.24401277990849,0.315001306542386,0.820537844268902,1.886040732167,0.303776215069942,0.564146134239592,"UVM",0.688289338049112,"Benchmark infiltration","Microenv score
xCell","Adverse"
"Macrophage_EPIC","PFI",78,28,1.14008204049961,0.189137644708657,0.816357716392614,1.5921783220392,0.44170934864791,0.579439252336449,"UVM",0.78860523188442,"Benchmark infiltration","Macrophage
EPIC","Adverse"
"Macrophage M1_QUANTISEQ","PFI",78,28,1.38281617027677,0.467609379295614,1.06752890267486,1.79122134865638,0.014092452490146,0.574341546304163,"UVM",0.144920892025531,"Benchmark infiltration","M1 macrophage
quanTIseq","Adverse"
"Macrophage M2_QUANTISEQ","PFI",78,28,1.57526118618214,0.655591054497844,1.15696892322026,2.14478345519013,0.003902570902389,0.67714528462192,"UVM",0.0707597724143691,"Benchmark infiltration","M2 macrophage
quanTIseq","Adverse"
"Monocyte_QUANTISEQ","PFI",78,28,1.25439397949696,0.326990540322519,0.959108629032221,1.64059023990427,0.0979070639221434,0.497875955819881,"UVM",0.399159568297969,"Benchmark infiltration","Monocyte
quanTIseq","Adverse"
"Macrophage M0_CIBERSORT","PFI",78,28,1.27421946531802,0.349613781721149,0.929322283064964,1.7471175235791,0.132375297495834,0.550977060322855,"UVM",0.470442283921229,"Benchmark infiltration","M0 macrophage
CIBERSORT","Adverse"
"Macrophage M1_CIBERSORT","PFI",78,28,1.51467963518989,0.599012686373225,1.13515565420532,2.02109233985631,0.00478162879825138,0.635089209855565,"UVM",0.080744216252117,"Benchmark infiltration","M1 macrophage
CIBERSORT","Adverse"
"Macrophage M2_CIBERSORT","PFI",78,28,0.974094549397819,-0.037866282202853,0.671576577718949,1.412884580325,0.889977944700158,0.473237043330501,"UVM",0.965661108501431,"Benchmark infiltration","M2 macrophage
CIBERSORT","Protective"
